Andorra_47Tolkien,0.1246082,0.1481431,0.0467448,0.0057543,0.0449128,0.0018658,-0.0002428,0.0027377,0.0231667,0.0332686,-0.0031674,0.0080261,-0.0162685,-0.0130011,0.0084725,0.0013787,-0.0017738,0.001236,-0.0005627,-0.0016969,0.0029924,0.0006774,-0.0011118,-0.0036664,0.000003
Sicily_47Tolkien,0.1009151,0.1461304,-0.0052142,-0.0423803,0.0172211,-0.0147115,-0.0013561,-0.0016394,0.0086639,0.0208736,0.003242,0.002195,-0.0035378,-0.0003834,-0.0064722,-0.0033414,0.0010241,0.000271,0.0004172,-0.0036225,-0.0019323,0.0006886,-0.0011203,0.0014299,-0.0001432
SanMarino_47Tolkien,0.1185339,0.1464337,0.014079,-0.0234332,0.0249105,-0.0069161,0.0001469,-0.0010608,0.0069638,0.0221821,0.0001365,0.0064234,-0.0089052,-0.0040428,-0.0035297,-0.0018038,0.0007342,0.0004197,0.0023036,-0.0038621,-0.0008899,0.0021072,0.0004708,0.004096,-0.0019759
South_Aegean_47Tolkien,0.1089217,0.1447138,-0.0147325,-0.0472705,0.0075551,-0.0167014,-0.0008667,-0.0033398,-0.0026989,0.0179414,0.0031017,0.0028315,-0.0050006,0.0013393,-0.0120428,0.0000065,0.0076484,0.0008596,0.0026919,-0.0040516,-0.0028048,0.0004224,-0.000218,0.0000763,-0.0003664
Ionian_47Tolkien,0.1139346,0.1466988,-0.0030204,-0.0364786,0.0139358,-0.0114859,0.0006378,-0.0015224,0.0005764,0.0157203,0.0021959,0.0015542,-0.0032342,0.0037833,-0.0103482,-0.0015629,0.0037718,0.0010661,0.0033221,-0.0042047,-0.0040323,0.0003928,0.0010915,-0.0000591,-0.0007149
North_Aegean_47Tolkien,0.1128649,0.1442738,-0.0054029,-0.0394093,0.0106507,-0.014113,-0.0005945,-0.0021694,-0.0010435,0.0181245,0.0025423,0.0022794,-0.0047028,0.001677,-0.009617,-0.0003038,0.0076361,0.0003358,0.0024188,-0.0040607,-0.0012462,0.0004005,0.0004102,-0.0008324,-0.0010097
Peloponnese_47Tolkien,0.1155724,0.1458769,0.0049761,-0.0280654,0.018034,-0.0103286,0.0016897,0.0003292,0.0009533,0.0150896,0.0019086,0.0014925,-0.0024835,0.0059737,-0.0135865,-0.0022434,0.0060651,0.0005055,0.0049798,-0.0049675,-0.0057164,0.0010547,0.0028853,0.0006694,-0.0014954
Austrian_Tirol_47Tolkien,0.1269178,0.1426065,0.0426123,0.0121661,0.0377759,0.0039886,0.0038463,0.0042438,0.0083361,0.0146388,-0.0040504,0.0036144,-0.0094765,0.0005032,0.0020054,0.0013587,0.0010669,0.001286,0.0041455,-0.0010186,-0.0004201,0.0006274,0.0006754,0.002457,-0.0016694
Austrian_Salzburg_47Tolkien,0.1269178,0.1426065,0.0426123,0.0121661,0.0377759,0.0039886,0.0038463,0.0042438,0.0083361,0.0146388,-0.0040504,0.0036144,-0.0094765,0.0005032,0.0020054,0.0013587,0.0010669,0.001286,0.0041455,-0.0010186,-0.0004201,0.0006274,0.0006754,0.002457,-0.0016694
Austria_Vorarlberg_47Tolkien,0.1280108,0.1401563,0.0477933,0.0250272,0.0392121,0.0093694,0.0036169,0.0053464,0.0073752,0.0086655,-0.0032372,0.0034157,-0.0100723,-0.0025388,0.0067309,0.0019648,-0.0010203,0.0008054,0.0046691,-0.0001133,0.0013049,0.0008717,-0.0006715,0.0059142,-0.0011408
Flemish_Belgium_Limburg_47Tolkien,0.1297106,0.1406613,0.0531409,0.0291372,0.0405167,0.0110846,0.0036803,0.0044166,0.0065119,0.0112109,-0.0044156,0.0057696,-0.013075,-0.0075174,0.0109287,0.0031946,-0.0032536,0.001908,0.0037609,0.0002348,0.0027722,0.0019064,0.0005432,0.0095206,0.0000503
Luxembourg_inaccurate_47Tolkien,0.1282303,0.1409224,0.0512506,0.0271453,0.0392986,0.0100838,0.0033794,0.0040464,0.0083449,0.0113365,-0.0036574,0.0048973,-0.0110229,-0.0063991,0.0103207,0.0040066,-0.0037047,0.0021401,0.0039182,-0.0003097,0.0016277,0.0007539,0.0001761,0.0083952,-0.000393
Monaco_47Tolkien,0.1182337,0.1452206,0.0317098,-0.0040106,0.0333137,-0.0006158,0.0026144,0.00275,0.0096895,0.0230681,-0.0068337,0.0054824,-0.0126732,-0.0048914,0.0022563,-0.0050382,-0.0031675,0.0016153,0.002844,-0.0001879,0.0009304,0.002035,0.0022698,0.0039312,0.000055
Dutch_Drenthe_47Tolkien,0.1319384,0.1353696,0.0628255,0.0533101,0.0395515,0.0184535,0.0058438,0.0077065,0.0032638,-0.000657,-0.0059385,0.0044569,-0.0110383,-0.0076567,0.0210183,0.0077139,-0.0077121,0.0030862,0.002864,0.0031798,0.0062202,0.0019242,0.0008899,0.0146788,-0.0004048
Swiss_Fribourg_47Tolkien,0.1273118,0.1438913,0.0423281,0.013215,0.0408986,0.006707,0.0013414,0.0034646,0.0112046,0.0175546,-0.0009106,0.0060988,-0.0156304,-0.0116216,0.0084919,0.0014627,0.0034204,-0.0010356,0.004076,-0.0005601,0.0040975,0.0035601,0.0004467,0.0038196,-0.0010146
Swiss_Valais_47Tolkien,0.1273063,0.1437016,0.0425064,0.013815,0.040846,0.0067515,0.0014452,0.0035806,0.0110833,0.0171794,-0.0009425,0.0059997,-0.015564,-0.0114411,0.0085209,0.001321,0.0029538,-0.0009197,0.004159,-0.0006034,0.0039593,0.0035426,0.0002033,0.0040683,-0.0011217
Swiss_Graubunden_47Tolkien,0.1261755,0.1413716,0.0412606,0.0153499,0.0379909,0.0053274,0.0023401,0.0048382,0.0098356,0.0139138,-0.001052,0.0044489,-0.0139652,-0.0082118,0.0068779,-0.0000648,-0.0019703,0.0002418,0.0047539,-0.0014211,0.0020122,0.0027178,-0.0028319,0.007177,-0.0022185
Latvian_Riga_47Tolkien,0.1335159,0.1202995,0.0851451,0.080401,0.0418003,0.0298419,0.0114483,0.0149251,-0.0016795,-0.0034196,-0.0021836,-0.0123372,0.0218727,0.0282167,-0.010483,0.0009725,0.0037566,-0.0010059,0.0011801,0.0032884,-0.002602,-0.0057308,0.0081646,-0.0078463,0.0013426
Lithuanian_Vilnius_47Tolkien,0.1344251,0.1241231,0.0814628,0.0775684,0.0426387,0.0292661,0.0105195,0.0143099,-0.0041159,-0.0293286,-0.003266,-0.0107867,0.0213644,0.0283245,-0.0135856,0.0026105,0.005644,-0.0001822,0.0044341,0.0021245,-0.00569,-0.0046632,0.0097274,-0.0065956,-0.0003279
Belarusian_Minsk_City_47Tolkien_(n=23),0.1319853,0.12327648,0.073735304,0.067942348,0.039846826,0.025936913,0.010391435,0.013243652,-0.00033791304,-0.024372,-0.0026758261,-0.0096305652,0.01875713,0.025729478,-0.011677783,-0.0021156957,0.0012075652,0.00069413043,0.0040824783,-0.0011961739,-0.0054306522,-0.0051826087,0.0074163478,-0.006318087,-0.00044769565
Belarusian_Minsk_Province_47Tolkien,0.1319954,0.1233243,0.0736236,0.0678183,0.03982,0.0259007,0.0104367,0.0132245,-0.0003612,-0.024395,-0.0027613,-0.0095627,0.0186666,0.0258578,-0.0116639,-0.00231,0.0010885,0.0005602,0.0040271,-0.0010388,-0.0052885,-0.0051658,0.0072916,-0.006299,-0.0003391
Belarusian_Brest_47Tolkien,0.1319552,0.1234229,0.073507,0.0675327,0.039778,0.0256601,0.0104106,0.0130652,-0.0003886,-0.0242706,-0.0028183,-0.0094814,0.0184467,0.0256293,-0.011753,-0.0022313,0.0013389,0.000441,0.0039335,-0.0009457,-0.0052254,-0.0050808,0.0072315,-0.0061814,-0.0002708
Belarusian_Hrodna_47Tolkien,0.1311044,0.1249933,0.0709805,0.0686778,0.0409304,0.0252313,0.0114033,0.0136961,-0.0048893,-0.0235758,-0.0048087,-0.0090376,0.016813,0.0227774,-0.011906,-0.0033199,0.0029001,-0.0004017,0.0048829,0.0001649,-0.0036402,-0.0044284,0.0106601,-0.0030008,0.0005824
Belarusian_Vitsyebsk_47Tolkien,0.1319938,0.1228369,0.0745877,0.0686458,0.0399225,0.0260127,0.0105038,0.0134538,-0.0003917,-0.0248591,-0.0025666,-0.009799,0.018939,0.0257623,-0.0115131,-0.0019994,0.0013948,0.0003638,0.0038636,-0.000853,-0.0051067,-0.0052258,0.0072424,-0.006462,-0.0003038
Belarusian_Mahilyow_47Tolkien,0.1319954,0.1233243,0.0736236,0.0678183,0.03982,0.0259007,0.0104367,0.0132245,-0.0003612,-0.024395,-0.0027613,-0.0095627,0.0186666,0.0258578,-0.0116639,-0.00231,0.0010885,0.0005602,0.0040271,-0.0010388,-0.0052885,-0.0051658,0.0072916,-0.006299,-0.0003391
Belarusian_Homyel_47Tolkien,0.1320054,0.1233722,0.073512,0.0676942,0.0397931,0.0258644,0.0104819,0.0132054,-0.0003845,-0.0244181,-0.0028467,-0.0094948,0.0185762,0.025986,-0.01165,-0.0025043,0.0009695,0.0004262,0.0039717,-0.0008815,-0.0051463,-0.0051491,0.0071669,-0.0062799,-0.0002305
Romanian_Mures_47Tolkien,0.1277477,0.1335662,0.0436628,0.019728,0.0308526,0.0078271,0.0057484,0.0060508,0.0005044,0.0009206,-0.0020998,-0.0010505,0.0020073,0.0115282,-0.0096096,-0.0015766,0.0036456,0.0003267,0.0040498,-0.0018895,-0.0038191,-0.0021352,0.0026226,0.0013152,-0.0005736
Romanian_Bihor_47Tolkien,0.1257683,0.1333418,0.0393963,0.0142012,0.0292474,0.0053567,0.0052621,0.0052751,0.0005829,0.0026962,-0.0017852,-0.0009534,0.0018935,0.011308,-0.0109792,-0.0019105,0.0037839,0.0006264,0.003829,-0.0023388,-0.0047102,-0.0018573,0.0029645,0.0016576,-0.0005887
Romanian_SatuMare_47Tolkien,0.1264281,0.1334166,0.0408185,0.0160435,0.0297825,0.0061801,0.0054242,0.0055336,0.0005567,0.0021043,-0.00189,-0.0009857,0.0019314,0.0113814,-0.0105226,-0.0017992,0.0037378,0.0005265,0.0039026,-0.002189,-0.0044132,-0.0019499,0.0028505,0.0015435,-0.0005837
Romanian_Salaj_47Tolkien,0.1253725,0.1332969,0.038543,0.0130959,0.0289263,0.0048626,0.0051648,0.0051199,0.0005986,0.0030513,-0.0017222,-0.000934,0.0018707,0.011264,-0.0112531,-0.0019773,0.0038116,0.0006864,0.0037848,-0.0024286,-0.0048884,-0.0018017,0.0030328,0.001726,-0.0005917
Romanian_Cluj_47Tolkien,0.1249766,0.133252,0.0376896,0.0119905,0.0286053,0.0043685,0.0050675,0.0049648,0.0006143,0.0034064,-0.0016593,-0.0009145,0.001848,0.01122,-0.011527,-0.0020441,0.0038393,0.0007463,0.0037406,-0.0025185,-0.0050667,-0.0017461,0.0031012,0.0017945,-0.0005947
Romanian_Maramures_47Tolkien,0.1244264,0.1327011,0.0373189,0.0119624,0.0281506,0.0043656,0.0051512,0.0049372,0.0005922,0.0028452,-0.0014762,-0.0010951,0.0023081,0.0112037,-0.0114167,-0.0020986,0.0038223,0.0006679,0.0036165,-0.0026088,-0.005324,-0.0017229,0.0034362,0.0015543,-0.0007022
Romanian_Bistrita_47Tolkien,0.1241848,0.1331622,0.035983,0.0097798,0.0279632,0.0033804,0.004873,0.0046545,0.0006457,0.0041166,-0.0015335,-0.0008757,0.0018025,0.0111319,-0.0120749,-0.0021776,0.0038946,0.0008662,0.0036523,-0.0026982,-0.0054231,-0.0016349,0.0032379,0.0019314,-0.0006007
Romanian_Brasov_47Tolkien,0.1241848,0.1331622,0.035983,0.0097798,0.0279632,0.0033804,0.004873,0.0046545,0.0006457,0.0041166,-0.0015335,-0.0008757,0.0018025,0.0111319,-0.0120749,-0.0021776,0.0038946,0.0008662,0.0036523,-0.0026982,-0.0054231,-0.0016349,0.0032379,0.0019314,-0.0006007
Romanian_Arad_47Tolkien,0.1241848,0.1331622,0.035983,0.0097798,0.0279632,0.0033804,0.004873,0.0046545,0.0006457,0.0041166,-0.0015335,-0.0008757,0.0018025,0.0111319,-0.0120749,-0.0021776,0.0038946,0.0008662,0.0036523,-0.0026982,-0.0054231,-0.0016349,0.0032379,0.0019314,-0.0006007
Slovak_Nitriansky_47Tolkien,0.1311491,0.1304219,0.0611401,0.0477443,0.0396686,0.0182539,0.0066852,0.008226,-0.0004301,-0.00988,-0.0023092,-0.003684,0.0076971,0.0100415,-0.0083984,0.0068225,0.0105392,0.0000732,0.0044337,0.0018796,-0.0022643,-0.0011924,0.0034135,0.0014615,-0.0017173
Slovak_Trnavsky_47Tolkien,0.1309848,0.1301319,0.0614451,0.0484023,0.0398902,0.0184611,0.0066407,0.0081961,-0.0005691,-0.010346,-0.0022642,-0.0038764,0.0080853,0.0100104,-0.0086278,0.0073363,0.0111216,0.0001051,0.0044311,0.0020873,-0.0022897,-0.0011683,0.0035319,0.0015066,-0.0018169
Slovak_Kosice_47Tolkien,0.1306692,0.129521,0.062727,0.0502898,0.0407055,0.0190965,0.0065127,0.0081192,-0.0008609,-0.0116758,-0.002274,-0.0045463,0.0091753,0.0107388,-0.0093082,0.0083044,0.0124109,0.0002608,0.0045258,0.0026359,-0.0022772,-0.001496,0.0039407,0.0016509,-0.0019016
Slovak_Banskobystricky_47Tolkien,0.1306692,0.129521,0.062727,0.0502898,0.0407055,0.0190965,0.0065127,0.0081192,-0.0008609,-0.0116758,-0.002274,-0.0045463,0.0091753,0.0107388,-0.0093082,0.0083044,0.0124109,0.0002608,0.0045258,0.0026359,-0.0022772,-0.001496,0.0039407,0.0016509,-0.0019016
Slovak_Bratislava_47Tolkien,0.1304918,0.1292621,0.06236,0.0503761,0.0405552,0.0190828,0.006507,0.0081065,-0.000986,-0.0117439,-0.002129,-0.0044535,0.00925,0.009917,-0.0093162,0.008878,0.0128688,0.0002005,0.0044233,0.0027105,-0.0023662,-0.0010958,0.0038871,0.0016419,-0.0021159
Armenian_VayotsDzor_47Tolkien,0.1065871,0.1318373,-0.052797,-0.0514608,-0.0327751,-0.0124308,0.0031641,-0.0094942,-0.0360841,-0.0112468,0.0036421,0.0013005,-0.0011682,0.0044382,-0.0028017,-0.0023012,-0.006049,0.0010951,0.0018138,-0.0051676,0.0018762,0.0032548,-0.0000399,-0.001489,0.0023733
Armenian_Kotayk_47Tolkien,0.1050374,0.1364228,-0.0570027,-0.0557045,-0.0348702,-0.0107286,0.0034471,-0.009128,-0.0340755,-0.0076878,0.0020474,0.0027056,-0.0043831,0.0029731,-0.0038163,-0.0010106,0.0003768,0.0008183,0.0041017,-0.0013031,0.0021027,0.0024918,0.0028354,-0.0016778,0.0051722
Armenian_Tayush_47Tolkien,0.1056278,0.1313078,-0.0528726,-0.0523906,-0.0337906,-0.0115741,0.0054521,-0.0107996,-0.0375303,-0.0119731,0.0030691,0.0018734,-0.0030923,0.001734,-0.003936,-0.0035798,-0.0036508,-0.0002785,0.0027404,-0.0033265,0.0035937,0.0042413,0.0008502,-0.0022895,0.0045861
Ukranian_Vinnytsya_47Tolkien,0.1309999,0.1202478,0.0667161,0.0569214,0.0362794,0.0212653,0.0098277,0.0145116,-0.0031702,-0.0200999,-0.0020668,-0.0099082,0.0144504,0.0206654,-0.0114529,-0.0015549,0.0057457,-0.0013762,0.0014169,0.0020494,-0.0052522,-0.0039231,0.0044035,-0.0035654,0.0019322
Ukranian_Khmelnytskyi_47Tolkien,0.132009,0.1256384,0.0663294,0.0574532,0.0370348,0.0219162,0.0086276,0.0110653,-0.002852,-0.0187201,-0.0023522,-0.007101,0.0135527,0.0207611,-0.0117371,-0.0004214,0.0066192,-0.0011639,0.0015136,0.0006298,-0.0072205,-0.0029108,0.0053354,-0.0034982,0.0019933
Ukranian_Chernivtsi_47Tolkien,0.1311358,0.1240831,0.0646519,0.0556686,0.03544,0.0214048,0.0091839,0.0110457,-0.0022668,-0.0189242,-0.0015317,-0.0066889,0.0127399,0.0179911,-0.0088067,-0.0000931,0.0060214,-0.0016691,0.001598,0.0001633,-0.0062237,-0.0033664,0.0053042,-0.004353,0.0007426
Ukranian_Kherson_47Tolkien,0.1314655,0.131003,0.063356,0.054587,0.0373915,0.018267,0.0110455,0.0116535,-0.003375,-0.0179505,0.003329,-0.002398,0.0153865,0.0209875,-0.0090255,-0.0091485,-0.00678,0.000317,0.0038965,-0.0031265,-0.0111055,-0.0041425,0.007703,-0.0011445,-0.001557
Ukranian_Mykolayiv_47Tolkien,0.130043,0.1277028,0.0611877,0.0573325,0.035622,0.0194525,0.0088715,0.011538,-0.0002557,-0.0178593,-0.0013803,-0.0044585,0.014569,0.0179255,-0.0130292,-0.0044415,0.000326,-0.000475,0.0019482,-0.0010942,-0.008953,-0.003926,0.0054538,-0.0016265,0.0002693
Ukranian_Odessa_47Tolkien,0.1305214,0.1239753,0.0639519,0.0571269,0.0359507,0.0203589,0.0093496,0.0130248,-0.0017129,-0.0189796,-0.0017236,-0.0071833,0.0145097,0.0192954,-0.012241,-0.0029982,0.0030359,-0.0009256,0.0016826,0.0004776,-0.0071026,-0.0039245,0.0049286,-0.0025959,0.0011007
Ukranian_Luhansk_47Tolkien,0.130631,0.1184109,0.0704335,0.0593782,0.0341601,0.0239475,0.0088128,0.0112609,-0.0022837,-0.0235207,-0.0014562,-0.0094316,0.0170863,0.0246985,-0.0119797,-0.0047644,-0.0001391,-0.0002111,0.0012236,0.0005796,-0.0018843,-0.003116,0.0052092,-0.0042735,-0.0011894
Russian_Arkhangelsk_47Tolkien,0.1239849,0.061101,0.0889261,0.0766246,0.0180023,0.0200693,0.0108118,0.0148018,0.0006601,-0.0320796,0.0093454,-0.0118216,0.0203793,0.0076177,-0.0093047,-0.0026718,-0.000263,-0.0029584,-0.0027162,0.0025017,0.0042876,-0.0008299,0.0009257,0.0006508,0.001519
Russian_Vologda_47Tolkien,0.1273808,0.0841598,0.084031,0.0714283,0.0256034,0.0212123,0.0102235,0.0134917,-0.0003104,-0.0286716,0.0051,-0.010044,0.0186907,0.0130694,-0.0089597,-0.0023652,-0.0004266,-0.0019093,-0.000991,0.001218,0.0002951,-0.0022535,0.0024477,-0.0018149,0.0010652
Russian_Kirov_47Tolkien,0.1284303,0.1005372,0.0797611,0.0672917,0.033724,0.0230314,0.0098312,0.0111147,-0.0019943,-0.0266368,0.0011366,-0.0086171,0.0168605,0.0167671,-0.0122372,-0.0013591,0.0035853,-0.0022699,0.0018227,0.0068676,-0.0012168,-0.0011543,0.0043853,-0.0054222,-0.0007883
Russian_Ivanovo_47Tolkien,0.1296983,0.1104788,0.0785999,0.066385,0.0366057,0.0234487,0.0086951,0.0107058,-0.0009475,-0.0242948,-0.0005472,-0.0090037,0.0163801,0.0198575,-0.0119753,-0.0004328,0.0028339,-0.0018871,0.0030696,0.0065951,-0.0030967,-0.0022715,0.0045729,-0.0072613,0.0005452
Russian_Vladimir_47Tolkien,0.1292716,0.1086172,0.0747815,0.0651603,0.0316178,0.0224611,0.0100955,0.0118502,-0.0024557,-0.0242418,0.0005355,-0.0083856,0.0165659,0.0198174,-0.0106636,-0.0020623,0.002883,-0.0015439,0.000828,-0.0002101,-0.0045783,-0.0034203,0.0044857,-0.0033402,0.0002708
Russian_Moscow_47Tolkien,0.1287624,0.1075898,0.074078,0.0662643,0.0311553,0.024035,0.0100825,0.0121566,-0.0037922,-0.0248019,0.0004872,-0.0090566,0.016588,0.0213834,-0.0113025,-0.000208,0.0062276,-0.0013461,0.0003771,0.0009691,-0.0037971,-0.0039518,0.0065269,-0.002338,-0.0010527
Russian_Tula_47Tolkien,0.1280509,0.1158973,0.0728316,0.066215,0.0331985,0.0210214,0.0065506,0.0105281,0.0009712,-0.0227337,-0.0017253,-0.010753,0.0184711,0.0256494,-0.0109254,-0.0080219,-0.0046123,-0.003943,0.0001886,0.0024233,-0.0027453,-0.003354,0.0009858,-0.0090523,0.0017212
Russian_Bryansk_47Tolkien,0.1315415,0.1200017,0.0712947,0.0651316,0.036735,0.0241624,0.0108477,0.0125023,-0.0020256,-0.0251958,-0.0030955,-0.0081453,0.0176349,0.0244864,-0.0120876,-0.0023959,0.0002201,-0.0014358,0.0026423,0.0016164,-0.0025725,-0.0044329,0.0050182,-0.0058753,0.0000014
Russian_Petersburg_47Tolkien,0.1301209,0.1058065,0.0798956,0.0713982,0.0347364,0.0240312,0.0108043,0.0139168,-0.0010959,-0.0084668,0.0002147,-0.0101049,0.0192918,0.0210124,-0.0102853,-0.0015307,0.0023918,-0.0018272,0.0011772,0.001987,-0.0008883,-0.0039634,0.0047779,-0.004114,0.0010144
Russian_Karelia_47Tolkien,0.1262532,0.0793651,0.0856795,0.0733425,0.0242719,0.02193,0.0099964,0.0138216,-0.0005805,-0.0294539,0.0052857,-0.012408,0.0199748,0.0129772,-0.0109834,-0.0028637,0.0008013,-0.0020735,-0.000716,0.0027075,0.0036492,-0.001114,0.0018797,-0.0013847,0.0022226
Dagestan_average_47Tolkien,0.101927,0.0337676,-0.0080409,0.0022657,-0.0374935,0.0047224,0.0079879,-0.0014323,-0.0446208,-0.0280339,-0.0061639,0.0038924,-0.0087069,-0.0040752,0.0089541,-0.0044207,0.0004486,-0.0008762,-0.0030481,0.0053382,-0.00217,0.0008293,0.0022803,0.0065045,-0.0014925
Mexico_47Tolkien,0.0583823,-0.0597303,0.0773283,0.0566434,-0.02679,-0.0005323,-0.1172185,-0.1351733,-0.0053762,-0.0050669,-0.0026094,-0.000986,0.0010194,0.0093027,-0.0015106,0.0022102,0.0019614,0.0004437,0.0017547,0.0000916,-0.0010301,0.0021515,0.0010332,0.0015784,-0.0001587
Guatemala_47Tolkien,0.0579817,-0.1472209,0.0912428,0.0712689,-0.0597264,-0.0073738,-0.1780715,-0.2114876,-0.0081115,-0.0104413,-0.0015082,-0.0012301,0.0030815,0.0125731,-0.0052779,0.0050936,0.0023014,0.0008145,0.0028972,0.0003001,0.0019033,0.0045788,0.0004634,0.0014493,-0.0026534
Honduras_47Tolkien,0.0511376,-0.0636064,0.079255,0.0589869,-0.030238,0.0002817,-0.127181,-0.1455284,-0.0058819,-0.0070346,-0.0037904,-0.0008249,0.0020691,0.012418,-0.0004046,0.0022255,0.0015945,0.0008334,0.0027167,0.0021224,0.0005302,0.0023458,0.0019208,0.002649,-0.0002817
ElSalvador_47Tolkien,0.0475232,-0.0869181,0.0816276,0.0617878,-0.0394984,-0.0032495,-0.1383081,-0.1611647,-0.0066972,-0.0067679,-0.0014105,-0.0009817,0.0028817,0.0102841,-0.0034439,0.0037929,0.0018695,0.0007235,0.0026401,0.0003624,0.0015112,0.0034531,0.0006305,0.001752,-0.0021257
Nicaragua_47Tolkien,0.0124848,-0.0312142,0.0719579,0.0524096,-0.0201619,0.0021873,-0.1049692,-0.1140435,-0.0069376,-0.0032307,-0.0029685,-0.0007821,0.0029874,0.0104345,0.0005145,0.0013064,0.0017246,0.0007771,0.0024429,0.001845,0.0003932,0.0017308,0.0017333,0.0025709,-0.0003343
CostaRica_47Tolkien,0.0394452,-0.0083328,0.0700497,0.0500452,-0.0121262,0.0034806,-0.0894607,-0.0982798,-0.0046555,-0.0031707,-0.0029775,-0.000615,0.0021012,0.0094154,0.0005751,0.0013552,0.01229,0.0007064,0.0024288,0.0016586,0.0004202,0.0015165,0.0017064,0.002693,-0.0002899
Panama_47Tolkien,-0.1837896,-0.0543311,0.0613488,0.0441236,-0.0309651,0.0008385,-0.1242263,-0.1100137,-0.0161591,0.0074623,-0.0003267,0.0001194,0.0056233,0.0117241,-0.0001735,-0.0005632,0.0061071,-0.0008052,0.0043575,0.0039509,0.0001915,0.0048784,-0.0034346,-0.0037838,-0.0031469
Cuba_47Tolkien,-0.0263692,0.0751652,0.0504929,0.0308295,0.01855,0.0085505,-0.0239685,-0.0112251,-0.0049687,0.0061625,-0.0021649,-0.0003102,0.0032711,0.003676,0.0023059,-0.0010122,0.00093,0.000312,0.0017814,0.0007338,0.0003207,-0.0004768,0.0009974,0.0021977,-0.0014643
Haiti_47Tolkien,-0.5715378,0.0701341,0.0214228,0.0123592,0.0035284,0.0086006,-0.0339237,0.0397384,-0.0360808,0.0310906,0.0046342,-0.0018165,0.0189585,0.000969,0.008414,-0.0075265,0.0071441,0.0008647,0.0000558,0.0008959,-0.0010905,-0.0020722,0.0002457,0.0008138,-0.001195
DominicanRepublic_47Tolkien,-0.1788107,0.0547288,0.0473311,0.0313041,0.0053273,0.0068245,-0.0462361,-0.0202607,-0.0144549,0.0118161,0.0006793,-0.0007378,0.0076414,0.0045087,0.0036144,-0.0025218,0.0032408,0.0003597,0.001132,0.0006933,-0.0004113,-0.0001255,0.0004461,0.0014334,-0.0007106
PuertoRico_47Tolkien,-0.0366906,0.0495991,0.0570287,0.0381738,0.0067403,0.007072,-0.0504658,-0.0409743,-0.0070589,0.0055401,-0.0011784,-0.000762,0.0032911,0.0052343,0.01739,-0.0007689,0.0022158,0.0004488,0.0010111,-0.0000799,-0.000074,0.0012676,0.001396,0.0011934,-0.0011012
Colombia_47Tolkien,0.0097306,-0.0839014,0.0786828,0.0603145,-0.037644,-0.0036129,-0.1403826,-0.1576725,-0.0058832,-0.0022099,-0.0002979,0.0000574,0.0018515,0.0131378,0.0001985,0.0024676,0.0031209,-0.0003232,0.0007893,0.0008778,-0.000926,0.0025,-0.0006541,-0.0006798,-0.0007309
Venezuela_47Tolkien,-0.0304821,0.0073824,0.0628113,0.0447494,-0.0075091,0.0034561,-0.0780652,-0.0762591,-0.0071727,0.0025064,-0.0005522,-0.0002245,0.0036126,0.0074233,0.0009531,0.0005872,0.0025433,0.0000045,0.0014164,0.0003851,0.0005581,0.0007388,0.0014875,0.000791,-0.0009656
Brazil_47Tolkien,-0.031477,0.097488,0.041075,0.008392,0.02232,-0.00044,-0.026716,-0.02029,0.008671,0.021373,-0.000868,0.004381,-0.004783,-0.004516,0.004951,-0.000103,-0.001362,-0.000011,-0.002222,-0.000213,0.001654,-0.000693,0.000028,-0.00026,0.000427
Ecuador_47Tolkien,-0.0099608,-0.1163249,0.0840744,0.0574257,-0.0443132,-0.0055409,-0.1628591,-0.1761991,-0.0082308,-0.004747,-0.0047847,0.0002091,0.0029008,0.0150009,0.0007693,0.0056552,0.0041764,0.0000283,0.0032188,0.0028612,-0.0025086,0.0037748,-0.0007952,-0.0030027,-0.0020381
Peru_47Tolkien,0.0259398,-0.1634455,0.0916105,0.0745139,-0.0618807,-0.0096645,-0.198097,-0.2260607,-0.0082874,-0.0077372,-0.0021642,-0.0012241,-0.0027413,0.0184593,-0.0055652,0.004055,0.0068406,-0.0018717,0.0035001,-0.0003471,-0.0003615,0.0016419,-0.0042359,-0.0035765,-0.0032684
Bolivia_47Tolkien,0.0259398,-0.1634455,0.0916105,0.0745139,-0.0618807,-0.0096645,-0.198097,-0.2260607,-0.0082874,-0.0077372,-0.0021642,-0.0012241,-0.0027413,0.0184593,-0.0055652,0.004055,0.0068406,-0.0018717,0.0035001,-0.0003471,-0.0003615,0.0016419,-0.0042359,-0.0035765,-0.0032684
Chile_47Tolkien,0.0789388,-0.0588166,0.0809604,0.0586369,-0.0287442,-0.0008355,-0.1212102,-0.1434973,-0.0033003,-0.0064854,-0.0010803,-0.0003232,-0.000167,0.0115069,-0.0024406,0.0018795,0.0016984,-0.0000098,0.0018361,0.0016185,-0.0005167,0.0009705,0.0001802,0.0015672,-0.0004304
Argentina_47Tolkien,0.0844344,0.0510085,0.0637523,0.0422967,0.0080236,0.0056462,-0.04754,-0.0528233,0.0002592,-0.0007208,-0.0017362,-0.0000283,0.0003047,0.0059269,0.0008082,0.0010538,0.0005607,0.0001325,0.0016992,0.0009487,-0.0000162,0.0004931,0.0007754,0.0024647,-0.0005092
Uruguay_47Tolkien,0.0741313,0.0841453,0.0584216,0.0378209,0.0184023,0.0088053,-0.0272905,-0.0266142,0.0001861,0.0020441,-0.0014386,0.0002836,-0.0001153,0.0048054,0.0016045,-0.0001915,0.0008256,0.000665,0.0025459,0.0006615,0.0010729,-0.0012475,0.0001355,0.0021024,-0.0005951
Paraguay_47Tolkien,0.0315814,-0.0287013,0.0749993,0.0564879,-0.0175459,0.0019543,-0.1074,0.1205732,-0.0080193,-0.0032238,-0.0007826,0.0031647,0.0020724,0.0078953,0.0014642,0.0026408,0.0028237,0.0014045,-0.0021002,0.0008062,-0.0010019,0.0032669,0.0037937,-0.0014923,0.0018461
United_States,0.028121,0.059199,0.051517,0.028833,0.026441,0.011006,-0.022398,-0.017965,0.000303,0.008809,-0.006083,0.003275,-0.006099,-0.006811,0.012202,0.001888,-0.004753,0.002106,0.001885,0.001001,0.004031,0.002362,0.000714,0.006798,0.000302
Canada_47Tolkien,0.0789865,0.0431354,0.034956,0.0324738,0.0219839,0.0149901,-0.0086049,-0.0058859,0.0032164,0.0016713,-0.002443,-0.0003749,0.0006261,0.0016707,0.0007376,0.0000075,-0.0004327,0.0005737,0.0023294,0.0004941,0.0010532,-0.0010021,0.0015066,0.0025431,-0.0012591
Alabama_47Tolkien,-0.02908651298,0.1107828031,0.04992516538,0.03733287938,0.02725658717,0.01482684671,-0.01183757278,0.007993770856,-0.0054694749,0.01031638971,-0.003186938946,0.003732256373,-0.003481936178,-0.00624367032,0.01586786601,0.001857895112,-0.002786250198,0.001424574472,0.002850435998,0.00141524429,0.003607333131,0.001826429757,-0.0006823970684,0.008314339065,0.0002633770242
Alaska_47Tolkien,0.07363724163,0.01233935956,0.06309647396,0.04517124746,0.01387782132,0.00957346275,-0.04426885798,-0.04769196645,-0.000821327622,-0.0005898921602,-0.002320781477,0.002144986364,-0.004755110088,-0.003793290104,0.01046024096,0.003285257571,-0.0032162327,0.002107861855,0.003093156021,0.001818981845,0.004083423047,0.000112565331,0.000070913237,0.008024096408,-0.001332705679
Arizona_47Tolkien,0.06386470858,0.03190117026,0.06144400259,0.04374185322,0.00896941099,0.00749223652,-0.05310996313,-0.05634244528,0.001959120359,0.004515266463,-0.004104430893,0.002288064882,-0.005414220809,-0.003518581469,0.01035597973,0.002585742411,-0.002382209766,0.000843145177,0.001368208912,0.001433409955,0.002480067459,0.001132786889,0.0002570574083,0.006561492068,0.0002260830103
Arkansas_47Tolkien,0.02882666968,0.1026384408,0.05243804274,0.03827694982,0.02850414864,0.01437524194,-0.01358004025,-0.002279282853,-0.00138638204,0.008180475212,-0.003902898494,0.003839402293,-0.006036175824,-0.00651561296,0.01525867171,0.00290037985,-0.003407203105,0.001398627915,0.002452949903,0.001552104909,0.00368840102,0.001893354646,-0.0004769926113,0.008691508041,0.0002744246095
California_47Tolkien,0.03405386907,-0.0428843965,0.04437790721,0.02698865608,0.01328060851,0.007240984799,-0.0565080337,-0.05950199418,0.000292672298,0.006483310831,-0.005823213779,0.001324472085,-0.003028965739,-0.002353771892,0.006500351665,0.001360387041,-0.0005613161419,0.0003101494538,0.0004276958241,-0.0005231398276,0.002257959092,0.000196204215,0.001119203058,0.003367450067,-0.002183437082
Colorado_47Tolkien,0.07977694184,0.07291257522,0.05997403153,0.04344805237,0.01978617328,0.01094926137,-0.03165054702,-0.03145702222,0.003211942433,0.004516262594,-0.005128025256,0.002881716712,-0.006785000733,-0.005472076575,0.01332237654,0.00331517339,-0.003686099896,0.001001533814,0.001389257133,0.001993039757,0.003160393046,0.001543127205,0.0003168971586,0.008409526795,0.000526289235
Connecticut_47Tolkien,0.02815318808,0.09391554922,0.0424349879,0.0214202342,0.02552893457,0.007792788529,-0.01450561651,-0.004000269793,0.002655045996,0.01212515882,-0.004984010954,0.003037457216,-0.004897592056,-0.00611556235,0.01123165089,0.0005224085424,-0.002064421164,-0.0000574671381,0.0002079231748,0.0004560849196,0.001702539784,0.000278533926,0.0009671234682,0.006113844156,0.0003531762594
Delaware_47Tolkien,-0.02742935597,0.1008151591,0.03973288462,0.02603512213,0.02355891719,0.01070323655,-0.01470659237,0.003244151352,-0.003358291146,0.01060719692,-0.001530612943,0.001910002554,0.000354955297,-0.001771745954,0.00845918545,-0.001010305762,-0.000594439979,0.0002336439605,0.001803019604,-0.0001301359947,0.000817190895,0.000020224173,0.0009931428969,0.004427407001,-0.000294233637
Florida_47Tolkien,-0.01208610866,0.09593745158,0.04173562023,0.02137089058,0.02571438718,0.00794653208,-0.0174216732,-0.001476711604,0.001647177168,0.01278199124,-0.002380861925,0.002320221138,-0.001604243893,-0.004130632808,0.009917238805,-0.0009003623554,-0.001027235813,-0.0005106844264,-0.0001269493765,0.0002765866696,0.001039679219,-0.000821401419,0.001191805375,0.004071767433,0.0001050648207
Georgia_47Tolkien,-0.06565101477,0.08135446766,0.04549638866,0.03451417782,0.0211620841,0.01371590585,-0.02219045071,-0.000583014614,-0.007628463548,0.01180970605,-0.003097679246,0.003038953994,-0.000800632287,-0.004372988028,0.01307781779,0.000499643167,-0.001310652094,0.00109237855,0.002768145522,0.0005638562491,0.003038709448,0.001745063741,-0.000320026273,0.006375754759,0.00000429930018
Hawaii_47Tolkien,0.03107495541,-0.2017457587,0.00005873872,-0.006858840144,0.05779734424,0.006839905268,-0.01731826567,-0.01873133513,-0.004610210902,0.00303676635,-0.00670134695,0.0009581708534,-0.001863580106,-0.003807146872,0.003972922726,0.001537474966,-0.001415411642,0.001597641487,0.001328999481,-0.005018491743,0.006838172171,-0.008165550672,0.00124059584,0.0001746711044,-0.01972837974
Idaho_47Tolkien,0.1105159735,0.09772766474,0.06131171384,0.04654526348,0.02653184475,0.01385762576,-0.01859455915,-0.01931877936,0.00389370677,0.002861617548,-0.005045831759,0.003524249799,-0.008729539929,-0.006593384676,0.01521625203,0.00446424407,-0.004991991918,0.001612891196,0.002197895621,0.002376663614,0.003960611717,0.001922848934,-0.0000458751486,0.01013037866,0.0003439708919
Illinois_47Tolkien,0.02236482793,0.06177819954,0.0512914649,0.03803497723,0.02074688788,0.01285530262,-0.02705418545,-0.01892951635,-0.001705845321,0.00564161617,-0.004958958987,0.001657677517,-0.001671868546,-0.001941971676,0.009550358719,0.001190789714,-0.001783408531,0.0008100319543,0.002039188054,0.0007193713251,0.00228784827,0.001085931678,0.0007207134288,0.005705924701,-0.0001389737589
Indiana_47Tolkien,0.05943605684,0.104642016,0.05574036522,0.04146349905,0.02924268484,0.01517731652,-0.01103748875,-0.003430357271,-0.000186933698,0.003612720006,-0.004603474949,0.00222579995,-0.003561788861,-0.002929749642,0.01161431965,0.002256872642,-0.003185338058,0.001222977441,0.00254263385,0.001397652537,0.002749180001,0.001412806989,0.0005800093279,0.007548698298,0.0003790401273
Iowa_47Tolkien,0.09820246327,0.1082392077,0.05870988129,0.04130161336,0.03458510175,0.01564511829,-0.005904339199,-0.002513207743,0.002435238137,0.001851847075,-0.004848233562,0.002680747626,-0.005755570103,-0.004448389217,0.01271421681,0.003528681176,-0.004044964867,0.001613862115,0.002505292429,0.002058455154,0.003441800771,0.00175016562,0.0007469371961,0.008806310586,0.0003426233875
Kansas_47Tolkien,0.07440052273,0.0925949871,0.05738948937,0.04243659301,0.02673560559,0.0138503797,-0.01807731864,-0.01416800966,0.001802116033,0.003016211327,-0.003798301406,0.002435377403,-0.00469102708,-0.003676503847,0.01173687173,0.002789468303,-0.003223788075,0.001299951994,0.002213147241,0.001852479526,0.002928532146,0.00137918263,0.0007498486036,0.007865684946,0.0002605420022
Kentucky_47Tolkien,0.07754675632,0.1215762444,0.054918264,0.04030747456,0.03294280907,0.01503616581,-0.005115190073,0.002006951131,0.002244335502,0.006838522013,-0.004729526333,0.004358683121,-0.008867717221,-0.007977088386,0.01672369678,0.004106472862,-0.004632887842,0.001583124478,0.002355717291,0.002161820818,0.004162045235,0.001860701128,-0.0006651578679,0.01007699056,0.0002448502711
Louisiana_47Tolkien,-0.0699219399,0.0951736445,0.04794068878,0.0309340779,0.02429665059,0.01195713513,-0.01948589622,0.003266653424,-0.008045630521,0.01299989298,-0.001884613729,0.003446957265,-0.000900887618,-0.00443056939,0.01279156438,0.0001555843417,-0.000997949778,0.0008378765084,0.00274163269,0.0003894245917,0.002663035271,0.00166784786,-0.0003552148868,0.006012632955,0.00009736876515
Maine_47Tolkien,0.1071951287,0.1218139357,0.05566728377,0.03525754432,0.03574542485,0.01255831917,-0.002938404512,0.000155105224,0.005242454396,0.008497008411,-0.005351929819,0.005077134609,-0.01117966308,-0.009127198888,0.01618895169,0.004458089737,-0.004515225519,0.001185168214,0.001770699002,0.002023884989,0.004065191592,0.001855820729,-0.0006756787979,0.009710186454,0.0001154843218
Maryland_47Tolkien,-0.07134266133,0.07733069402,0.03658719339,0.02589869572,0.02139035284,0.01229065611,-0.0171131048,0.005759712188,-0.006559060214,0.01218855562,-0.003154306227,0.001709195782,0.002220017703,-0.001813363061,0.008704389257,-0.001424275399,-0.0000102574015,0.0003766129927,0.002076737254,-0.0003270142511,0.001457062337,0.00053765336,0.0008046155969,0.003911111914,-0.0002815388174
Massachusetts_47Tolkien,0.04477815717,0.09249374818,0.04056424822,0.02296778636,0.02798884617,0.009805839583,-0.01075757654,-0.001734155702,0.00375146429,0.01245337233,-0.00531255093,0.003830878304,-0.00700001211,-0.007786101319,0.01296440385,0.001439543881,-0.002969250633,0.0003788545474,0.000447670078,0.0005776650641,0.002538930673,0.001054925102,0.0005910926879,0.007039810239,0.0006185012457
Michigan_47Tolkien,0.03654552586,0.09757606424,0.05769418059,0.04456692499,0.02730823273,0.01598353172,-0.01127213519,-0.00064611048,-0.002339812405,0.0009151576914,-0.003419840925,0.00060531485,0.00064904511,-0.000412358113,0.00925696371,0.001345097238,-0.002197708848,0.0009217424265,0.002371122522,0.001411450493,0.002540739561,0.000878967248,0.00119503646,0.006160195149,0.0004674479181
Minnesota_47Tolkien,0.0718535404,0.08584791624,0.05667771879,0.04274729483,0.0322830818,0.01707701499,-0.009540724233,-0.003880699119,0.000647793433,0.001685585385,-0.004967361792,0.002341027085,-0.00454589241,-0.005259426148,0.01374982452,0.003585584522,-0.004032908944,0.001688455676,0.002357818549,0.002305464303,0.004451470775,0.002276690052,0.001023919815,0.009335615638,0.0005207967746
Mississippi_47Tolkien,-0.08522753994,0.1015357135,0.04836449176,0.03401161325,0.02622217423,0.01468735446,-0.01525622243,0.01088367907,-0.01047213023,0.0120653178,-0.002257412335,0.003480008867,-0.000599914632,-0.005085530426,0.01498465581,0.000734316485,-0.001684822209,0.001464721711,0.003379352988,0.0007556295962,0.003399922997,0.002092526845,-0.0007310817319,0.007181216243,0.0002822000827
Missouri_47Tolkien,0.04624519923,0.113019711,0.05521764249,0.04175593059,0.02979444863,0.01559465638,-0.009227293828,0.000801390193,-0.001155434107,0.004062279536,-0.003769437375,0.002332538731,-0.003094739361,-0.002906649261,0.01202106436,0.002038139294,-0.003126480942,0.001255399305,0.002746009223,0.001396412474,0.002735878392,0.001303728063,0.0004846500361,0.007635487586,0.0002401933187
Montana_47Tolkien,0.1103519667,0.08819617974,0.06396188806,0.04573930633,0.02582990805,0.01322308428,-0.01848223005,-0.01940527694,0.003092844552,0.0009149390848,-0.004688254166,0.003023150665,-0.007369616285,-0.005651999124,0.01344275635,0.004230306349,-0.004468438556,0.002015233356,0.002737269528,0.002681442035,0.00407038218,0.00164676687,0.0001493153114,0.009839469839,0.0006544841362
Nebraska_47Tolkien,0.08699056743,0.09014417266,0.05990291852,0.04194468661,0.02855325605,0.01379004927,-0.01707092515,-0.0149298795,0.001688496626,0.002248466258,-0.004635502014,0.002466659001,-0.005191664836,-0.003768493889,0.01166817889,0.00322437303,-0.003445943916,0.001519654407,0.002434615602,0.001865116953,0.003166720242,0.001756519058,0.0006684768692,0.008079471222,0.0003984741564
Nevada_47Tolkien,0.029799119,0.01314851622,0.05214565546,0.0365924283,0.01696838335,0.00929983446,-0.04507424987,-0.04310123107,-0.001195247501,0.005173537205,-0.003315000001,0.002181155398,-0.003753930607,-0.003489960083,0.01044150066,0.00212012076,-0.001992767053,0.0008704447726,0.001555512723,0.0006339525684,0.002635257259,0.000265740667,0.0002672095021,0.005686276553,-0.001851109713
New_Hampshire_47Tolkien,0.1039415001,0.1254566887,0.04572524848,0.02599389621,0.03314247346,0.01000467054,-0.001537078293,0.001947165071,0.006180361735,0.01122858862,-0.005020837047,0.005015080436,-0.01109666998,-0.009322750325,0.01460770539,0.003202207779,-0.00446695979,0.00114909443,0.001403340024,0.0009753908144,0.003173770349,0.001544433044,-0.0002644585207,0.008864953607,0.0002316430854
New_Jersey_47Tolkien,-0.00645714207,0.06313838074,0.03458993114,0.02177035589,0.02079684798,0.00974466064,-0.01896444189,-0.005348886068,0.001114418874,0.01112000913,-0.005133861619,0.001313244959,-0.000205905113,-0.002638120542,0.007421252728,-0.001203466293,-0.000542954504,-0.0004245446443,0.0001534472856,-0.0001785263589,0.00098679622,-0.000491468878,0.001797915164,0.003762781284,-0.0002077747946
New_Mexico_47Tolkien,0.05785531182,-0.02006121482,0.06833598357,0.04406092172,-0.009298936305,-0.000689483208,-0.08977457614,-0.1009386655,0.002782795211,0.005108621188,-0.002746210692,0.001606131417,-0.004667238922,-0.001129023703,0.005984967366,0.001658254806,-0.000361215558,0.0001602630679,0.0005833609435,0.001009515059,0.001119510836,0.000380883401,0.0002698763717,0.00400185274,0.0003564986626
New_York_47Tolkien,-0.02014422221,0.06621465662,0.03716709364,0.01917451668,0.02194529701,0.00851627989,-0.01986075104,-0.00472428692,-0.000734346813,0.0114275087,-0.004831125673,0.001326461872,0.000325941906,-0.002539838882,0.007506197401,-0.00137346369,-0.0003174502215,-0.0004340483437,0.0002422562338,-0.0002495286329,0.000765808984,-0.000256663911,0.001760367379,0.003733316522,0.0001834636562
North_Carolina_47Tolkien,-0.00341991842,0.09097171484,0.05206107245,0.03752702821,0.02328554177,0.01283347278,-0.02055513331,-0.006652214098,-0.003543143115,0.009368053213,-0.003957088884,0.003418533854,-0.004042147882,-0.005452293496,0.01393154665,0.00197802642,-0.002495883113,0.001262145656,0.002557758192,0.001270331122,0.003304030992,0.001880853319,-0.0004830226757,0.007661787222,0.0003912045488
North_Dakota_47Tolkien,0.10410059,0.09557109658,0.06300617463,0.04518548745,0.02830033963,0.01407128332,-0.0140429456,-0.01330386603,0.002549513393,-0.0002273907036,-0.004242414034,0.002190624375,-0.004872824451,-0.003442621531,0.01117954523,0.003404614151,-0.003774394776,0.001873362774,0.002916855245,0.002458588224,0.003426781077,0.001540713817,0.0008392717247,0.008736655569,0.0004308954674
Ohio_47Tolkien,0.04597258742,0.1117352057,0.05408394042,0.04023198605,0.03120321775,0.01590355396,-0.006468666449,0.004079998389,-0.001091444638,0.004245989666,-0.004363961287,0.00228267513,-0.002981277083,-0.00308204336,0.01197658563,0.001976799308,-0.003152063614,0.001234015406,0.00265656705,0.001344213947,0.002815051645,0.001362178117,0.0005779040833,0.00757698762,0.000367257595
Oklahoma_47Tolkien,0.06048689747,0.05338684724,0.06167107846,0.04228216643,0.01573772652,0.00995941232,-0.03731619838,-0.03619527232,-0.000002988342,0.003598257574,-0.00393439609,0.0025878124,-0.005327716364,-0.004185488799,0.01145184257,0.0027627823,-0.002876032702,0.001386285969,0.002280466552,0.001728529949,0.003216406807,0.001207031257,0.000127006685,0.007915865367,0.0009771863429
Oregon_47Tolkien,0.09073963175,0.06687988238,0.0542405381,0.03330185587,0.026800966,0.01105087563,-0.02227653569,-0.02266444726,0.002722887054,0.004810584163,-0.00482891599,0.002984692272,-0.007029627695,-0.005417521423,0.01158266654,0.003134469717,-0.003349125709,0.001198263707,0.00176580293,0.001200826079,0.003244025547,0.001384418298,0.0004678854437,0.007991708272,-0.00007750418766
Pennsylvania_47Tolkien,0.04429600656,0.09505310752,0.04238417934,0.02696327193,0.02902807978,0.01225560398,-0.006956635216,0.0025943415,0.000696996914,0.007119995287,-0.004590944281,0.001798932202,-0.002261775295,-0.002343931589,0.008237442793,0.0004796627346,-0.001820446395,0.0005568066218,0.00176767221,0.0001898619074,0.001530292505,0.000379298877,0.001229733567,0.005520060099,-0.0002159042897
Rhode_Island_47Tolkien,0.04370211684,0.107708515,0.04220639141,0.02036895306,0.02629304842,0.00640452343,-0.01429059175,-0.005165234168,0.0055098107,0.01394314083,-0.003822319236,0.003919319145,-0.007173413026,-0.007844853916,0.01270075194,0.000792900919,-0.002782980934,-0.0000437518476,-0.000224287677,0.0005786604839,0.00182515865,0.000154216975,0.0006875695592,0.006472532116,0.0004467080759
South_Carolina_47Tolkien,-0.03785639407,0.1059405152,0.04944368832,0.03629554882,0.02550547059,0.01392481718,-0.01513656441,0.004954856615,-0.005863148252,0.01095249242,-0.002911701816,0.003569645607,-0.002725175814,-0.005516945921,0.01476102674,0.001362140701,-0.002273739568,0.001260841024,0.002822787016,0.001128929227,0.003282586917,0.001781720926,-0.0006003461896,0.007571661289,0.000211140286
South_Dakota_47Tolkien,0.1013191456,0.08165943168,0.06291848097,0.04756277744,0.02118288964,0.01279496602,-0.0234953235,-0.02440265253,0.002511107926,0.0000693570584,-0.003384944036,0.002319515509,-0.005326333502,-0.003388890374,0.01085168351,0.003252399492,-0.003652352754,0.001866673872,0.003004984033,0.002348279205,0.003384258775,0.001187257258,0.0005351505065,0.008690749916,0.0005413166307
Tennessee_47Tolkien,0.02328348873,0.1118628519,0.05268194961,0.03884932019,0.02866232385,0.01439475589,-0.01121892857,0.001638097708,-0.00172182764,0.008501517303,-0.00387289049,0.003891922569,-0.005835918962,-0.006594099974,0.01559270277,0.002804842615,-0.003448417316,0.00142232976,0.002592004104,0.00167469542,0.003680813915,0.001838625495,-0.0006030109676,0.008863644094,0.0002265586616
Texas_47Tolkien,0.01742573128,0.01803607726,0.05529469551,0.03704890628,0.008570565203,0.006824254204,-0.05796868846,-0.05659860281,-0.000444129964,0.007418040801,-0.003545144168,0.001795059548,-0.002818064987,-0.001786332727,0.008256446197,0.001179595302,-0.000594779973,0.000184448566,0.0007923037675,0.0004542827264,0.00146666494,0.000983900613,0.0006550780225,0.004176077687,0.0001259731347
Utah_47Tolkien,0.1001009658,0.08620841338,0.05889878164,0.04509518029,0.02871814271,0.01321661291,-0.01895459848,-0.01866753118,0.003137615065,0.002772969201,-0.003838003445,0.003280661787,-0.007912642827,-0.0057279581,0.01421023819,0.004764171973,-0.004005826746,0.001615724721,0.002470418818,0.002564783036,0.004256390295,0.001515326439,-0.0004280130396,0.009366656432,-0.0006432347259
Vermont_47Tolkien,0.1079752453,0.1263992836,0.0551386936,0.03484793821,0.03721829002,0.01298661562,-0.000623762467,0.002907141738,0.005290812219,0.008521840883,-0.005429724227,0.00506109757,-0.01106813492,-0.009035783716,0.01620534599,0.00436570867,-0.004602957374,0.001146995748,0.001763815888,0.001934017935,0.004005714102,0.001884259941,-0.0005912394347,0.009710484597,0.00007843089654
Virginia_47Tolkien,-0.00099233388,0.079627619,0.04038586201,0.02886236978,0.02315307588,0.01247374124,-0.01507959515,-0.00153361837,-0.00306653164,0.009348252586,-0.004296181258,0.002035800537,-0.001097281663,-0.002218206739,0.008458881478,0.0001743146654,-0.001096269803,0.0008926901914,0.002513579365,-0.0001269263508,0.001907111271,0.000876604241,0.0005734078497,0.005020830824,-0.0006485235798
Washington_47Tolkien,0.07677164687,0.04037529642,0.04581403833,0.03145195252,0.02662297852,0.01152486636,-0.02300044852,-0.02253676467,0.00221486478,0.005263125857,-0.004614118319,0.002754338402,-0.006112833621,-0.005002536405,0.01061646644,0.002767717121,-0.002900960454,0.001133563062,0.001737704784,0.0006710540845,0.003175142508,0.000761589226,0.0004246251156,0.006894891235,-0.001388945766
West_Virginia_47Tolkien,0.1015419237,0.1279870873,0.05630456325,0.04198255912,0.03559127296,0.01611154534,-0.000774489766,0.004341142382,0.003594127869,0.005316833973,-0.005195269859,0.004438739026,-0.01004535299,-0.008520691706,0.01752984181,0.004941681228,-0.005233342018,0.001838217496,0.002484782226,0.002630579727,0.004587061009,0.001952360809,-0.0007934562372,0.01102420673,0.0003148446517
Wisconsin_47Tolkien,0.08157463867,0.0959152878,0.06146691097,0.04463648612,0.03102379375,0.01549501823,-0.01175674376,-0.007451353928,0.001270947396,0.001454183816,-0.004894773005,0.002492587692,-0.005132057132,-0.005291500295,0.01397051509,0.003852360666,-0.004202969122,0.001739438557,0.002456261348,0.002622353011,0.004318437106,0.002187110816,0.0006826330441,0.009532346801,0.0004278319844
Wyoming_47Tolkien,0.1105543081,0.09390854974,0.062847303,0.04454715876,0.02752813447,0.01331973462,-0.0176309469,-0.01826876701,0.003386709804,0.002362743483,-0.005333439157,0.003293140861,-0.008228745351,-0.006221163326,0.01442978157,0.004370553017,-0.004725832212,0.001700848229,0.002335052967,0.00242185204,0.004075680659,0.001870637382,-0.0000442296586,0.009939965748,0.0006236215343
DC_47Tolkien,-0.1514168792,0.07745075186,0.04179136995,0.02434070907,0.01675190822,0.00966490065,-0.02737230694,0.003446330992,-0.01255863684,0.01371262273,-0.002054153062,0.001598333728,0.005364772233,-0.000780968971,0.009014849008,-0.002700645645,0.0013649266,0.0004992983335,0.002857635641,-0.0007034305953,0.001261328341,0.001158783511,0.0003110928325,0.003177754575,0.0001253191796
Puerto_Rico_47Tolkien,-0.02459798446,0.07065395,0.0428313646,0.00479906,0.0160925354,-0.00690487662,-0.0494954884,-0.0361984038,0.01838177,0.02339504662,-0.001290358892,0.002155798892,-0.002859274446,-0.00769675108,0.009550126662,-0.004076896662,0.000479788892,-0.004586463334,-0.008104894446,0.0006817355554,-0.001117975554,-0.005605891108,0.003024986666,-0.001476437778,0.001286677778
Guam_47Tolkien,0.007253283251,-0.3359171181,-0.02971693607,-0.03326099202,0.1053048131,0.03707805478,-0.01437349851,-0.01920024307,-0.01601516656,-0.01221149182,0.03148199091,0.005557587517,-0.005283536275,-0.003076615938,0.009990609621,0.007769991111,-0.0019657358,0.002900617372,0.005361746795,-0.0111058532,0.005099127322,-0.02233607398,-0.005923802504,-0.008169398333,-0.04420509303
US_Virgin_Islands_47Tolkien,-0.3246491364,0.07257654678,0.03226748592,0.02140363194,0.0100658177,0.01085358167,-0.03343439598,0.02036931227,-0.02481564356,0.02162733422,0.001263790429,0.001294136163,0.01316062781,0.000594067145,0.009276049845,-0.006045494614,0.003825230426,0.0000085243611,0.003317619004,-0.001495532712,0.000683333935,0.001041701435,0.0001351376079,0.001001666111,0.000256890755
American_Samoa_47Tolkien,0.007312844597,-0.3796168937,-0.08446628147,0.007320586047,0.1427625108,-0.03908994608,-0.003603266875,-0.01008156666,-0.02346315148,-0.01530763063,0.03918462678,0.006634975302,-0.005696260322,-0.001464510525,0.006955132047,0.009817088188,-0.002565504794,0.003062195382,0.004209122007,-0.01211763007,0.003798024351,-0.02102286333,-0.004367096214,-0.006677182644,-0.04958911338
N_Mariana_Islands_47Tolkien,0.01481426431,-0.3811248062,-0.04108693556,-0.03975368934,0.1192520451,0.04019988652,-0.008371979306,-0.01558876842,-0.01854107245,-0.01502962331,0.03548971702,0.005454512238,-0.005413194842,-0.002687310946,0.009534428102,0.008154971588,-0.002161149366,0.003528004427,0.006116992872,-0.01164013986,0.004672741671,-0.02283075219,-0.005785121829,-0.008730178076,-0.04622521691
Liaoning_47Tolkien,0.022515275488764044,-0.4461939219101123,0.009228820301123595,-0.06426974169101124,0.04861053933707866,0.019995488556179775,0.004826803370224718,0.002592780891573034,-0.01177969091573034,0.004396174166292135,-0.0731587470280899,-0.008332786539325844,0.010285151683707864,-0.0060414831612359545,-0.007450146047752811,-0.000350117971741573,0.0005281797717415729,0.0006078314585393258,-0.003615561778089887,-0.009094932714044945,0.010868471838202247,0.006594606761797752,0.010463584237078653,0.00040208988988764036,0.0007063707789887642
Qinghai_47Tolkien,0.029156710593879528,-0.40193422817620605,0.009151308471284947,-0.04915619206146926,0.026203127687670875,0.014139865809581974,0.00884740722794779,0.0034302124910926897,-0.006037427502418204,0.005218302601005379,-0.06986126718511333,-0.00520555266813652,0.008133984044368728,-0.006776681007072935,-0.00550101786112532,-0.002528917431790282,-0.0023656505107681456,-0.0035543597664882266,-0.00933841453787812,-0.003920065982688068,0.00502850140780492,0.008244155836872743,0.0074400646479407355,0.0013912681160647322,0.010203517941238206
Guangxi_47Tolkien,0.012597073785503001,-0.44380989521427094,-0.03034305659185376,-0.06621260737300223,0.11244977142838955,0.052951040913382215,-0.0005731794028201836,-0.008497700686719319,-0.017779999262203208,-0.008704900140571787,-0.010910848596582758,-0.0028870573448436573,0.004217911422403654,-0.005441732564687979,-0.001689812015325509,0.002519922034505964,0.0007818392593044919,0.00033369079403587995,-0.0024679567429725714,-0.012440784123564393,0.014113568951333012,0.004857005124627939,0.016207975530760033,0.00030233045973199934,0.0006037923362906727
InnerMongolia_47Tolkien,0.02559697478279429,-0.43670057357154723,0.0142338471882106,-0.060274871311948856,0.04066862723310191,0.015782344139118727,0.006279492205592399,0.0034171674491504825,-0.009565880889538102,0.004159586360605417,-0.068679733939273,-0.008254402966278203,0.009791407136191957,-0.00522722118992921,-0.006466966708713524,-0.0008912648604405828,0.00039761641778817243,-0.00009723738670799091,-0.0027258482817513726,-0.00664913523852503,0.008224121127911817,0.005653021294856308,0.00937818315076229,0.000742317672515299,0.001207611670395415
Nepal_47Tolkien,0.041075050368203136,-0.21034367430102582,-0.07137976806288264,0.040897827855151336,-0.0268514013345079,0.03623990780518899,0.0026058630406351753,0.0073607545163587385,0.015475095581899813,0.014173795700329695,-0.038433737108753495,-0.004003827797570951,0.004616104944364779,-0.0023077786125270967,-0.004586295529517111,-0.0026022859319571805,0.0013697134140414323,-0.0016456894548690284,-0.00391672934741685,0.0015926332644009692,0.0003984998791580276,0.010467774461775645,0.004583923949510217,0.0018346033882533808,0.015483784585035326
Bashkir_47Tolkien,0.09622427661538463,-0.07080584475384614,0.06529992316923078,0.03661826163076923,-0.02784887693846154,0.00008581540461538467,0.009436523112307693,0.012003015476923076,-0.007070307704615385,-0.02096843090769231,0.005893430764615384,-0.005093199996923076,0.0113302462,-0.01719861538461539,-0.007733953844615385,-0.0036615076984615386,-0.0012335999984615382,-0.0015202769292307695,-0.0044420307646153845,-0.0027148153830769232,-0.005757215383076924,0.0015503846119999999,-0.0039837846061538465,0.0011233538461538459,-0.0014056615424615385
KoryakItelmen_47Tolkien,0.043252773967741937,-0.38685132483870965,0.11837944903225807,0.019275806677419353,-0.11616057967741934,-0.05145980677419355,-0.03027077393548387,-0.02945538716129032,0.008787806487096773,-0.002951129058064516,0.035416419,0.0005317096809677419,0.0032754193258064516,-0.02333370987096774,-0.029206096838709675,-0.01713406448387097,-0.001417451609032258,0.01796519364516129,0.03955432267741935,0.02147803241935484,0.03670945158064516,-0.06125196751612903,0.01160529,0.022354451322580644,0.032050386806451614
KhantyMansi_47Tolkien,0.0841548693478261,-0.18429641173913047,0.11308693739130435,0.06115934773913044,-0.08420300013043479,-0.02254165195652174,0.009236891317391305,0.014467630869565219,0.000409021737826087,-0.03420889104347826,0.05423423895652174,-0.005000956543478261,0.02120030465217391,-0.07536941286956521,-0.024568347999999997,-0.012538347608695653,-0.0041382608991304345,0.0017103478435652178,-0.0021423260739130436,-0.01200571756521739,-0.004060782569565217,0.0245423477826087,0.018546043347826086,-0.0031197825826086954,-0.009093087304347826
KetDolganEvenk_47Tolkien,0.06208912173170732,-0.3104547424390244,0.12473951280487804,0.02555245132317073,-0.11689234012195121,-0.051798841195121945,0.01631878064634146,0.023635988097560977,0.013049597443902439,-0.007436085500000003,0.06289780467073171,0.000913804882926829,0.0055819877500000005,-0.05259206150000001,-0.011738158730487804,-0.007522012299756097,-0.004002182914634147,0.004851243884146341,0.0124732193902439,0.0013024268060975613,-0.009058694975609754,0.03220548760365854,0.049392231743902434,-0.020143927036585366,-0.012483183176829268
SiberianTatar_47Tolkien,0.08203399996428572,-0.1449305367857143,0.06948450003571428,0.029196892928571434,-0.04639328575,-0.01040860715,0.00913175007142857,0.0112741786,-0.006143000003571428,-0.018444821357142854,0.006663749993214285,-0.003687785710714286,0.011441535749999999,-0.024742714321428574,-0.007406428564285715,-0.002244535714285714,-0.002165249995714286,-0.0005474999999642855,-0.0010638928571428572,-0.00011610714285714287,-0.006715785639285714,0.0055819642857142865,-0.0011928571321428575,-0.0006411785821428572,-0.0018476428560714286
BashkirTatar_47Tolkien,0.10223930213846154,-0.03891261461461538,0.06554520774307693,0.044906243896923076,-0.020623282316153846,0.004962548472538461,0.010353837711769232,0.01298175851230769,-0.008015619237538463,-0.023722686999230767,0.008413686920538462,-0.0050278599983076926,0.011419685409999998,-0.015202138461538466,-0.005786374614538461,-0.003348979234153846,-0.002890679999153846,-0.0011939023110769233,-0.003888066920538461,-0.0031347484606923082,-0.004851268460692309,0.0025087115366,-0.0019998315333846156,0.00012419461538461517,-0.0014665638483538463
Khakass_47Tolkien,0.06242757707692307,-0.2645454607692308,0.07804950003846155,0.009739692269230769,-0.0630413076923077,-0.022879807730769232,0.008243499992307692,0.010863423065384615,-0.00011807692307692303,-0.008649230734615385,-0.005464999999999999,-0.003614038457692308,0.0030246538542307694,-0.01947880769230769,0.004953884615384615,0.0008108461534615384,-0.006609499965384616,-0.0007309615226923078,0.00584496151923077,0.011159230765384612,-0.028699346192307688,0.007262307673076923,-0.005100461538461538,-0.002497884603846154,-0.005144499996153846
Nenets_47Tolkien,0.067179333375,-0.28699283375,0.1312537075,0.03629712475,-0.12259339624999999,-0.054900812875,0.017332146,0.026393166750000002,0.013187604249999998,-0.014434603999999998,0.07776033325000001,0.00201383335,0.011564583500000001,-0.065109854375,-0.02265681275,-0.012899875375,-0.0034117083125000005,0.00640033335,0.0096289375125,-0.0094784583375,0.0077468125124999995,0.02004204175,0.034316854125,-0.005841499975,-0.003657291675
Hebei_47Tolkien,0.0253255,-0.44226325,0.009428,-0.06064325,0.049009,0.02021975,0.00334875,-0.00190375,-0.01201575,0.00478375,-0.0703145,-0.00768075,0.007990750000000001,-0.006812250000000001,-0.007261,-0.00029850000000000005,0.0015317500000000001,-0.0014884999999999998,-0.0004085,-0.00916075,0.0103565,0.0019475000000000002,0.0089665,0.00156625,0.007154999999999999
Kirkuk_47Tolkien,0.07625923035,0.10875059499999999,-0.059338034149999996,-0.0445841545,-0.03715631615,-0.009070948799999999,0.0004654194599999998,-0.00488756168,-0.015220826760000002,-0.00959828449,0.003268113890000001,-0.002780763315,0.011396215950000002,-0.00049182221225,0.002686936675,0.015030095650000002,0.0021099860850000004,0.0008406716849999998,0.0005697711,-0.004759119449,-0.0006995988950000004,-0.0031311977745000002,-0.0031559344500000004,-0.0026804483249999998,0.0030127283200000006
Hasaka_47Tolkien,0.08676162485000001,0.11686214850000001,-0.05315512485,-0.047860525,-0.03062877485,-0.010751025015,0.0006697500000000001,-0.0041306,-0.0178088998,-0.007963649849999999,0.0020095750065,-0.0038514249999999995,0.00638492499,-0.002188049995,0.0004818750000000001,0.006387500005000001,-0.0047264749995,0.0017452749935,0.003318550005,-0.00472409999,-0.000365124995,0.0005038749799999998,0.000391274995,-0.002274424995,0.0022332249849999998
MountLebanon_47Tolkien,0.0804809298,0.13981247200000002,-0.0502263426,-0.0736711752,-0.0146587392,-0.025553254,-0.00253804154,-0.005167166060000001,0.0015909410999999998,0.00743127822,0.00494160866,-0.00466054116,0.00989338132,0.001050507208,-0.00649288222,0.007077154180000001,0.00008577966600000007,0.000908503216,0.00210762746,-0.00175622542,-0.00061079237,0.002152238994,-0.000630042784,0.001966275612,0.0009351803449999999
NorthLebanon_47Tolkien,0.07720704435,0.136466277,-0.04887907525,-0.0713513624,-0.016313109300000003,-0.023633058250000002,-0.0014982516394999998,-0.004553251395,0.0010023900350000004,0.004212996175,0.004957186445,-0.004357434198,0.009383084394999998,0.00154669741,-0.005049779865,0.00843561176,0.003352131495,0.001964773883,0.0014217777585,0.000410717913,0.000365794813,0.0007203299478999999,-0.002338243885,0.003252611975,-0.00030098679299999997
Beqaa_47Tolkien,0.0759764528,0.13880257099999999,-0.04918609565,-0.07306252705,-0.014376139700000002,-0.02520335565,-0.002432237985,-0.0051814713000000005,0.0016559744850000002,0.005964389274999999,0.0053032456900000005,-0.004643528235,0.010052063520000001,0.001793330755,-0.005440598875,0.004405396955000001,-0.0020873488645,0.001046755427,0.0021211828599999997,-0.0018816982550000003,-0.000598195511,0.0011176360175,-0.00099450688,0.001606507033,0.00044210015199999995
TangerTetouan_47Tolkien,-0.0250028938,0.137251376,0.0009887439600000001,-0.0647214036,0.0311847286,-0.031352576,-0.0256041974,0.00689026292,0.0648473266,0.0340356344,0.0053705698400000005,-0.0057034775999999995,0.019264488,-0.0167018672,0.017350081200000003,-0.012265274,-0.00056282156,-0.020022312,-0.0429490864,0.008639649119999999,-0.0133983,-0.0354162818,0.023355338,-0.00604028448,0.00542110604
HaZafon_47Tolkien,0.07729841999999999,0.1361301456,-0.029806937,-0.05968255752,-0.00239607568,-0.021302949999999998,-0.003144951844,-0.002241682572,0.008707679024,0.009179978856,0.004734045916000001,-0.0034775461679999995,0.008761149424,-0.00011568746000000001,-0.003602964424,0.0038515681600000003,-0.001502121628,0.0001419301592,-0.000451036484,-0.0011957089360000001,-0.0013643523799999997,-0.00026626404000000027,0.0009545994944000001,0.0023185911884,0.00046694445200000004
Israel_47Tolkien,0.0977774,0.1369093,-0.0110437,-0.0445826,0.0085064,-0.0159944,-0.001921,-0.0009685,0.0077698,0.015806,0.002698,-0.000195,0.0022598,-0.0005537,-0.0046609,0.0009246,-0.0011649,0.0003172,-0.0010716,-0.0033194,-0.0030383,-0.0033478,0.0017022,0.002628,0.0002671
Mauritania_47Tolkien,-0.22412891999999998,0.11475982,0.0016079700000000002,-0.05349502999999999,0.02036814,-0.02418831,-0.03519522,0.02024276,0.04731929,0.026394710000000002,0.0065949,-0.006843869999999999,0.02266222,-0.01364535,0.01879269,-0.01597465,0.0015505099999999997,-0.020119860000000003,-0.03646281,0.00704277,-0.01331158,-0.031922439999999996,0.020658130000000004,-0.00183116,0.00538309
