Hayden_Christensen_Skywalker_simMGM,0.123613,0.137005,0.049226,0.030586,0.033525,0.010943,0.00168,0.004296,0.004201,0.002931,-0.003323,0.002496,-0.005576,-0.00473,0.012335,0.003077,-0.007146,0.002107,0.003531,0.002565,0.004882,0.001644,0.001723,0.009884,0.000265
Gypsy_Crusader_(Paul_Miller)_simMGM,0.090554,0.064634,-0.044578,0.007705,-0.023302,0.009008,0.002665,0.002313,-0.001283,0.005502,-0.002094,0.001158,-0.002807,0.000569,-0.00255,-0.00031,0.00218,0.0006,0.001386,-0.001829,-0.000605,-0.000176,0.000272,-0.000097,-0.00133
Dua_Lipa_simMGM,0.126,0.142948,0.026041,-0.004111,0.027833,-0.001364,0.00435,0.001955,0.000905,0.012389,0.000001,0.001699,-0.003137,0.009982,-0.016917,-0.003341,0.009035,0.000119,0.007528,-0.005223,-0.009185,0.000377,0.003642,0.002634,-0.001646
Leonardo_di_Caprio_simMGM,0.124774,0.137111,0.042748,0.021014,0.032187,0.008447,0.004592,0.005272,0.001684,0.001205,-0.00171,0.000059,-0.001142,0.004436,-0.000559,0.001228,0.000965,0.000286,0.002815,0.000245,-0.001655,-0.001139,0.002024,0.003589,0.000125
Messi_(1/8mestizo)_simMGM,0.110347,0.125442,0.028976,-0.009078,0.026252,-0.006925,-0.014669,-0.016836,0.013667,0.02362,-0.000326,0.005204,-0.010513,-0.006222,0.002327,-0.001142,-0.001048,0.000146,0.000392,-0.001898,0.002006,0.000693,-0.000562,0.000571,-0.000634
Cristiano_(1/8mulatto)_simMGM,0.058728,0.140772,0.035882,-0.002406,0.039553,-0.002443,-0.00286,0.003391,0.022376,0.028812,-0.001952,0.005719,-0.010555,-0.010336,0.010261,-0.001506,-0.002818,-0.000928,-0.004227,-0.000686,0.001712,-0.002293,0.00112,-0.001602,-0.000256
NickFuentes_simMGM,0.0906561,0.0786346,0.0245572,-0.0068872,0.0032107,-0.0094844,-0.0412811,-0.0468412,0.0044057,0.0143648,-0.0012434,0.0024328,-0.0057567,-0.0013017,-0.0002728,-0.0014521,0.0006384,0.000286,0.001068,-0.0028366,-0.0019189,0.0012844,0.0008059,0.0019085,-0.0004552
Sneako_simMGM,-0.103235,-0.152115,-0.025107,-0.030311,0.07047,0.022284,-0.0049,-0.000666,-0.014518,0.001826,0.022836,0.002286,-0.000506,-0.00115,0.005,0.002808,-0.003361,0.002654,0.002513,-0.005718,0.001622,-0.012761,-0.001935,-0.002823,-0.022989
Neon_(punjab_hindumuslim)_simMGM,0.072453,-0.002162,-0.105833,0.081275,-0.070791,0.048902,0.003062,0.005089,-0.000243,-0.004424,-0.006437,-0.000302,0.000376,-0.007747,0.009919,0.011295,-0.001928,-0.000365,0.001323,-0.009963,-0.001509,-0.005145,0.003538,-0.000522,0.000887
Adin_Ross_(ashkenazislav)_simMGM,0.099523,0.136287,-0.006211,-0.04143,0.011155,-0.014937,-0.000749,-0.000166,0.00808,0.013232,0.000911,-0.000065,0.002004,0.000316,-0.002913,-0.001602,-0.003992,-0.000128,-0.000072,-0.003979,-0.002591,-0.002235,0.001192,0.002098,0.000648
Charlie_Sheen_simMGM,0.12618,0.137978,0.056235,0.03458,0.039315,0.013175,0.001437,0.004686,0.009346,0.010163,-0.005194,0.005567,-0.013106,-0.01259,0.019953,0.00447,-0.007484,0.001268,0.000387,0.00163,0.003801,0.001202,-0.000701,0.009677,0.000288
Zohran_Mamdani_(gujaratimuslim_punjabikhatri)_simMGM,0.073571,0.00877,-0.101891,0.069269,-0.074119,0.042778,0.002094,0.00042,-0.008199,-0.014417,-0.004263,-0.000133,0.000905,-0.004726,0.007884,0.004267,-0.011948,-0.000824,-0.000646,-0.012199,-0.00363,-0.004614,0.0017,-0.004554,0.000237
Kalergi_simMGM,0.072365,-0.153423,0.029102,-0.015426,0.033088,0.009662,0.004376,0.004179,-0.00205,0.004962,-0.038499,-0.004274,0.004602,0.000248,-0.006069,-0.002222,-0.000033,0.002384,0.002706,-0.003884,0.013203,-0.00814,0.004846,0.003405,-0.020098
Dario_Amodei_simMGM,0.10956,0.142897,0.003971,-0.031475,0.018581,-0.01157,-0.000352,-0.000342,0.007261,0.019119,0.000478,0.002398,-0.004736,-0.001858,-0.003841,-0.001155,-0.000029,0.000267,0.001658,-0.003539,-0.002643,-0.00012,0.000176,0.002749,-0.000444
Alain_Delon_simMGM,0.126327,0.145163,0.044596,0.010906,0.03872,0.003128,0.002177,0.003416,0.011556,0.021534,-0.003681,0.006041,-0.013763,-0.010308,0.005735,0.005112,0.003748,0.000481,0.003097,-0.001475,0.002714,0.004619,-0.002648,0.004442,-0.003767
Donald_Trump_JR_simMGM,0.130898,0.134885,0.059208,0.042287,0.038249,0.015874,0.005266,0.006663,0.00348,-0.001164,-0.003843,0.001423,-0.003681,0.000362,0.007757,0.002572,-0.002881,0.001143,0.003037,0.001504,0.000791,0.000662,0.002292,0.006976,-0.000428
Ivanka_Trump_simMGM,0.130898,0.134885,0.059208,0.042287,0.038249,0.015874,0.005266,0.006663,0.00348,-0.001164,-0.003843,0.001423,-0.003681,0.000362,0.007757,0.002572,-0.002881,0.001143,0.003037,0.001504,0.000791,0.000662,0.002292,0.006976,-0.000428
Eric_Trump_simMGM,0.130898,0.134885,0.059208,0.042287,0.038249,0.015874,0.005266,0.006663,0.00348,-0.001164,-0.003843,0.001423,-0.003681,0.000362,0.007757,0.002572,-0.002881,0.001143,0.003037,0.001504,0.000791,0.000662,0.002292,0.006976,-0.000428
Barron_Trump_simMGM,0.129602,0.135818,0.056171,0.036409,0.036467,0.01322,0.004739,0.007006,0.003429,0.00153,-0.003333,0.001768,-0.004247,0.001392,0.005655,0.001223,-0.002545,-0.000393,0.004991,0.000137,0.000225,0.000371,0.002034,0.006398,0.000443
Donald_Trump_simMGM,0.130157,0.136951,0.057423,0.038297,0.038389,0.014378,0.003545,0.004926,0.005272,0.005975,-0.0049,0.005241,-0.011895,-0.010359,0.018062,0.004235,-0.006981,0.002096,0.002738,0.00165,0.003179,0.002596,0.000125,0.012375,-0.000715
Zayn_Malik_simMGM,0.100229,0.05961,-0.025518,0.059801,-0.016313,0.032484,0.002541,0.005212,0.002124,0.000682,-0.007151,0.002596,-0.006698,-0.009194,0.01439,0.006574,-0.00432,0.000779,0.001052,-0.001667,0.002239,-0.000792,-0.000035,0.006041,0.000955
Steve_Jobs_simMGM,0.094539,0.132754,-0.001419,-0.02112,0.009957,-0.006133,-0.000887,0.00037,0.004252,0.004858,0.001087,0.000174,-0.000131,-0.004192,0.001272,0.006216,0.001822,0.000034,0.00241,0.000851,0.000729,0.001223,-0.000183,0.004104,-0.000456
John_Atanasoff_simMGM,0.126783,0.13662,0.040372,0.018051,0.031099,0.007056,0.004319,0.004277,0.002388,0.007845,-0.002792,0.00272,-0.00654,-0.000283,0.002517,0.000192,-0.000039,0.000819,0.002128,-0.000751,-0.001065,0.001266,0.00135,0.005474,-0.001134
The_rock_Dwayne_Johnson_simMGM,-0.232129,-0.163897,-0.031632,0.014288,0.07981,-0.016728,-0.01307,0.009184,-0.027937,0.002934,0.022399,0.003576,0.001758,-0.001627,0.008072,0.00377,-0.000609,0.00249,0.002738,-0.006255,0.002254,-0.010387,-0.002546,-0.002661,-0.026192
