Afghanistan,0.0843879,0.0264922,-0.0703412,0.0429183,-0.0584705,0.0294184,0.0046261,0.001451,-0.0246753,-0.0175813,-0.0058007,0.0000237,0.0021377,-0.0076351,0.011969,0.0136149,-0.0017218,0.0011433,0.0014018,-0.0099301,-0.0022783,-0.0065535,-0.0015904,-0.001388,0.0056285
Albania,0.1192213,0.1417927,0.017457,-0.0134392,0.0249528,-0.0053151,0.0035793,0.0018231,0.0006442,0.0140252,0.0009524,0.0013992,-0.0051736,0.0072782,-0.0185588,-0.0033332,0.0083191,0.0012179,0.0073926,-0.005459,-0.006608,0.0006456,0.0027221,0.0015949,-0.0020262
Algerian,-0.038067556,0.13653222,-0.011858444,-0.071813667,0.023217778,-0.028013,-0.023657667,0.0069227778,0.057448444,0.024277778,0.0094727778,-0.008276,0.024330667,-0.013318778,0.012501222,-0.0056127778,-0.0029698889,-0.015709333,-0.032150667,0.0083095556,-0.008901,-0.027560889,0.017145,-0.0035882222,0.0043108889
Armenia,0.1045159,0.1378749,-0.054972,-0.0590361,-0.0298383,-0.0148085,0.0049876,-0.0049856,-0.031737,-0.0044773,0.0031311,0.0031597,-0.0025516,0.0013669,-0.0049592,-0.0017794,0.0023014,-0.0000554,0.0009505,-0.0015853,0.0016589,0.0019565,-0.0007474,-0.0018701,0.0004846
Austrian,0.129089,0.135005,0.054394,0.032737,0.034776,0.012567,0.00723,0.006244,0.002827,0.002755,-0.003878,0.000785,-0.001294,0.002785,0.000503,0.003697,0.000222,0.00079,0.003179,0.000839,-0.000991,-0.002655,0.001667,0.002963,-0.001028
Azerbaijan,0.0955797,0.0940626,-0.0459392,-0.0341289,-0.0361173,-0.0031066,0.0048856,-0.0045484,-0.0312193,-0.0120426,-0.0021629,0.001145,-0.00088,0.0000364,0.00302,-0.0008376,-0.0064494,0.0023211,0.001764,-0.0048573,0.000129,-0.0003647,-0.0009213,-0.0016814,0.0013173
Bangladesh,0.043578,-0.1108377,-0.1506329,0.1024836,-0.0583844,0.0624367,-0.003694,0.0096689,0.0426677,0.0289236,-0.0064956,-0.0013059,-0.0006159,0.0029099,-0.0047114,-0.0083151,0.0040046,0.001647,-0.0015803,0.003716,-0.0009091,0.002155,0.0026761,0.0046133,0.0000856
Belarus,0.1284692,0.1249174,0.0647268,0.0559488,0.0365504,0.0214406,0.009264,0.0115286,0.0004772,-0.0196988,-0.0020526,-0.0081066,0.017199,0.0236444,-0.0102246,-0.0029764,-0.0006172,0.0002826,0.0038084,-0.0010766,-0.0041872,-0.0041284,0.0071006,-0.0058068,0.0005709
Belgian(avg_flemish+walloon),0.1307415,0.1387523,0.0572203,0.0348424,0.0395343,0.0136235,0.0019348,0.0048457,0.0080828,0.0092308,-0.0057209,0.0038224,-0.0123909,-0.0082736,0.0145147,0.006263,-0.0032487,0.0014801,0.0027088,-0.0001846,0.0035392,0.0028489,-0.0027163,0.0108673,-0.0010748
Bosnia,0.1278122,0.1325356,0.0446454,0.0256817,0.0305345,0.0100236,0.0054663,0.0057402,-0.0022126,-0.0027272,-0.000203,-0.002859,0.0059797,0.015786,-0.0123576,0.0002908,0.0063805,-0.0005436,0.0045182,0.0021662,-0.0048711,-0.0027577,0.0066926,0.0008851,-0.0013112
Bulgarian,0.1245224,0.1350652,0.0262476,0.0029716,0.0242814,0.0009202,0.0052875,0.003392,-0.001043,0.0059226,-0.0009906,-0.0006145,0.0012191,0.0111337,-0.0138433,-0.0018827,0.0075491,0.0004433,0.003683,-0.0014007,-0.0061142,-0.0000124,0.0043137,-0.0008436,-0.0015207
Burma,0.0199897,-0.3787926,-0.0455057,-0.021026,0.050163,0.0375573,-0.0005983,0.0007693,0.004772,0.0094763,-0.0224093,-0.0019483,0.006095,-0.0014223,-0.0078717,-0.0021657,0.0076493,-0.0036317,-0.0061173,0.0083793,-0.0010813,0.022711,0.0045193,0.004097,0.0317337
Cambodia,0.0266937,-0.3994497,-0.0619733,-0.0343457,0.125919,0.0618207,0.000235,-0.0055383,-0.0056583,-0.0116023,0.0394063,0.0018487,-0.001784,-0.0027527,-0.001538,-0.003978,-0.0023033,-0.0025763,-0.0047347,0.0055863,-0.003785,0.0112113,-0.0006983,0.0000803,0.021515
Cameroon,-0.6270342,0.0620613,0.0227525,0.0172013,0.0019002,0.012726,-0.0258642,0.0320108,-0.0376246,0.0195824,0.002329,-0.0008559,0.0043663,0.0003191,-0.0004901,0.0006973,-0.0018445,-0.0025572,0.0008258,0.0004373,-0.0007603,0.0025768,0.0000199,-0.0001997,-0.0008141
China,0.0245931,-0.4206165,0.0012092,-0.0519611,0.0426751,0.0184802,0.0054278,0.001893,-0.0076033,0.0044919,-0.0675504,-0.0077984,0.0098208,-0.005102,-0.0066241,-0.0005509,0.0011424,-0.0006218,-0.0048002,-0.0037345,0.0066265,0.0129102,0.0089955,0.0003779,0.013475
Croatian,0.128051,0.133847,0.051892,0.031493,0.035822,0.012522,0.006016,0.006738,0.001841,-0.005886,-0.001153,-0.002383,0.004727,0.012785,-0.006637,-0.002201,0.002751,-0.000722,0.00181,-0.00075,-0.005166,-0.002424,0.004425,-0.001097,0.00018
Czech,0.1316363,0.1320187,0.06045245,0.0458014,0.03857635,0.0168729,0.00658005,0.0085958,0.0044789,-0.00750805,-0.00194865,-0.0031546,0.00599105,0.01110615,0.00066505,-0.0002453,-0.00193625,0.00001905,0.0034693,0.00236995,-0.002271,-0.0005626,0.0056079,0.0031812,0.00013765
DRC,-0.6287308,0.0644862,0.0203178,0.0182495,-0.000192,0.0143631,-0.0141595,0.0184319,-0.032749,0.0195219,0.0074905,-0.004833,-0.0021559,0.0012044,-0.0058359,0.0067122,-0.0069916,0.0000315,0.0006756,0.0043305,-0.0007179,-0.0012364,-0.0005548,-0.0010841,-0.0052092
Danish,0.13112418,0.13513707,0.066324435,0.0522766,0.041437471,0.019368141,0.0051036941,0.0074196,0.0033758588,-0.0026262824,-0.0053511647,0.0034098588,-0.0084526588,-0.0068843294,0.018785318,0.0059150706,-0.0067217412,0.0019898235,0.0033982706,0.0043211529,0.0055064235,0.0023610235,0.00073516471,0.013840247,0.00044803529
Dutch,0.1277648,0.1344515,0.06030309,0.044340418,0.040746345,0.016586898,0.0053918079,0.0072408305,0.0042418136,0.001867661,-0.0056762147,0.0044968531,-0.0098586215,-0.0086749096,0.017891288,0.0059403164,-0.0060470734,0.0018266102,0.003841226,0.0029992768,0.0045674633,0.0033854463,-0.000038237288,0.013874972,-0.00063257627
Egyptian,-0.019507034,0.13513538,-0.043394862,-0.086775621,-0.0045843103,-0.032110931,-0.014765241,0.0018142069,0.037230276,0.0011688966,0.0066075172,-0.0091521724,0.021478828,0.0019077931,-0.000032724138,-0.00030168966,-0.0041812759,-0.002739069,-0.0038576207,0.0021993103,0.00064972414,-0.00072486207,0.00031027586,0.0020484138,-0.00078458621
England,0.1310256,0.1383978,0.0615714,0.0435978,0.0405656,0.0165798,0.0042096,0.0060675,0.0058728,0.0063225,-0.0047016,0.0060474,-0.0131674,-0.0102992,0.020685,0.003362,-0.011448,0.0031043,0.0037232,0.0031019,0.0053728,0.0036374,-0.0020138,0.0140804,0.0003612
Eritrea,-0.228824,0.103643,-0.0313722,-0.0826352,0.0024812,-0.0384365,-0.012908,-0.000966,0.1015338,-0.0647904,-0.003062,-0.0094598,0.0158836,0.0011424,0.0217108,-0.0066798,0.009027,0.0007959,0.0078849,0.0012008,0.004249,0.0070718,-0.0023168,-0.0001101,-0.0027984
Estonia,0.1335539,0.1164008,0.0877228,0.0843296,0.0429181,0.030636,0.0115695,0.0144668,-0.000296,-0.0302318,-0.0008691,-0.0125903,0.0202956,0.0237351,-0.007688,0.0020669,0.0008669,-0.0019604,0.0014911,0.002647,0.0002564,-0.0028103,0.0054252,-0.0016715,0.0027905
Ethiopia(avg),-0.3429622,0.0833362,-0.0230594,-0.0557083,-0.0000469,-0.0271565,-0.001884,-0.006024,0.1019892,-0.0785834,-0.0086239,-0.0031312,-0.0023335,-0.0005232,0.0210211,-0.01637,0.016483,0.0047251,0.0082559,-0.0052669,0.001834,0.0056008,-0.0038875,0.001503,-0.0012045
Finnish(avg),0.129749,0.0862666,0.090345,0.0780946,0.0302894,0.022728,0.0089182,0.0144538,0.0039484,-0.0249804,0.0045594,-0.0065974,0.0136424,0.0054458,0.0012082,0.0011304,-0.0041392,-0.0000718,-0.000394,0.0038116,0.0084114,-0.0000972,0.001627,0.007286,0.0030064
France,0.1273729,0.1440659,0.0478882,0.0147089,0.0439079,0.005491,0.0009841,0.002339,0.0155078,0.0241214,-0.0045546,0.0069175,-0.0149475,-0.0106485,0.010386,0.0026208,-0.0032744,0.0015292,0.0009599,-0.0009794,0.0042712,0.0021594,-0.0027492,0.0011393,-0.0006154
Georgia,0.1077115,0.1308397,-0.0548735,-0.0461845,-0.0379044,-0.0076778,0.008968,-0.006295,-0.0541246,-0.017902,0.0001209,0.0090376,-0.0195615,0.0025371,0.0013682,-0.0148539,0.0077105,-0.0040414,-0.0060691,0.0108329,0.009196,0.0024153,0.0011083,-0.0055189,-0.0009102
German,0.13045795,0.13750637,0.057862092,0.03910967,0.039456826,0.015328771,0.0043637798,0.0060822936,0.0036382294,0.0010131468,-0.0043621651,0.0019799083,-0.0049548899,-0.0010542936,0.0080286147,0.0025241101,-0.0035526606,0.0015075413,0.003698367,0.0011174771,0.0027909174,0.001652844,0.00047944954,0.0079130367,0.000041770642
Greek_Central_Greece,0.11908725,0.14204725,0.005232625,-0.024749875,0.01607975,-0.008436375,0.00064625,-0.001557625,-0.00265875,0.014988875,0.003065125,0.0021355,-0.004812875,0.00445575,-0.015251625,-0.00222075,0.0081165,0.0021855,0.005027875,-0.00651875,-0.00534975,0.001159125,0.003805375,0.000873625,-0.001661375
Hungary,0.1273856,0.1307991,0.0548481,0.035392,0.036169,0.0120916,0.0065075,0.0073532,0.0021106,-0.0048594,-0.0015622,-0.0026238,0.0038645,0.0099586,-0.0051046,-0.000458,0.0004129,-0.0002982,0.0029397,-0.0012125,-0.0037293,0.000403,0.005001,0.001673,0.0005707
Iceland,0.1346987,0.1336267,0.067819,0.0563097,0.0393663,0.0229619,0.0033488,0.0085188,0.0026418,0.0000607,-0.0054806,0.0051702,-0.0063675,-0.0090831,0.0230725,0.0052924,-0.0116909,0.0019109,0.0017389,0.0038873,0.0092545,0.0028028,-0.0008422,0.0140179,0.0008282
India,0.0481261,-0.0673092,-0.1530806,0.1081382,-0.0731264,0.0612136,-0.0001295,0.0112618,0.0380961,0.0229842,-0.0035627,0.0008009,-0.001155,0.0004313,-0.0033,-0.0045785,0.0011952,-0.0003476,0.0016107,-0.0009906,0.0019217,0.0005196,0.0022336,0.0005721,-0.0045122
Indonesia,0.010622,-0.3986474,-0.0812926,-0.0322972,0.1412676,0.0622616,-0.0047389,-0.0120334,-0.010409,-0.0188626,0.0828474,0.0076368,-0.0088529,0.005052,0.0059754,0.0022143,-0.001228,-0.0009977,0.0012898,0.0094298,-0.0133561,0.0012463,-0.0118502,0.000968,0.0161694
Iran,0.0840697,0.1017306,-0.0703868,-0.0267092,-0.0474977,0.000392,0.0034309,-0.0042687,-0.0266901,-0.0147691,0.0017226,-0.0016615,0.0051182,-0.0019753,0.005385,0.0125982,-0.005207,0.0033139,0.0036811,-0.0112555,-0.0005453,-0.0048522,-0.0002799,-0.0050368,0.004505
Iraqi:,0.045985755,0.11964389,-0.060991499,-0.064513674,-0.026913487,-0.020505496,-0.0045495608,-0.0042909203,0.0061636896,-0.0049901957,0.005995497,-0.010517103,0.020545893,-0.00057532195,0.0014583595,0.012309856,-0.0072296855,0.0019558565,0.00081081204,0.0015734669,0.0035272333,0.0020326942,-0.002941998,-0.00036016745,-0.00030506093
Ireland,0.1333666,0.1340977,0.0612989,0.0488642,0.037788,0.0193517,0.0032928,0.0047129,0.0035683,0.0029265,-0.0069712,0.0058395,-0.0141892,-0.0140763,0.0259353,0.0052146,-0.0111456,0.0018944,0.0005974,0.0017758,0.0051145,0.0012787,0.0002929,0.0144074,0.0006607
Israel,0.0977774,0.1369093,-0.0110437,-0.0445826,0.0085064,-0.0159944,-0.001921,-0.0009685,0.0077698,0.015806,0.002698,-0.000195,0.0022598,-0.0005537,-0.0046609,0.0009246,-0.0011649,0.0003172,-0.0010716,-0.0033194,-0.0030383,-0.0033478,0.0017022,0.002628,0.0002671
Italy,0.1160912,0.1475467,0.0124004,-0.0243908,0.0241347,-0.0089851,0.0009555,-0.0005419,0.0072179,0.0226022,-0.0008627,0.0043428,-0.0090109,-0.0032736,-0.0039812,-0.001934,0.0017011,0.0005811,0.0029856,-0.0036246,-0.0020506,0.0015323,-0.0001164,0.0028339,-0.0003809
Jordanian,0.048944,0.131206,-0.047442,-0.07442,-0.012618,-0.027276,-0.004935,-0.003231,0.014889,0.000838,0.006463,-0.008722,0.015996,-0.000936,-0.001113,0.009812,0.000104,0.000887,-0.002011,0.004227,0.001622,0.002893,-0.001134,0.002506,-0.002443
Kazakhistan,0.0604829,-0.25128,0.046942,-0.010332,-0.036322,-0.0151473,0.0113157,0.0124004,-0.0048216,-0.0016309,-0.0264125,-0.0020869,0.0004108,-0.0020816,0.0034609,0.000625,-0.0008164,0.000304,0.0018823,0.0071394,-0.0130334,-0.0039167,-0.0082853,-0.001211,0.0007934
Kenya,-0.5049139,0.0728521,0.0018192,-0.016656,0.0009334,-0.0061634,-0.014235,0.0166499,0.0401851,-0.0417337,-0.0049389,0.0078987,-0.0206511,0.0013998,-0.0136354,0.0114898,-0.0056407,-0.0022543,-0.0046861,0.0027353,0.0015128,0.0003246,-0.0011333,0.0009559,0.0012403
Kirghizstan,0.0595674,-0.2600666,0.0457718,-0.011646,-0.038625,-0.0142211,0.0110916,0.0124246,-0.004745,0.0014206,-0.0287392,-0.0023402,0.0018944,-0.0040899,0.0038472,0.0006481,-0.0033046,0.0016914,0.00372,0.007563,-0.0131356,-0.0060019,-0.010416,-0.0010319,0.0015229
Kuwaiti_Arab_Al-Awazem_(n=4),0.06288725,0.14522075,-0.06901325,-0.125325,-0.0103095,-0.050828,-0.01562825,-0.009865,0.060999,-0.00528475,0.0225315,-0.03357025,0.07013075,0.010287,0.0051575,0.030098,-0.03073825,0.0053525,0.002577,0.035267,0.01356975,0.02027875,-0.00496075,0.00695875,-0.0111965
Laos,0.0176994,-0.4434817,-0.0331114,-0.0630658,0.1146368,0.0508418,0.0011868,-0.0071536,-0.017139,-0.0079364,-0.0109368,-0.0040688,0.0022968,-0.003764,-0.0013572,0.0023536,0.0017146,0.0004054,-0.0047954,-0.01068,0.009658,0.0078333,0.0173286,0.0008556,0.0087596
Latvia,0.1353794,0.1231669,0.0876232,0.0874132,0.043341,0.0332716,0.0121544,0.01453,-0.0024115,-0.0355864,-0.0036714,-0.0133145,0.0228033,0.0308632,-0.0107604,0.0031363,0.0028028,-0.000392,0.001929,0.0039469,-0.0031296,-0.0056396,0.0089076,-0.0089274,0.0020015
Lebanon,0.0826696,0.1403404,-0.0478579,-0.0720703,-0.0150112,-0.0260784,-0.0012357,-0.0051341,0.0011488,0.0071565,0.0054656,-0.0037951,0.0104958,0.0016086,-0.0086104,0.0061685,-0.0021818,0.0010128,0.0022135,-0.0001111,-0.00075,0.0001642,-0.001415,0.0022128,-0.0008241
Libyan,-0.035474833,0.13320356,-0.022313,-0.083046889,0.010087222,-0.035248611,-0.021190111,0.0027692222,0.052676278,0.011987056,0.0065495556,-0.012971889,0.030103722,-0.0056424444,0.0077360556,0.0003315,-0.0034623889,-0.0097832778,-0.020886889,0.011415222,-0.0031542222,-0.014536,0.010530889,-0.000154,-0.0000066666667
Lithuania,0.1351696,0.1252487,0.0841702,0.0812399,0.0437402,0.0310126,0.010828,0.0158916,-0.003142,-0.0316931,-0.003967,-0.0118045,0.0215508,0.0293188,-0.0113644,0.0003735,0.003076,-0.0004276,0.0028895,0.0028811,-0.0041329,-0.0054201,0.0084179,-0.0077303,0.0001022
Madagascar,-0.3911846,-0.0922088,-0.0142964,-0.0059328,0.0445766,0.0269996,-0.0107361,0.0103373,-0.0197999,-0.0010522,0.0253009,0.0040405,-0.0103432,0.0009253,-0.0085644,0.0104976,-0.0093872,0.0069894,-0.0043069,0.0041124,-0.0018615,-0.0053439,-0.0024218,-0.0010736,-0.0046523
Malaysia,0.0125454,-0.385901,-0.0741056,-0.0279072,0.122238,0.0542164,-0.002961,-0.0072458,-0.011126,-0.0156724,0.0582328,0.0066242,-0.0072548,0.0023122,0.0072202,0.001273,-0.0052416,-0.0001522,0.00269,0.0022262,-0.009658,-0.0049956,-0.0091698,-0.0026508,0.0007422
Mali,-0.6074998,0.0678667,0.0182695,0.0106949,-0.0002223,0.0090486,-0.0379544,0.0385626,-0.0308035,0.0258573,0.0050792,-0.001224,0.0194993,-0.0009938,0.0165353,-0.0121246,0.0109161,-0.0002674,-0.0019414,-0.0022025,-0.0017954,-0.0056467,0.0005958,-0.0010042,0.0014968
Maltese,0.091912,0.14649,-0.002498,-0.043403,0.013272,-0.017814,-0.004406,-0.000923,0.011095,0.020524,0.00615,0.000974,-0.002899,-0.000723,-0.004258,0.000878,-0.000407,-0.003769,-0.000487,-0.002361,-0.006145,-0.002597,0.002819,0.00119,0.002904
Mauritania,-0.281556,0.1072828,0.0038091,-0.0466109,0.0190314,-0.0207135,-0.0381258,0.0237008,0.0408209,0.0262913,0.0068322,-0.0065523,0.0229198,-0.0124455,0.0193677,-0.0161371,0.0022595,-0.0196716,-0.0353835,0.0071463,-0.0128932,-0.0316768,0.0201325,-0.0014954,0.0050785
Moldovan,0.123932,0.127666,0.040145,0.020065,0.027646,0.008353,0.007173,0.006615,-0.000974,-0.002031,-0.001744,-0.00197,0.005033,0.014087,-0.010887,-0.0037,0.004119,-0.000356,0.003415,-0.001129,-0.004067,0.000271,0.00351,-0.000485,-0.000319
Mongolia,0.0516758,-0.3278128,0.0638842,-0.0265506,-0.045916,-0.0297298,0.014242,0.0177686,-0.0009406,0.008966,-0.0321206,-0.0031172,-0.000327,-0.0007432,0.0032574,0.0006894,-0.0033898,0.0001014,0.0042236,0.0090292,-0.021537,-0.0095706,-0.0186106,0.0002652,0.0007422
Montenegro,0.126591,0.1366725,0.0397608,0.0141242,0.0317863,0.0067547,0.0046024,0.0060639,-0.0002013,0.0018843,-0.0016454,-0.0008072,0.0003402,0.0109943,-0.0129125,0.0019988,0.0075441,-0.0008598,0.0063923,-0.0015686,-0.0057102,0.0004985,0.0053459,0.0013221,0.0000904
Moroccan,-0.055915687,0.13252663,-0.0062225,-0.068778813,0.022984813,-0.031131187,-0.02704075,0.0061584375,0.057202688,0.028816,0.00750025,-0.0062756875,0.02175075,-0.014132125,0.01678675,-0.010043688,-0.002192125,-0.016192313,-0.036617437,0.0098795625,-0.010208437,-0.029676562,0.020821125,-0.0021763125,0.0046326875
Nigeria,-0.600619,0.0676179,0.0200702,0.0115211,0.0022028,0.0084838,-0.0355418,0.041122,-0.0377891,0.0323484,0.0049189,-0.0019008,0.0197946,0.0008972,0.0086907,-0.0078678,0.0074813,0.0008874,-0.000029,0.0009118,-0.001153,-0.0021546,0.0001978,0.0007151,-0.0012392
North_Macedonia,0.1223264,0.1419174,0.0231596,-0.0061142,0.0243356,0.000981,0.0042122,0.0018692,0.0005823,0.0077172,0.0004805,0.0009512,0.0006016,0.0092952,-0.0163503,-0.0008696,0.0088944,0.000374,0.0046818,-0.0040152,-0.0097432,0.000419,0.0036171,-0.0002178,-0.0005304
Norwegian,0.13180044,0.12968906,0.067948176,0.054815,0.040704324,0.019784735,0.0042922353,0.0059588824,0.0061958529,-0.0029425,-0.0047667353,0.0042889412,-0.0094224412,-0.0096295588,0.020162441,0.0055805,-0.0079840588,0.0034354412,0.0034492647,0.0046823235,0.0056077059,0.0036114118,0.00018114706,0.013286618,-0.00023594118
Oman,0.020488,0.120848,-0.061848,-0.075582,-0.025543,-0.0204985,-0.00705,-0.006692,0.0202475,-0.007745,0.008444,-0.0203815,0.0390235,0.0016515,0.000136,0.0174355,-0.0188405,0.004054,-0.0013195,0.0108175,0.011792,0.007419,-0.007395,-0.000181,0.0016165
Pakistan,0.0715562,0.009899,-0.1004651,0.0570279,-0.0688983,0.0389625,0.0029426,0.0036306,-0.0101027,-0.0102157,-0.0056996,-0.0010543,0.001175,-0.0070383,0.0097897,0.0142314,-0.0044564,0.0015515,0.0026481,-0.0129169,-0.0010538,-0.0068352,0.0009226,-0.0055344,0.0050303
Palestinian(avg.Christian+Muslim),0.0669015,0.1399108,-0.048503,-0.0822094,-0.012587,-0.0290232,-0.0050631,-0.0045527,0.0106026,0.0062675,0.0065814,-0.0064508,0.0150865,-0.0011331,-0.00442,0.0097456,0.0016238,0.000011,-0.0001467,0.0031053,0.0039801,0.0040807,-0.0017593,0.0001587,0.0011167
Polish,0.13182992,0.1293784,0.06961648,0.05779762,0.04004428,0.02235594,0.00861064,0.01048572,-0.00085494,-0.01849322,-0.00420584,-0.0062854,0.01334676,0.0188709,-0.00750806,-0.0012914,0.00168978,-0.00011656,0.0027804,0.00094294,-0.00325676,-0.0033164,0.00547216,-0.00310156,-0.00022752
Portugal,0.1061741,0.1446114,0.0360075,-0.0044316,0.042137,-0.0040494,-0.0037412,0.0027598,0.0255982,0.029741,-0.000734,0.0074214,-0.0127373,-0.0112631,0.0125568,-0.0003978,-0.0011316,-0.0008869,-0.005762,-0.0002452,0.0011379,-0.002572,0.0013015,-0.0011326,-0.0001053
Qatari_Arab_(n=3),0.056911667,0.13168033,-0.06619731,-0.091680058,-0.013801623,-0.041303701,-0.0060364161,-0.005923,0.044995333,-0.0075933333,0.012449667,-0.027176,0.060257333,0.0053673333,0.006605,0.033235667,-0.021861333,0.0066303333,-0.0037706667,0.025118792,0.010937211,0.0086288511,-0.0069918767,0.0053811333,-0.0057890089
Romanian,0.124378,0.13405,0.034421,0.008486,0.028537,0.003651,0.003782,0.005664,0.001934,0.006014,-0.0031,-0.000463,-0.000243,0.008558,-0.012301,-0.001892,0.004741,-0.00106,0.003874,-0.003001,-0.006965,-0.002327,0.003966,0.00126,-0.000718
Russia,0.1281547,0.0957675,0.0782573,0.0674693,0.0285017,0.0216185,0.0104163,0.0129901,-0.0022348,-0.0270165,0.0022489,-0.0098479,0.0181522,0.0181615,-0.0108545,-0.0024458,0.001896,-0.0017241,0.0000292,0.0021164,-0.0007812,-0.0027228,0.0031433,-0.0032516,0.0003591
Saharawi,-0.082942348,0.13338757,-0.01016587,-0.082744174,0.024847304,-0.036546783,-0.03265613,0.0081368261,0.080573565,0.029197304,0.011070609,-0.0095719565,0.030882652,-0.016024174,0.02398713,-0.014717565,-0.0043252609,-0.025679174,-0.049945826,0.013038913,-0.015445652,-0.043052696,0.028936435,-0.0029127826,0.0080543043
Saudi_Arabia,0.0463187,0.1363021,-0.0608713,-0.1041669,-0.0122891,-0.0419048,-0.0110368,-0.0067458,0.0473154,-0.0070398,0.0131968,-0.0267225,0.0546426,0.0055025,0.0029928,0.0208714,-0.0229894,0.0054721,-0.000236,0.0219083,0.0099155,0.0140537,-0.0059378,0.0059769,-0.0079059
Serbian,0.127311,0.137587,0.039943,0.015698,0.032068,0.004895,0.004653,0.006411,0.000508,0.001488,-0.001378,-0.001474,0.002859,0.012297,-0.013746,-0.001772,0.00583,0.000289,0.00591,-0.002357,-0.007726,-0.000998,0.00502,-0.000207,-0.001579
Slovakian,0.130441,0.128769,0.062677,0.051486,0.041238,0.020024,0.006768,0.0078,-0.001841,-0.011554,-0.001916,-0.003747,0.009871,0.010432,-0.009148,0.009281,0.012934,0.000253,0.00543,0.002351,-0.003718,-0.002077,0.004338,0.001928,-0.001892
Slovenian,0.128848,0.135269,0.056191,0.033851,0.03496,0.012662,0.006533,0.006969,0.003109,-0.004483,-0.003183,-0.002248,0.00223,0.015194,-0.008632,-0.002201,0.000209,0.001368,0.007818,-0.001151,-0.004018,-0.002795,0.001405,-0.001976,0.002179
Somali_Somalia,-0.29697473,0.093521091,-0.026741364,-0.069797364,0.00036381818,-0.033973909,-0.021022818,0.0062094545,0.11566745,-0.080167364,-0.0091379091,-0.0066077273,0.005149,-0.0013137273,0.025096,-0.017911636,0.015717091,-0.0024531818,0.0094500909,-0.0042291818,0.00096436364,0.0045975455,-0.002902,-0.00098590909,-0.0020138182
South_Africa,-0.670341,0.070233,0.018743,0.016388,0.000614,0.011811,0.030538,-0.010023,-0.024455,0.017947,0.003368,-0.020207,-0.000231,0.001396,0.00937,-0.010257,0.011308,0.059376,-0.022166,-0.000802,-0.009068,-0.00281,0.002982,-0.001046,0.000546
South_Sudan,-0.6779179,0.0545678,0.0030419,-0.0049742,-0.0026261,-0.0019337,-0.0101839,0.0137534,0.0733831,-0.0899031,-0.0188479,0.0219105,-0.0369769,-0.0003396,0.0076185,-0.0156191,0.0180017,-0.0113682,0.0194245,-0.0184254,-0.0006737,0.0046822,-0.0033358,-0.0034782,0.0036403
Sri_Lanka,0.0361523,-0.0829592,-0.1713834,0.111013,-0.080264,0.0609838,-0.0015946,0.012296,0.04276,0.0277262,-0.0033636,0.0021198,-0.0032209,0.0043284,-0.0048893,-0.0090226,0.0017042,-0.0002894,0.004274,0.0028226,0.0055705,0.0009335,0.0023564,-0.00008,-0.0031478
Sudan,-0.3197262,0.0969297,-0.025405,-0.0506118,-0.0055197,-0.0196677,-0.0099562,0.0046825,0.0545628,-0.0453458,-0.004508,0.001869,-0.000857,0.0018875,0.0040085,-0.0029504,0.0025635,-0.0053615,0.0096203,-0.0038222,0.0015794,0.0054822,-0.0038682,-0.0002675,0.0004131
Swedish,0.13220493,0.12593516,0.072502308,0.059102963,0.040384121,0.020809963,0.0064197664,0.0093446729,0.0037406916,-0.006650729,-0.004191785,0.00054619626,-0.0030787944,-0.0033274019,0.014646411,0.0061623458,-0.0048949346,0.0015794766,0.0028429439,0.0050947196,0.0068080654,0.0024371869,0.0012693271,0.011635336,0.00024508411
Swiss(avg_french+german+italian),0.1257113,0.142259,0.0369003,0.006137,0.0361863,0.0036953,0.001283,0.0039033,0.0099307,0.0172743,-0.000505,0.004985,-0.0140337,-0.0082727,0.004545,0.0009963,0.0030967,-0.0009627,0.00371,-0.0011863,0.003017,0.0023033,-0.0007907,0.0052317,-0.001186
Syrian,0.063236,0.127167,-0.048649,-0.062806,-0.01773,-0.020127,-0.003486,-0.002269,-0.000568,-0.001053,0.002806,-0.005603,0.011422,0.000986,-0.002217,0.004773,-0.004665,-0.000739,0.00192,0.001438,0.001608,0.000927,-0.002232,-0.000522,-0.000246
Tajikistan,0.0948268,0.029308,-0.0321375,0.0344139,-0.0464236,0.0217433,0.0044519,-0.0014211,-0.0293159,-0.0255489,-0.0069365,-0.0003791,-0.0007172,-0.0110236,0.0133918,0.0131035,-0.0037128,0.0002764,0.0016783,-0.0085852,-0.0072686,-0.0024096,0.0013632,0.0016384,0.0027528
Thailand,0.0220256,-0.3826316,-0.0627192,-0.0302472,0.1043436,0.0571788,-0.0020837,-0.0059228,-0.0051312,-0.007828,0.026527,0.0019551,-0.0041427,-0.000679,-0.0001143,-0.0013437,-0.0011414,-0.0022776,-0.004042,0.0004197,-0.0001553,0.0088068,0.0018212,0.001296,0.0159533
Tunisian,-0.048517,0.131384,-0.015085,-0.075138,0.019619,-0.030678,-0.022091,0.005019,0.054378,0.019795,0.00544,-0.008037,0.02674,-0.010184,0.013046,-0.007143,-0.003716,-0.012922,-0.029005,0.005174,-0.01045,-0.022829,0.018117,-0.003344,0.00021
Turkey,0.1002831,0.0830109,-0.0202461,-0.0328479,-0.0192237,-0.0111221,0.0048499,-0.0005237,-0.0189845,-0.0007441,-0.0006198,0.0015332,-0.002934,0.0019408,-0.0049107,0.0001046,0.0038407,0.0008581,0.0018955,-0.0012275,-0.0025183,0.0000178,-0.0016338,-0.0004467,-0.0001946
Turkmenistan,0.0852689,-0.0473852,0.0030785,-0.0010926,-0.037228,-0.0011517,0.0072231,0.0039393,-0.017354,-0.0119213,-0.0063481,-0.0022659,0.0006671,-0.0058493,0.0005765,0.0055162,0.0004385,0.0007512,-0.0030982,-0.0009761,-0.0061496,-0.0037484,-0.006407,0.002304,0.0009683
Ukraine,0.1275244,0.1262615,0.0585965,0.0444641,0.0345502,0.0165661,0.0082079,0.0100555,-0.0009366,-0.0158974,-0.0026752,-0.0071311,0.0125518,0.0201445,-0.0103244,-0.0017842,0.0027125,-0.0003058,0.0031778,-0.0001871,-0.0042282,-0.0045802,0.0054016,-0.0030968,0.0005734
United_Arab_Emirates,0.05272,0.1183849,-0.0706391,-0.0739293,-0.0268506,-0.0256936,-0.0070148,-0.0046234,0.0230692,-0.0050354,0.0103448,-0.0214978,0.0428138,0.0040372,0.0034457,0.0261428,-0.0238111,0.0061002,0.0006994,0.0178422,0.0109307,0.0101395,-0.005188,0.0025419,-0.0060704
Uzbekistan,0.0779878,-0.081293,-0.0063292,0.0025194,-0.03793,0.0022452,0.008425,0.006442,-0.0143815,-0.0097193,-0.0116704,-0.0029574,0.0020688,-0.0065278,0.0046982,0.0053014,-0.0032966,0.0006842,0.0008717,-0.0017091,-0.0075368,-0.0026894,-0.0038412,0.0003072,0.0031375
Vanuatu_average,-0.0302183,-0.280677,-0.1857759,0.1780498,0.1653939,-0.2917669,-0.0011011,-0.0000488,-0.0233452,-0.0109226,0.0100362,0.0028384,0.0011284,-0.0013507,0.0014414,-0.0004024,-0.0008346,-0.0007226,0.002942,-0.0033308,0.000516,-0.0078954,-0.0034536,-0.0051096,-0.0188749
Vietnam,0.018795,-0.442885,-0.0326918,-0.0613216,0.1088164,0.0502597,0.001507,-0.0074362,-0.016349,-0.0078544,-0.0141582,-0.0044454,0.0041253,-0.0049286,-0.0022783,-0.0001724,0.000608,0.0000506,-0.005548,-0.0098766,0.0101727,0.0081239,0.0158758,0.0001536,0.00667
Yemen,0.0456864,0.1401834,-0.0626503,-0.1124703,-0.01001,-0.048016,-0.0117995,-0.0079075,0.0531423,-0.0052276,0.0131709,-0.0279854,0.0535958,0.0048391,0.0042466,0.0200975,-0.0194695,0.0044048,0.0019409,0.0201284,0.010793,0.0138626,-0.0080497,0.0043098,-0.0053947
Mexico_47Tolkien,0.0583823,-0.0597303,0.0773283,0.0566434,-0.02679,-0.0005323,-0.1172185,-0.1351733,-0.0053762,-0.0050669,-0.0026094,-0.000986,0.0010194,0.0093027,-0.0015106,0.0022102,0.0019614,0.0004437,0.0017547,0.0000916,-0.0010301,0.0021515,0.0010332,0.0015784,-0.0001587
Guatemala_47Tolkien,0.0579817,-0.1472209,0.0912428,0.0712689,-0.0597264,-0.0073738,-0.1780715,-0.2114876,-0.0081115,-0.0104413,-0.0015082,-0.0012301,0.0030815,0.0125731,-0.0052779,0.0050936,0.0023014,0.0008145,0.0028972,0.0003001,0.0019033,0.0045788,0.0004634,0.0014493,-0.0026534
Honduras_47Tolkien,0.0511376,-0.0636064,0.079255,0.0589869,-0.030238,0.0002817,-0.127181,-0.1455284,-0.0058819,-0.0070346,-0.0037904,-0.0008249,0.0020691,0.012418,-0.0004046,0.0022255,0.0015945,0.0008334,0.0027167,0.0021224,0.0005302,0.0023458,0.0019208,0.002649,-0.0002817
ElSalvador_47Tolkien,0.0475232,-0.0869181,0.0816276,0.0617878,-0.0394984,-0.0032495,-0.1383081,-0.1611647,-0.0066972,-0.0067679,-0.0014105,-0.0009817,0.0028817,0.0102841,-0.0034439,0.0037929,0.0018695,0.0007235,0.0026401,0.0003624,0.0015112,0.0034531,0.0006305,0.001752,-0.0021257
Nicaragua_47Tolkien,0.0124848,-0.0312142,0.0719579,0.0524096,-0.0201619,0.0021873,-0.1049692,-0.1140435,-0.0069376,-0.0032307,-0.0029685,-0.0007821,0.0029874,0.0104345,0.0005145,0.0013064,0.0017246,0.0007771,0.0024429,0.001845,0.0003932,0.0017308,0.0017333,0.0025709,-0.0003343
CostaRica_47Tolkien,0.0394452,-0.0083328,0.0700497,0.0500452,-0.0121262,0.0034806,-0.0894607,-0.0982798,-0.0046555,-0.0031707,-0.0029775,-0.000615,0.0021012,0.0094154,0.0005751,0.0013552,0.01229,0.0007064,0.0024288,0.0016586,0.0004202,0.0015165,0.0017064,0.002693,-0.0002899
Panama_47Tolkien,-0.1837896,-0.0543311,0.0613488,0.0441236,-0.0309651,0.0008385,-0.1242263,-0.1100137,-0.0161591,0.0074623,-0.0003267,0.0001194,0.0056233,0.0117241,-0.0001735,-0.0005632,0.0061071,-0.0008052,0.0043575,0.0039509,0.0001915,0.0048784,-0.0034346,-0.0037838,-0.0031469
Cuba_47Tolkien,-0.0263692,0.0751652,0.0504929,0.0308295,0.01855,0.0085505,-0.0239685,-0.0112251,-0.0049687,0.0061625,-0.0021649,-0.0003102,0.0032711,0.003676,0.0023059,-0.0010122,0.00093,0.000312,0.0017814,0.0007338,0.0003207,-0.0004768,0.0009974,0.0021977,-0.0014643
Haiti_47Tolkien,-0.5715378,0.0701341,0.0214228,0.0123592,0.0035284,0.0086006,-0.0339237,0.0397384,-0.0360808,0.0310906,0.0046342,-0.0018165,0.0189585,0.000969,0.008414,-0.0075265,0.0071441,0.0008647,0.0000558,0.0008959,-0.0010905,-0.0020722,0.0002457,0.0008138,-0.001195
DominicanRepublic_47Tolkien,-0.1788107,0.0547288,0.0473311,0.0313041,0.0053273,0.0068245,-0.0462361,-0.0202607,-0.0144549,0.0118161,0.0006793,-0.0007378,0.0076414,0.0045087,0.0036144,-0.0025218,0.0032408,0.0003597,0.001132,0.0006933,-0.0004113,-0.0001255,0.0004461,0.0014334,-0.0007106
PuertoRico_47Tolkien,-0.0366906,0.0495991,0.0570287,0.0381738,0.0067403,0.007072,-0.0504658,-0.0409743,-0.0070589,0.0055401,-0.0011784,-0.000762,0.0032911,0.0052343,0.01739,-0.0007689,0.0022158,0.0004488,0.0010111,-0.0000799,-0.000074,0.0012676,0.001396,0.0011934,-0.0011012
Colombia_47Tolkien,0.0097306,-0.0839014,0.0786828,0.0603145,-0.037644,-0.0036129,-0.1403826,-0.1576725,-0.0058832,-0.0022099,-0.0002979,0.0000574,0.0018515,0.0131378,0.0001985,0.0024676,0.0031209,-0.0003232,0.0007893,0.0008778,-0.000926,0.0025,-0.0006541,-0.0006798,-0.0007309
Venezuela_47Tolkien,-0.0304821,0.0073824,0.0628113,0.0447494,-0.0075091,0.0034561,-0.0780652,-0.0762591,-0.0071727,0.0025064,-0.0005522,-0.0002245,0.0036126,0.0074233,0.0009531,0.0005872,0.0025433,0.0000045,0.0014164,0.0003851,0.0005581,0.0007388,0.0014875,0.000791,-0.0009656
Brazil_47Tolkien,-0.031477,0.097488,0.041075,0.008392,0.02232,-0.00044,-0.026716,-0.02029,0.008671,0.021373,-0.000868,0.004381,-0.004783,-0.004516,0.004951,-0.000103,-0.001362,-0.000011,-0.002222,-0.000213,0.001654,-0.000693,0.000028,-0.00026,0.000427
Ecuador_47Tolkien,-0.0099608,-0.1163249,0.0840744,0.0574257,-0.0443132,-0.0055409,-0.1628591,-0.1761991,-0.0082308,-0.004747,-0.0047847,0.0002091,0.0029008,0.0150009,0.0007693,0.0056552,0.0041764,0.0000283,0.0032188,0.0028612,-0.0025086,0.0037748,-0.0007952,-0.0030027,-0.0020381
Peru_47Tolkien,0.0259398,-0.1634455,0.0916105,0.0745139,-0.0618807,-0.0096645,-0.198097,-0.2260607,-0.0082874,-0.0077372,-0.0021642,-0.0012241,-0.0027413,0.0184593,-0.0055652,0.004055,0.0068406,-0.0018717,0.0035001,-0.0003471,-0.0003615,0.0016419,-0.0042359,-0.0035765,-0.0032684
Bolivia_47Tolkien,0.0259398,-0.1634455,0.0916105,0.0745139,-0.0618807,-0.0096645,-0.198097,-0.2260607,-0.0082874,-0.0077372,-0.0021642,-0.0012241,-0.0027413,0.0184593,-0.0055652,0.004055,0.0068406,-0.0018717,0.0035001,-0.0003471,-0.0003615,0.0016419,-0.0042359,-0.0035765,-0.0032684
Chile_47Tolkien,0.0789388,-0.0588166,0.0809604,0.0586369,-0.0287442,-0.0008355,-0.1212102,-0.1434973,-0.0033003,-0.0064854,-0.0010803,-0.0003232,-0.000167,0.0115069,-0.0024406,0.0018795,0.0016984,-0.0000098,0.0018361,0.0016185,-0.0005167,0.0009705,0.0001802,0.0015672,-0.0004304
Argentina_47Tolkien,0.0844344,0.0510085,0.0637523,0.0422967,0.0080236,0.0056462,-0.04754,-0.0528233,0.0002592,-0.0007208,-0.0017362,-0.0000283,0.0003047,0.0059269,0.0008082,0.0010538,0.0005607,0.0001325,0.0016992,0.0009487,-0.0000162,0.0004931,0.0007754,0.0024647,-0.0005092
Uruguay_47Tolkien,0.0741313,0.0841453,0.0584216,0.0378209,0.0184023,0.0088053,-0.0272905,-0.0266142,0.0001861,0.0020441,-0.0014386,0.0002836,-0.0001153,0.0048054,0.0016045,-0.0001915,0.0008256,0.000665,0.0025459,0.0006615,0.0010729,-0.0012475,0.0001355,0.0021024,-0.0005951
Paraguay_47Tolkien,0.0315814,-0.0287013,0.0749993,0.0564879,-0.0175459,0.0019543,-0.1074,0.1205732,-0.0080193,-0.0032238,-0.0007826,0.0031647,0.0020724,0.0078953,0.0014642,0.0026408,0.0028237,0.0014045,-0.0021002,0.0008062,-0.0010019,0.0032669,0.0037937,-0.0014923,0.0018461
Anglo-Australian_(n=16),0.13044212,0.13769594,0.060423688,0.043771625,0.040164812,0.01733675,0.003791375,0.0056045,0.00592225,0.0041178125,-0.005171375,0.005202125,-0.012569937,-0.010724313,0.021684312,0.0056094375,-0.0086859375,0.001959,0.0018043125,0.0027543125,0.005381125,0.00190875,0.0004586875,0.012024625,0.0005870625
Anglo-New_Zealander_(n=80),0.13711507,0.14244939,0.065406337,0.045433925,0.043871712,0.0178088,0.0059321375,0.005776875,0.005024175,0.0063654,-0.005318125,0.0058337125,-0.01332565,-0.009143575,0.014510588,0.0035019875,-0.0039462875,0.0014801125,0.0012579,0.001832475,0.0043461375,0.0044224875,-0.0020180125,0.0061381875,-0.0013908875
United_States,0.028121,0.059199,0.051517,0.028833,0.026441,0.011006,-0.022398,-0.017965,0.000303,0.008809,-0.006083,0.003275,-0.006099,-0.006811,0.012202,0.001888,-0.004753,0.002106,0.001885,0.001001,0.004031,0.002362,0.000714,0.006798,0.000302
Canada_47Tolkien,0.0789865,0.0431354,0.034956,0.0324738,0.0219839,0.0149901,-0.0086049,-0.0058859,0.0032164,0.0016713,-0.002443,-0.0003749,0.0006261,0.0016707,0.0007376,0.0000075,-0.0004327,0.0005737,0.0023294,0.0004941,0.0010532,-0.0010021,0.0015066,0.0025431,-0.0012591
Greenlander_West_(European-Mixed)_(n=7),0.086993429,-0.13695143,0.093418286,0.050941714,-0.050295143,-0.012669571,-0.062848714,-0.071238857,0.005493,-0.008487,0.013385429,-0.0044958571,0.000892,-0.0092207143,-0.010295571,-0.009073,-0.0081954286,0.0073842857,0.019178,0.01356,0.017897,-0.025613714,0.0070251429,0.025218571,0.023470857
Cape_Verdean_(n=14),-0.2607705,0.111911,0.026840571,0.0046151429,0.020991429,0.0041039286,0.0009335,0.0061472857,-0.001868,0.027214357,0.00087807143,0.0021271429,0.0011125714,-0.0043095714,0.0064884286,-0.0014160714,-0.00098564286,-0.00065242857,-0.0032452143,0.000335,0.0014857857,-0.0020999286,0.00018985714,0.000036285714,0.00049457143
Samoan_(n=7),0.0022762857,-0.39953843,-0.091640286,0.0068752857,0.15167671,-0.045817857,-0.00090642857,-0.0072851429,-0.025565429,-0.016635429,0.041455429,0.0069794286,-0.0056915714,-0.0014154286,0.006941,0.010436714,-0.002645,0.003131,0.0042377143,-0.012899143,0.0039038571,-0.022186714,-0.0046302857,-0.007247,-0.052450286
Tswana_(low_res)_(n=3),-0.62299167,0.064317,0.016342,0.016257667,0.0015386667,0.012085333,0.035721667,-0.021614333,-0.024065667,0.0084436667,0.0064413333,-0.0042963333,-0.013924333,0.0034403333,-0.010314667,-0.0013703333,-0.012125667,0.058234667,-0.028072667,-0.001334,-0.0022876667,-0.010263,0.0052173333,0.000482,0.0013173333
Hutu_Burundi_(n=1),-0.570254,0.067025,0.008297,-0.001938,0.004924,0.002231,-0.003995,0.011999,0.003272,-0.008383,-0.001299,0.005695,-0.010704,-0.00055,-0.015336,0.011668,-0.007823,0.004434,-0.004148,0.002626,-0.003119,-0.002597,0.002342,0.000843,-0.001197
Mauritian_(n=1),-0.06133,-0.060337,-0.037849,0.034812,0.010888,0.039352,0.00008,0.002359,0.0162,0.022006,-0.011143,0.003922,-0.007131,-0.002946,0.005287,-0.001241,0.000732,0.000185,-0.001365,-0.000715,0.003549,0.00169,0.000683,0.00157,0.004498
Gabonese_Bantu_(n=1),-0.627165,0.060932,0.018479,0.019703,-0.004001,0.012271,0.009165,0.009692,-0.029656,0.018953,0.004547,-0.012589,-0.003419,0.004817,-0.008686,-0.008221,-0.008345,-0.004561,-0.001257,0.005753,0.001248,0,-0.001972,-0.004217,-0.011017
Papuan_Coastal_(n=10),-0.0349438,-0.2604833,-0.2347199,0.2584979,0.1985293,-0.4306351,-0.0019035,0.0029075,-0.0354646,-0.0114444,-0.0065767,0.0019483,0.0038948,-0.002147,0.0009363,-0.0005702,-0.0031943,-0.0026098,-0.0000878,-0.0039895,0.0009357,-0.0036848,0.0037343,-0.0000362,-0.0058437
Kongo_Republic_of_the_Congo_(n=2),-0.6277345,0.062455,0.0222505,0.0169575,-0.005539,0.011853,-0.016216,0.025153,-0.0358935,0.020957,0.0055215,-0.001274,-0.000149,0,-0.007668,0.007624,-0.004889,-0.00019,0.0006915,0.003377,-0.002558,-0.000309,-0.000185,-0.000602,-0.008143
Akan_Ghana_(n=51),-0.62689747,0.063679549,0.020948725,0.015757333,0.00082056863,0.012161804,-0.038168647,0.039925941,-0.043824196,0.031426765,0.0046901373,-0.000038176471,0.020191588,0.00097954902,0.011472373,-0.0093488235,0.0085440196,0.0018307059,0.0028688627,-0.0020303529,-0.00021037255,0.0020366471,-0.00045431373,0.00030719608,-0.000014058824
Fulani_Guinea_A_(n=17),-0.571325,0.068697706,0.019632471,0.007429,0.0039463529,0.0047901765,-0.034076588,0.034559588,-0.024651118,0.026863765,0.0046997059,-0.0024596471,0.019981647,-0.0032867059,0.014969059,-0.010505706,0.010461412,0.0000074705882,-0.0051462941,0.00011776471,-0.00063129412,-0.0059135294,0.0031175294,-0.0010346471,0.0017257059
Wolof_Gambia_(n=112),-0.60458366,0.065211411,0.017657384,0.0080461607,0.00069514286,0.0074154911,-0.039200714,0.041233848,-0.027979616,0.024818268,0.0046323929,-0.0012550982,0.018793625,-0.0016097054,0.013528357,-0.012294143,0.010811384,-0.0021718036,-0.0038562232,-0.0014862054,-0.0024276339,-0.0054108839,0.0026597857,-0.0014341161,0.001932
Mandinka_Gambia_(n=232),-0.60661829,0.06361494,0.017609293,0.011757478,0.0011673017,0.008696125,-0.036357884,0.036933491,-0.029231909,0.023308147,0.0042892845,-0.0013074655,0.017472711,-0.001167431,0.014028944,-0.011323823,0.0096652931,-0.000076443966,-0.0023346293,-0.0017648578,-0.00094606034,-0.0030662457,0.0014975345,-0.0010652241,0.0017121121
Mende_Sierra_Leone_(n=86),-0.62552414,0.062750209,0.021381907,0.017167826,0.00037933721,0.011197837,-0.024992988,0.028313674,-0.040938058,0.029344233,0.0054683721,-0.0045465581,0.018352744,0.00056175581,0.011634128,-0.0089112674,0.0085537907,0.0066732442,0.00087548837,-0.0012869419,0.00024672093,0.00048162791,-0.0010605116,-0.000863,0.00033697674
Mossi_(n=50),-0.62065464,0.06440476,0.01982906,0.01377918,-0.00020924,0.01171904,-0.04630172,0.0473473,-0.0406388,0.02845796,0.00418964,0.00181634,0.02273324,0.00053944,0.01277936,-0.00957028,0.00977622,-0.00221198,0.00210926,-0.00225106,0.00092586,0.00130576,-0.00016022,-0.0004,0.00062506
Hausa_(n=4),-0.5961485,0.064486,0.013482,0.001615,0.0021545,0.004253,-0.041597,0.038306,-0.0142145,0.00519375,0.001624,0.00333475,0.013528,-0.000344,0.010586,-0.007193,0.011865,-0.0050675,0.00021975,-0.00262625,-0.0000625,-0.00204025,0.000832,-0.0040065,-0.00068875
Ovambo_Namibia_(n=9),-0.62893589,0.061947222,0.021747333,0.017585556,-0.00044444444,0.011248778,-0.011985556,0.019050444,-0.032519444,0.015652,0.0029408889,-0.0012322222,-0.0043606667,0.00062688889,-0.0093797778,0.0090897778,-0.003593,0.0068128889,-0.0052653333,0.0023065556,0.0028005556,0.0010854444,0.0024648889,-0.000053555556,-0.0011574444
Somali_(n=14),-0.30000507,0.092703286,-0.027395,-0.072167429,0.0032532857,-0.033447,-0.021234929,0.0069227857,0.11827329,-0.080743643,-0.0093605714,-0.0066047143,0.0045765714,-0.0018284286,0.025554214,-0.016838929,0.017182714,-0.006606,0.010504714,-0.0047343571,0.00094485714,0.006845,-0.002773,0.00081757143,-0.0019074286
Chewa_Malawi_(n=111),-0.62745247,0.063511676,0.019973802,0.015803721,-0.000091477477,0.012213441,-0.013747162,0.022028207,-0.027922081,0.011088477,0.000948,0.0013001622,-0.011491036,0.0015436036,-0.017285369,0.012781153,-0.012395937,0.0093714955,-0.0089766306,0.0049922793,0.0003450991,-0.0013368108,0.0020618829,-0.0007011982,-0.00096227027
Indo-Guyanese_(n=8),0.04340225,-0.098319625,-0.16988625,0.11802288,-0.0680825,0.066473875,-0.0032465,0.013710875,0.04796675,0.031444625,-0.002520875,0.0017185,-0.00046275,0.005521625,-0.0089945,-0.008526875,0.005270125,-0.0013925,-0.00058675,0.005384125,0.004956375,0.001499875,0.000969875,0.003752625,-0.001708625
Surinamese_Creole_(n=7),-0.40443986,0.069589857,0.022076286,0.017848,0.011853571,0.013229857,-0.014735,0.028188857,-0.024578714,0.019532143,0.00092257143,0.0019815714,0.005209,-0.0024272857,0.0070901429,0.00014814286,0.00060871429,0.0028917143,-0.0011625714,0.000111,0.0028164286,0.00024757143,0.000683,0.0035882857,0.00083914286
Reunionese_Creole_(n=1),-0.256102,-0.00914,-0.01697,0.027778,0.015387,0.031236,-0.008695,0.014076,-0.006136,0.007836,0.003897,-0.002548,-0.007136,0.001376,-0.008822,0.012463,0.00326,0.006081,-0.00264,0.002501,0.000125,-0.000866,-0.001602,0.004338,-0.00455
Angola,-0.6275638,0.0630304,0.020927,0.01594,0.000559,0.0125454,0.0162844,0.0234278,-0.0327392,0.0185562,0.002417,-0.0008493,0.0034328,0.0003602,-0.0084305,0.0060427,-0.0074384,0.0032854,0.0044172,0.0016361,0.0009421,0.0003484,0.0016495,-0.000516,-0.0007184
Spain,0.1167516,0.1468214,0.0423019,0.0004833,0.0449001,-0.0013727,0.001644,0.0018936,0.0233905,0.0323268,-0.0032129,0.0079422,-0.0151961,0.0126213,0.0096531,0.0005964,-0.0027105,-0.0000932,-0.0020745,0.0016142,0.0037468,-0.000729,-0.002501,-0.0030021,0.000449
Japanese_(n=476),0.018943391,-0.44266202,0.01317941,-0.055993679,0.034414868,0.0092526155,0.0027459517,0.0025708824,-0.0048918109,0.0099494874,-0.074367069,-0.0087382101,0.0096866681,-0.0041813046,-0.011530817,-0.0061851933,-0.00077573529,0.0039015294,0.0016818782,-0.0079670462,0.027600962,-0.016179038,0.0074577983,0.0030974223,-0.039299752
Korean_(n=102),0.022005824,-0.45514635,0.017325333,-0.063988833,0.038891029,0.012853578,0.005036402,0.0029614608,-0.0092175784,0.0066444216,-0.074434353,-0.008535,0.010101637,-0.0055238137,-0.0092223431,-0.0025763922,0.00046788235,0.0018071765,-0.00044605882,-0.007841951,0.01619448,-0.0048212451,0.0075990588,0.0010147451,-0.017944804
Luxembourgish,0.1282303,0.1409224,0.0512506,0.0271453,0.0392986,0.0100838,0.0033794,0.0040464,0.0083449,0.0113365,-0.0036574,0.0048973,-0.0110229,-0.0063991,0.0103207,0.0040066,-0.0037047,0.0021401,0.0039182,-0.0003097,0.0016277,0.0007539,0.0001761,0.0083952,-0.000393
CoteDIvoire_47Tolkien_proxy,-0.62689747,0.063679549,0.020948725,0.015757333,0.00082056863,0.012161804,-0.038168647,0.039925941,-0.043824196,0.031426765,0.0046901373,-0.000038176471,0.020191588,0.00097954902,0.011472373,-0.0093488235,0.0085440196,0.0018307059,0.0028688627,-0.0020303529,-0.00021037255,0.0020366471,-0.00045431373,0.00030719608,-0.000014058824
Liberia_47Tolkien_proxy,-0.62552414,0.062750209,0.021381907,0.017167826,0.00037933721,0.011197837,-0.024992988,0.028313674,-0.040938058,0.029344233,0.0054683721,-0.0045465581,0.018352744,0.00056175581,0.011634128,-0.0089112674,0.0085537907,0.0066732442,0.00087548837,-0.0012869419,0.00024672093,0.00048162791,-0.0010605116,-0.000863,0.00033697674
Benin_47Tolkien_proxy,-0.600619,0.0676179,0.0200702,0.0115211,0.0022028,0.0084838,-0.0355418,0.041122,-0.0377891,0.0323484,0.0049189,-0.0019008,0.0197946,0.0008972,0.0086907,-0.0078678,0.0074813,0.0008874,-0.000029,0.0009118,-0.001153,-0.0021546,0.0001978,0.0007151,-0.0012392
Togo_47Tolkien_proxy,-0.62689747,0.063679549,0.020948725,0.015757333,0.00082056863,0.012161804,-0.038168647,0.039925941,-0.043824196,0.031426765,0.0046901373,-0.000038176471,0.020191588,0.00097954902,0.011472373,-0.0093488235,0.0085440196,0.0018307059,0.0028688627,-0.0020303529,-0.00021037255,0.0020366471,-0.00045431373,0.00030719608,-0.000014058824
GuineaBissau_47Tolkien_proxy,-0.60661829,0.06361494,0.017609293,0.011757478,0.0011673017,0.008696125,-0.036357884,0.036933491,-0.029231909,0.023308147,0.0042892845,-0.0013074655,0.017472711,-0.001167431,0.014028944,-0.011323823,0.0096652931,-0.000076443966,-0.0023346293,-0.0017648578,-0.00094606034,-0.0030662457,0.0014975345,-0.0010652241,0.0017121121
EquatorialGuinea_47Tolkien_proxy,-0.6270342,0.0620613,0.0227525,0.0172013,0.0019002,0.012726,-0.0258642,0.0320108,-0.0376246,0.0195824,0.002329,-0.0008559,0.0043663,0.0003191,-0.0004901,0.0006973,-0.0018445,-0.0025572,0.0008258,0.0004373,-0.0007603,0.0025768,0.0000199,-0.0001997,-0.0008141
CAR_47Tolkien_proxy,-0.6287308,0.0644862,0.0203178,0.0182495,-0.000192,0.0143631,-0.0141595,0.0184319,-0.032749,0.0195219,0.0074905,-0.004833,-0.0021559,0.0012044,-0.0058359,0.0067122,-0.0069916,0.0000315,0.0006756,0.0043305,-0.0007179,-0.0012364,-0.0005548,-0.0010841,-0.0052092
Chad_47Tolkien_proxy,-0.3197262,0.0969297,-0.025405,-0.0506118,-0.0055197,-0.0196677,-0.0099562,0.0046825,0.0545628,-0.0453458,-0.004508,0.001869,-0.000857,0.0018875,0.0040085,-0.0029504,0.0025635,-0.0053615,0.0096203,-0.0038222,0.0015794,0.0054822,-0.0038682,-0.0002675,0.0004131
Mozambique_47Tolkien_proxy,-0.62745247,0.063511676,0.019973802,0.015803721,-0.000091477477,0.012213441,-0.013747162,0.022028207,-0.027922081,0.011088477,0.000948,0.0013001622,-0.011491036,0.0015436036,-0.017285369,0.012781153,-0.012395937,0.0093714955,-0.0089766306,0.0049922793,0.0003450991,-0.0013368108,0.0020618829,-0.0007011982,-0.00096227027
Tanzania_47Tolkien_proxy,-0.5049139,0.0728521,0.0018192,-0.016656,0.0009334,-0.0061634,-0.014235,0.0166499,0.0401851,-0.0417337,-0.0049389,0.0078987,-0.0206511,0.0013998,-0.0136354,0.0114898,-0.0056407,-0.0022543,-0.0046861,0.0027353,0.0015128,0.0003246,-0.0011333,0.0009559,0.0012403
Uganda_47Tolkien_proxy,-0.5049139,0.0728521,0.0018192,-0.016656,0.0009334,-0.0061634,-0.014235,0.0166499,0.0401851,-0.0417337,-0.0049389,0.0078987,-0.0206511,0.0013998,-0.0136354,0.0114898,-0.0056407,-0.0022543,-0.0046861,0.0027353,0.0015128,0.0003246,-0.0011333,0.0009559,0.0012403
Zambia_47Tolkien_proxy,-0.62745247,0.063511676,0.019973802,0.015803721,-0.000091477477,0.012213441,-0.013747162,0.022028207,-0.027922081,0.011088477,0.000948,0.0013001622,-0.011491036,0.0015436036,-0.017285369,0.012781153,-0.012395937,0.0093714955,-0.0089766306,0.0049922793,0.0003450991,-0.0013368108,0.0020618829,-0.0007011982,-0.00096227027
Zimbabwe_47Tolkien_proxy,-0.670341,0.070233,0.018743,0.016388,0.000614,0.011811,0.030538,-0.010023,-0.024455,0.017947,0.003368,-0.020207,-0.000231,0.001396,0.00937,-0.010257,0.011308,0.059376,-0.022166,-0.000802,-0.009068,-0.00281,0.002982,-0.001046,0.000546
Bahrain_47Tolkien_proxy,0.05272,0.1183849,-0.0706391,-0.0739293,-0.0268506,-0.0256936,-0.0070148,-0.0046234,0.0230692,-0.0050354,0.0103448,-0.0214978,0.0428138,0.0040372,0.0034457,0.0261428,-0.0238111,0.0061002,0.0006994,0.0178422,0.0109307,0.0101395,-0.005188,0.0025419,-0.0060704
Comoros_47Tolkien_proxy,-0.3911846,-0.0922088,-0.0142964,-0.0059328,0.0445766,0.0269996,-0.0107361,0.0103373,-0.0197999,-0.0010522,0.0253009,0.0040405,-0.0103432,0.0009253,-0.0085644,0.0104976,-0.0093872,0.0069894,-0.0043069,0.0041124,-0.0018615,-0.0053439,-0.0024218,-0.0010736,-0.0046523
Fiji_47Tolkien_proxy,0.0022762857,-0.39953843,-0.091640286,0.0068752857,0.15167671,-0.045817857,-0.00090642857,-0.0072851429,-0.025565429,-0.016635429,0.041455429,0.0069794286,-0.0056915714,-0.0014154286,0.006941,0.010436714,-0.002645,0.003131,0.0042377143,-0.012899143,0.0039038571,-0.022186714,-0.0046302857,-0.007247,-0.052450286
SaoTome_47Tolkien_proxy,-0.627165,0.060932,0.018479,0.019703,-0.004001,0.012271,0.009165,0.009692,-0.029656,0.018953,0.004547,-0.012589,-0.003419,0.004817,-0.008686,-0.008221,-0.008345,-0.004561,-0.001257,0.005753,0.001248,0,-0.001972,-0.004217,-0.011017
Sotho_Lesotho_(n=8),-0.62759213,0.061439375,0.020081625,0.017886125,0.000577125,0.01091175,0.03043375,-0.014393625,-0.021756125,0.013736125,0.0030855,-0.011108875,-0.012190125,0.00264925,-0.012927375,0.006844875,-0.00526425,0.059749375,-0.02378825,0.004236375,-0.00499125,-0.0038175,0.002942375,-0.000542125,-0.001646375
Filipino_(n=82),0.0124095,-0.41475705,-0.056241598,-0.044455829,0.1311802,0.046326366,-0.0036425488,-0.011355073,-0.019364878,-0.01613678,0.042268512,0.0042127805,-0.004827878,-0.0024721707,0.0095351829,0.0056512195,-0.0028588537,0.0043722439,0.0066589512,-0.01025189,0.0035090854,-0.023156244,-0.0035726829,-0.006934439,-0.045690329
Nepal_47Tolkien,0.041075050368203136,-0.21034367430102582,-0.07137976806288264,0.040897827855151336,-0.0268514013345079,0.03623990780518899,0.0026058630406351753,0.0073607545163587385,0.015475095581899813,0.014173795700329695,-0.038433737108753495,-0.004003827797570951,0.004616104944364779,-0.0023077786125270967,-0.004586295529517111,-0.0026022859319571805,0.0013697134140414323,-0.0016456894548690284,-0.00391672934741685,0.0015926332644009692,0.0003984998791580276,0.010467774461775645,0.004583923949510217,0.0018346033882533808,0.015483784585035326
Tibetan_Nepal_(n=1000),0.021891601,-0.39018263,-0.005811804,-0.026826442,0.011555274,0.006878273,0.007066116,0.006972641,0.004629389,0.012183764,-0.07750703,-0.009760376,0.010216706,-0.004106123,-0.009008705,-0.004016951,0.0032429,-0.002087839,-0.008122107,0.00642232,-0.000519217,0.025605641,0.005498207,0.00097975,0.035370182
Guyanese_average,-0.23800246939999997,-0.026553646249999993,-0.08979233568999999,0.07403092159999998,-0.037875501681000005,0.04375158194,-0.013284061810000001,0.024767661939999998,0.01248612431,0.028009659439999997,-0.0003249187499999998,0.0013228283319,0.002426599181,0.004562312931,-0.004710195,-0.004925535418099999,0.0026314479180999995,0.00021763499999999999,-0.000905774181,0.0037056379309999997,0.004168167069,-0.0002554745690000002,0.0011869354309999999,0.0028526529309999995,-0.000513959569
Afro-Jamaican_(n=46),-0.48633635,0.085759913,0.027702478,0.020531304,0.010424261,0.013141022,-0.017547652,0.030126043,-0.029944717,0.023795761,0.0032028043,-0.00024765217,0.0074469348,-0.00015932609,0.0070243261,-0.0012988261,0.00031086957,0.0023504565,-0.001503587,0.0011595217,0.0019085652,-0.0015385,0.0010453478,0.0028060217,0.0003106087
