Carthage (Punic, Iron Age),0.06754,0.1517,0.0024999999999999996,-0.05376000000000001,0.03132,-0.02298,-0.01052,-0.00010000000000000002,0.03372,0.03712,0.0048,0.0038,-0.0030399999999999997,-0.0105,-0.002,-0.0058200000000000005,0.00442,-0.00358,-0.01298,-0.0036199999999999995,-0.005540000000000001,-0.01244,0.0038599999999999997,-0.00634,-0.00044
Cisalpine Gaul,0.1288,0.14634999999999998,0.05075,0.01025,0.0441,0.0007999999999999999,-0.0019,0.0040999999999999995,0.0184,0.0283,-0.0037,0.00745,-0.016649999999999998,-0.00855,0.00475,0.00315,0.00465,0.00505,0.00545,-0.0034000000000000002,-0.0010999999999999998,0.0022,-0.00295,-0.0002999999999999999,-0.00345
Egypt (modern Copt proxy),0.017729,0.142455,-0.049604,-0.104384,-0.000371,-0.043313,-0.014851,-0.002682,0.046742,-0.000362,0.007449,-0.012015,0.028901,0.002011,0.000624,0.001569,-0.003961,-0.001525,-0.003607,0.004888,0.001147,0.000706,0.000571,0.002179,-0.000501
Roman Achaea,0.11108,0.1506,-0.01708,-0.059140000000000005,0.01246,-0.02028,-0.00206,-0.0052,0.00026,0.02238,0.006560000000000001,0.006240000000000001,-0.00896,0.00318,-0.01736,-0.00496,0.0025,-0.00126,0.0045,-0.004579999999999999,-0.00608,-0.0038199999999999996,0.0012000000000000001,0.00178,-0.00402
Roman Armenia,0.1012,0.13654000000000002,-0.05791999999999999,-0.053259999999999995,-0.031580000000000004,-0.01444,0.00396,-0.0061200000000000004,-0.032619999999999996,-0.00832,0.0019400000000000003,0.0008600000000000002,-0.00404,0.0029000000000000002,-0.00256,0.0007599999999999999,0.004059999999999999,0.0014399999999999999,0.00034,-0.00234,0.00306,-0.00092,-0.00152,-0.00412,-0.00003999999999999976
Roman Baetica,0.1263,0.1483,0.0592,0.0139,0.0674,0.0073,-0.0002,0.0046,0.025,0.0359,-0.0084,0.0108,-0.0169,-0.0219,0.016,0.0082,-0.0119,0.0023,0.0004,-0.0011,0.0086,-0.0023,-0.0105,-0.0031,-0.003
Roman Belgica Pommeroeul,0.1286,0.1452,0.0656,0.063,0.0372,0.017,0.0049,-0.0039,0.0004,-0.0038,-0.0016,-0.0054,-0.0059,-0.0061,0.0194,-0.0123,-0.0258,0.0051,0.0033,0.0026,0.0025,0.0063,0.0002,0.0087,-0.0075
Roman Bithynia,0.107,0.1523,-0.0245,-0.0688,-0.0058,-0.0307,-0.0014,-0.0007,-0.0045,0.0241,0.001,0.0124,-0.0162,0.0003,-0.0185,0.0013,0.0039,0.0098,0.0006,0.003,-0.0025,0.0077,-0.0033,-0.0027,-0.0018
Roman Bosphorus,0.10869999999999999,0.0594,0.03905,0.05265,-0.01185,0.009899999999999999,0.0034,-0.00255,-0.02835,-0.02805,0.0023499999999999997,-0.0038,-0.0012000000000000001,-0.008749999999999999,0.0118,0.006200000000000001,-0.006849999999999999,-0.00295,0.004350000000000001,-0.0020499999999999997,-0.00745,0.0069500000000000004,0.0017000000000000001,0.0025,-0.0054
Roman Britannia,0.10625000000000001,0.139325,0.033,0.009399999999999999,0.026625,0.0011000000000000003,-0.003725,0.001775,0.011574999999999998,0.004825,-0.002874999999999999,-0.0010250000000000003,-0.0035749999999999983,-0.0098,0.014125,0.006425,-0.0039499999999999995,0.00075,-0.001075,0.0027,0.004824999999999999,-0.00009999999999999994,-0.0019000000000000002,0.007125,-0.00325
Roman Britannia Durotriges,0.12525,0.13895000000000002,0.06055000000000001,0.04455,0.0408,0.019799999999999998,0.00315,0.00445,0.008150000000000001,0.009600000000000001,-0.00615,0.006,-0.01875,-0.01585,0.0151,0.00595,-0.00115,0.00135,-0.00030000000000000003,0.0039000000000000003,0.0048000000000000004,0.00295,-0.0039,0.0056,0.0024000000000000002
Roman Campania,0.11989999999999999,0.15184999999999998,0.0241,-0.0315,0.0373,-0.008299999999999998,0.00030000000000000014,-0.0033,0.015,0.03995,0.0036,0.00365,-0.01385,-0.00275,-0.01015,0.00315,0.0066,-0.00010000000000000005,0.0044,-0.006600000000000001,-0.00395,0.0024000000000000002,0.0007,-0.00365,-0.0017500000000000003
Roman Cappadocia,0.1172,0.1564,-0.049,-0.0717,-0.0062,-0.0254,0.0021,-0.0111,-0.0104,0.0286,0.0049,0.0045,-0.0104,-0.0021,-0.0191,-0.0243,0.0005,0.0016,0.005,-0.0123,-0.0092,0.0047,0.0009,-0.0035,-0.0074
Roman Caria,0.0973,0.1483,-0.0236,-0.0551,0.0012,-0.0201,-0.0033,-0.009,0.0109,0.0245,0.0016,-0.0013,0.0014,-0.0035,-0.0175,-0.0015,0.0037,0.0043,-0.0014,-0.0069,-0.0004,0.0066,0.0018,0.0019,-0.0079
Roman Caucasian Albania,0.1002,0.1066,-0.0547,-0.0123,-0.0468,0.002,-0.004,-0.0039,-0.047,-0.0146,-0.0028,0.0055,-0.012,0.0081,0.0141,0.0021,-0.0057,0.0001,0.0049,-0.0135,-0.0045,0.004,-0.0067,0.0046,-0.0081
Roman Cilicia,0.1104,0.1523,-0.0405,-0.0724,-0.0013,-0.0199,-0.0024,-0.0083,-0.0039,0.0203,0.0027,0.0038,-0.0082,0.0053,-0.0153,-0.0026,0.0019,0.0027,0.0067,-0.0118,-0.0019,0.0014,0.0008,0.0007,0.0036
Roman Dacia,0.11836666666666666,0.1364,0.010799999999999999,-0.020633333333333333,0.0119,-0.0034333333333333334,0.0012999999999999997,-0.006933333333333333,-0.0019,0.0098,-0.0036333333333333335,0.0037333333333333337,-0.011233333333333333,-0.010966666666666666,-0.0008333333333333335,0.004433333333333333,0.011566666666666668,0.0025,0.004300000000000001,-0.0001999999999999998,-0.002633333333333333,0.0061,0.0039000000000000003,0.0016333333333333332,-0.004566666666666667
Roman Dalmatia Trogir,0.11545,0.1525,0.0063750000000000005,-0.033350000000000005,0.021374999999999998,-0.015175000000000001,0.00019999999999999996,-0.0009,0.0057,0.02595,0.002375,0.0066,-0.011824999999999999,-0.00525,-0.00795,0.004775,0.015550000000000001,0.000725,0.0069500000000000004,0.002,-0.0060750000000000005,0.004375,0.00115,0.00365,-0.002175
Roman Dalmatia Zadar,0.121225,0.154125,0.019325000000000002,-0.024300000000000002,0.032375,-0.00785,0.0012000000000000001,0.00039999999999999996,0.01195,0.0293,0.002075,0.006775000000000001,-0.012549999999999999,-0.004,-0.009025,-0.00655,0.0008750000000000001,0.0031999999999999997,0.0093,-0.00775,-0.0029500000000000004,0.0021000000000000003,0.0007750000000000002,0.002875,-0.004824999999999999
Roman Doclea,0.1138,0.1533,0.0136,-0.0326,0.0166,-0.0139,0.0052,-0.0048,-0.0004,0.0292,-0.0062,0.0046,-0.0158,-0.0001,-0.0118,-0.0156,-0.0043,0.0085,0.0079,-0.011,-0.0006,0.007,-0.0038,-0.0045,-0.0042
Roman Epirus,0.1142,0.1605,0.0018,-0.0556,0.0281,-0.0186,-0.0024,-0.0058,0.0091,0.0408,0.005,0.0037,-0.0167,-0.0002,-0.0167,-0.0025,0.0022,0.0024,0.0054,-0.017,-0.014,0.0011,0.001,-0.0019,-0.0054
Roman Etruria,0.12417500000000001,0.147525,0.0363,-0.005475,0.040375,-0.0029249999999999996,0.00027499999999999996,0.00047499999999999984,0.016125,0.031225000000000003,-0.0024000000000000002,0.00685,-0.011774999999999999,-0.01055,-0.001975,0.00565,0.007475,-0.0021,0.00425,0.0012499999999999996,0.00195,0.0033750000000000004,-0.0006000000000000001,-0.002925,-0.001425
Roman Galatia,0.11140000000000001,0.15271111111111113,-0.03357777777777778,-0.0668111111111111,0.0019444444444444442,-0.026677777777777776,0.0009222222222222223,-0.006700000000000001,-0.0054,0.023966666666666667,0.004488888888888889,0.005555555555555555,-0.009755555555555556,0.00040000000000000013,-0.017566666666666664,-0.009422222222222222,0.004788888888888888,0.001955555555555556,0.0023888888888888896,-0.009144444444444446,-0.008744444444444445,-0.00019999999999999998,-0.0022666666666666664,-0.0011444444444444442,0.0011666666666666668
Roman Gallia Belgica,0.1246,0.133,0.062,0.0488,0.0332,0.0197,0.0068,0.01,0.0009,0.0044,-0.0012,0.0039,-0.014,-0.0169,0.0219,0.0056,-0.0068,0.0021,-0.0002,0.0014,0.0106,0.0106,-0.0081,0.0134,0.0056
Roman Gallia Lorraine,0.12633333333333333,0.1479,0.04693333333333333,0.014466666666666668,0.0409,0.0055000000000000005,-0.002766666666666667,0.003966666666666667,0.0171,0.020066666666666667,-0.0037333333333333333,0.003866666666666667,-0.013933333333333334,-0.010300000000000002,0.006866666666666667,-0.0106,-0.012133333333333335,0.0023666666666666667,0.007899999999999999,-0.0020666666666666667,0.004966666666666667,0.0019666666666666665,0.0019333333333333336,-0.006266666666666667,0.0031333333333333335
Roman Germania Inferior,0.12914444444444445,0.1374111111111111,0.05964444444444445,0.045022222222222213,0.03847777777777778,0.016344444444444443,0.0014777777777777775,0.004422222222222222,0.004277777777777777,0.0044444444444444444,-0.003988888888888889,0.004922222222222222,-0.012333333333333333,-0.01111111111111111,0.018788888888888886,0.0037333333333333333,-0.008855555555555554,0.0015111111111111109,0.002,0.004255555555555555,0.0037333333333333333,0.002777777777777778,-0.0008222222222222222,0.0076,-0.00033333333333333327
Roman Helvetia,0.1286,0.1381,0.0556,0.0191,0.0459,0.0082,-0.0029,0.0038,0.0123,0.0194,-0.0022,0.0029,-0.0172,-0.0046,0.0057,-0.0044,-0.0113,0.002,0.0033,-0.0051,0.0042,0.0002,-0.0007,-0.0018,-0.004
Roman Iberia Caucasus,0.10474166666666666,0.13433333333333333,-0.05583333333333334,-0.043675,-0.03441666666666667,-0.008416666666666664,0.006583333333333333,-0.004633333333333333,-0.050983333333333346,-0.01855,0.0015166666666666668,0.009775,-0.01425,0.0013333333333333329,-0.0010333333333333338,-0.009233333333333333,0.014883333333333333,-0.0028333333333333335,-0.004008333333333333,0.01015,0.009108333333333335,0.0008916666666666666,-0.0015583333333333332,-0.004666666666666667,-0.0006250000000000002
Roman Illyria,0.1241,0.1442,0.0181,-0.0197,0.0259,-0.0033,0.0021,0.0081,0.0002,0.0222,-0.001,0.0051,-0.0171,-0.0178,-0.0133,-0.0034,0.0066,-0.0033,0.0102,-0.013,-0.0001,0.0054,-0.0071,-0.0017,-0.0044
Roman Ionia,0.1195,0.1483,0.0441,-0.0174,0.0517,-0.0117,-0.0092,-0.0002,0.0258,0.0477,-0.0047,0.0078,-0.0294,-0.0018,-0.0018,-0.0121,-0.0056,0.0041,0.0031,-0.0013,-0.0027,0.0052,-0.0122,-0.0086,-0.006
Roman Lusitania,0.0911,0.1442,0.049,-0.0026,0.0535,-0.01,-0.0061,0.0062,0.0368,0.0355,-0.0024,0.0079,-0.0165,-0.0154,0.0068,-0.0122,-0.0053,-0.0013,-0.0068,-0.0049,0.0061,-0.0023,-0.0017,-0.0019,0.0005
Roman Macedonia,0.11785000000000001,0.15435,0.0032000000000000006,-0.03115,0.0177,-0.016,-0.00975,-0.00785,0.0017499999999999998,0.0187,0.0056,0.00665,-0.009899999999999999,0.00745,-0.0059499999999999996,-0.0191,-0.00455,0.00195,0.007299999999999999,0.0009000000000000006,-0.0074,-0.0007499999999999998,-0.001,-0.0010499999999999997,0.00014999999999999996
Roman Mesopotamia,0.0808,0.1407,-0.0571,-0.0736,-0.0197,-0.0156,-0.004,-0.0053,0.0003,0.0055,0.0045,-0.0006,0.0046,-0.0003,-0.0102,-0.001,-0.0085,-0.0011,-0.0016,-0.002,0.0039,0.0002,-0.0039,0.004,0.0059
Roman Moesia Viminacium,0.12291176470588233,0.14937647058823533,0.02091764705882353,-0.021288235294117646,0.028623529411764704,-0.008364705882352944,0.0019058823529411763,0.0003999999999999998,0.0067529411764705866,0.022329411764705886,0.002376470588235295,0.005823529411764706,-0.009305882352941178,-0.001258823529411765,-0.012523529411764704,-0.0022470588235294115,0.008394117647058823,0.0011470588235294118,0.005094117647058824,-0.00678235294117647,-0.007288235294117646,0.0027176470588235295,0.0005058823529411766,0.0056941176470588235,0.00022941176470588236
Roman Naissus,0.1207,0.1615,0.0177,-0.031,0.0403,-0.0181,0.0007,-0.0009,0.0057,0.0374,0.0073,0.0136,-0.0168,0.0033,-0.019,0.0064,0.0296,-0.0004,0.0109,-0.0046,-0.0072,-0.003,-0.0068,-0.0042,-0.0105
Roman Noricum,0.12369999999999999,0.14896666666666666,0.04413333333333334,0.005166666666666666,0.04666666666666667,-0.0002666666666666668,0.0017000000000000001,0.006666666666666667,0.02943333333333333,0.0257,0.003966666666666666,0.004733333333333333,-0.008933333333333333,-0.0107,-0.0013,-0.002133333333333334,-0.0007666666666666668,0.0016666666666666668,0.00003333333333333313,0.010333333333333333,-0.003666666666666667,0.011733333333333332,-0.0016,-0.0011333333333333334,-0.0043
Roman Numidia,0.0785,0.1523,-0.02,-0.0565,0.0132,-0.022,0.0073,-0.0012,0.0209,0.0303,-0.0029,0.003,-0.0085,0.0001,0.0018,-0.0068,0.0055,-0.0023,-0.0013,0.0044,-0.0067,-0.0115,0.0128,0.0019,0.0049
Roman Pannonia Carnuntum,0.127,0.13434000000000001,0.05264,0.031259999999999996,0.0376,0.0078,-0.00048000000000000023,0.00598,0.0126,0.012240000000000001,-0.0011799999999999998,0.00694,-0.00842,-0.00488,0.010780000000000001,0.0028600000000000006,-0.00232,-0.00048000000000000023,0.0041800000000000006,0.0036,0.0031400000000000004,0.00047999999999999996,-0.00043999999999999996,0.0071,0.0004600000000000002
Roman Pannonia Mursa,0.1248,0.1475,0.0369,-0.0025,0.0363,-0.0042,0.0029,0.0018,0.0025,0.0204,-0.002,0.0069,-0.0144,-0.002,-0.0068,-0.0034,0.0071,0.001,0.0088,-0.0013,-0.0044,0.0011,0.0003,0.0048,-0.0038
Roman Phoenicia,0.07980000000000001,0.1424,-0.0556,-0.08979999999999999,-0.016050000000000002,-0.0318,-0.0037999999999999996,-0.0076500000000000005,0.0085,0.0077,0.009600000000000001,-0.0092,0.01725,-0.00125,-0.0084,0.01475,0.008,-0.0023,0.00155,0.00215,0.0037500000000000003,0.006,-0.0046,0.00175,-0.00255
Roman Picenum,0.1184,0.1564,0.0189,-0.0352,0.0348,-0.0084,-0.0073,0.0053,0.0172,0.025,-0.0005,0.0054,-0.0117,-0.0099,0.002,0.0046,0.0186,-0.0054,0.0003,0.0071,-0.0055,0.0017,-0.0039,-0.0006,-0.0059
Roman Pontic Anatolia,0.1064,0.1528,-0.0422,-0.0686,-0.0089,-0.0192,-0.0019,-0.0061,-0.0069,0.0229,0.0043,0.0019,-0.0166,0.0086,-0.0131,-0.0043,0.0049,-0.0028,0.0018,-0.0053,-0.0009,-0.0006,-0.0023,0.002,-0.0046
Roman Pontus,0.10585,0.13915,-0.055249999999999994,-0.04975,-0.025099999999999997,-0.01175,0.00435,-0.0039,-0.040150000000000005,-0.004650000000000001,0.0031,0.0083,-0.01375,0.0071,-0.0075,-0.0208,0.00145,-0.00875,0.0012500000000000002,0.0030999999999999995,0.006549999999999999,0.003,0.00355,-0.0078,-0.0023
Roman Raetia,0.1298,0.1523,0.0479,-0.0042,0.0502,-0.0042,0.008,-0.0005,0.0162,0.0364,0.0018,0.0148,-0.0162,-0.0047,-0.0008,0.0025,0.0066,-0.0006,0.0031,-0.005,0.0072,0.0054,-0.009,-0.0073,0.001
Roman Sardinia,0.1235,0.1731,0.0383,-0.0507,0.0743,-0.0346,-0.0056,-0.003,0.0484,0.0868,0.0032,0.0242,-0.0346,-0.0072,-0.0151,-0.0157,-0.001,0.0061,0.0025,-0.0113,-0.0013,0.0079,-0.0102,-0.0307,0.0048
Roman Sicily,0.11363333333333332,0.15401666666666666,0.005833333333333334,-0.05393333333333333,0.02495,-0.022683333333333337,-0.0024333333333333334,-0.004633333333333333,0.015233333333333333,0.04170000000000001,0.0027833333333333334,0.007533333333333333,-0.015333333333333332,-0.007416666666666668,-0.021116666666666662,-0.010566666666666667,0.009300000000000001,0.0007333333333333333,0.008816666666666665,-0.007766666666666667,-0.0096,0.004233333333333335,-0.0035499999999999998,-0.0037,-0.005883333333333333
Roman Tarraconensis,0.11198571428571429,0.1483857142857143,0.04865714285714286,0.009342857142857144,0.05158571428571429,-0.0015285714285714282,-0.004228571428571428,0.0013571428571428571,0.02348571428571428,0.03571428571428571,-0.007928571428571429,0.011442857142857144,-0.013857142857142856,-0.009585714285714286,0.010742857142857143,0.0008285714285714286,-0.003957142857142858,0.0014714285714285714,0.0002714285714285714,-0.00018571428571428596,0.004642857142857143,0.0027142857142857142,-0.006642857142857143,-0.006514285714285715,-0.001742857142857143
Rome II Century,0.12582857142857143,0.1538142857142857,0.0347,-0.014014285714285712,0.043100000000000006,-0.005857142857142858,0.0020285714285714286,0.0014714285714285714,0.016528571428571427,0.03951428571428572,-0.0011285714285714284,0.009771428571428572,-0.0198,-0.009042857142857142,-0.005257142857142857,-0.00041428571428571426,0.003042857142857143,0.0006428571428571428,0.005928571428571429,-0.0037285714285714283,-0.0027714285714285714,0.00042857142857142844,-0.0036857142857142857,-0.003928571428571429,-0.0006999999999999999
Mauretania Tingitana,-0.049431714,0.13782186,-0.0036635714,-0.073874714,0.030071429,-0.033945,-0.026824571,0.010087286,0.073716429,0.030797857,0.005846,-0.0065728571,0.019474571,-0.018756143,0.022646,-0.020077857,-0.0030918571,-0.024016714,-0.052092857,0.0076642857,-0.018057571,-0.047359,0.030001857,-0.0031501429,0.007544
