Turkish_Ardahan_(n=3),0.10097633,0.10108333,-0.041133667,-0.042115,-0.033062667,-0.013164333,0.0020346667,-0.0029033333,-0.025676667,-0.0066616667,-0.0037183333,0.0012973333,-0.0015746667,-0.0046776667,0.0040806667,0.0036866667,-0.0012146667,-0.000694,-0.0015393333,-0.0035376667,-0.0017323333,-0.003788,0.00095,-0.0039646667,0.0010813333
Turkish_Artvin_(n=7),0.109652,0.137517,-0.053395571,-0.052550857,-0.035309571,-0.010564143,0.0040725714,-0.0048087143,-0.041117429,-0.012347571,-0.0033028571,0.00338,-0.0053102857,-0.0054515714,0.0063838571,0.0030131429,-0.0013332857,-0.00081128571,-0.0026031429,-0.005,-0.00043542857,-0.0041932857,0.0013365714,-0.0046838571,0.000836
Kurdish_Kurmanji_Turkey_Hakkari_(n=3),0.095990667,0.11780133,-0.057322667,-0.035099333,-0.037750667,-0.0032536667,-0.00282,-0.0052306667,-0.022020333,-0.013242667,0.0010283333,0.001299,0.002775,-0.0016056667,0.0071483333,0.00017666667,-0.019036333,0.005152,0.004693,-0.01013,-0.00012466667,-0.004534,-0.00037,0.00052233333,0.0069453333
Turkish_Igdir_(n=5),0.1017886,0.094239,-0.0475936,-0.0359262,-0.0388064,-0.007963,0.0024876,0.000739,-0.0234402,-0.007198,-0.001959,-0.0011848,0.0031828,-0.003208,0.0031372,0.0047558,-0.002473,-0.0003412,-0.0007814,-0.0018728,-0.0012636,-0.0026006,0.000807,-0.0020936,0.0007976
Turkish_Van_(n=2),0.107259,0.124124,-0.0618005,-0.054783,-0.035672,-0.014234,0.0022765,-0.0014765,-0.031214,-0.008242,0.0002745,-0.000785,0.002975,-0.0017505,0.0024405,0.004938,-0.001832,-0.0008325,-0.001375,-0.0032295,-0.001863,-0.002731,0.0013265,-0.0024745,0.000525
Turkish_Kars_(n=4),0.1025595,0.113583,-0.05139825,-0.0421415,-0.03580525,-0.00872375,0.00169,-0.00264175,-0.02807425,-0.00861775,-0.0021245,0.00049775,0.00003025,-0.003772,0.00450925,0.0048225,-0.0016035,-0.00080925,-0.00191675,-0.0036785,-0.001846,-0.0031785,0.001063,-0.004036,0.000576
Kurdish_Kurmanji_Turkey_Mardin_(n=21),0.094310667,0.11460976,-0.057860952,-0.040990238,-0.036900524,-0.0070120476,0.002137381,-0.0055711905,-0.027055667,-0.011125048,0.0024976667,-0.00016409524,0.0030085714,-0.00087161905,0.0019970952,0.0080122381,-0.0012355238,0.002316619,0.0035195714,-0.0065924286,-0.00078433333,-0.0022787143,0.001567,-0.0033624286,0.0032104762
Turkish_Sanliurfa_(n=2),0.0947385,0.1058235,-0.0531775,-0.0424785,-0.0338645,-0.010061,0.000261,-0.001721,-0.016422,-0.0071675,-0.0010915,-0.002243,0.0053305,-0.0029385,0.004649,0.005898,-0.003422,-0.0002715,-0.001297,-0.000912,-0.000508,-0.001574,0.0005835,-0.001578,0.0003545
Turkish_Kilis_(n=1),0.105506,0.111811,-0.04041,-0.043544,-0.027423,-0.014048,0.001839,0.002423,-0.016395,-0.002364,0.000758,-0.001775,0.004895,-0.002044,0.000454,0.003326,-0.001459,-0.001124,-0.001725,-0.001138,-0.001698,-0.00311,0.001104,-0.002639,0.000662
Turkish_Gaziantep_(n=19),0.090857737,0.082569684,-0.036343105,-0.039453895,-0.028588,-0.012375789,0.0034508421,-0.0010015263,-0.019471684,-0.0061581053,-0.0012050526,-0.00070626316,-0.00083131579,-0.0010026316,-0.00070594737,0.0043467895,0.00014726316,-0.00021757895,0.00025168421,-0.0025821579,-0.00034952632,-0.001352,-0.00027142105,0.00044415789,0.0014566316
Turkish_Hatay_(n=13),0.091772538,0.067324,-0.027898692,-0.040145846,-0.029569615,-0.013502154,0.0031395385,0.00087523077,-0.016831077,-0.0046253846,-0.0031972308,-0.0013130769,0.0025103846,-0.0034745385,0.00066361538,0.0027784615,-0.00079292308,-0.00049638462,-0.00057038462,-0.00051738462,-0.0011139231,-0.0025220769,0.00084930769,-0.0021045385,0.0016950769
Turkish_Istanbul,0.102441,0.087626,-0.035126,-0.034976,-0.024708,-0.007889,0.004431,-0.002307,-0.022089,-0.001562,0.000047,0.005139,-0.006456,0.001337,-0.004731,-0.001989,0.003353,0.001303,0.003861,0.000036,-0.001996,0.000671,0.000669,-0.00117,-0.000291
Turkish_Rize_(n=5),0.1104084,0.1379088,-0.0554368,-0.0619514,-0.0292978,-0.015897,0.008366,-0.008215,-0.0451998,-0.0030616,0.002241,0.0060544,-0.0163528,0.003991,-0.0089302,-0.0050118,0.0141336,-0.003218,-0.0000502,0.0079786,0.0057648,0.0041054,-0.0009364,-0.0059526,-0.00182
Turkish_Trabzon_(n=34),0.10947097,0.13963529,-0.055547706,-0.0631465,-0.026783118,-0.017102588,0.0071192647,-0.0074997059,-0.038769324,-0.0012488529,0.0020202941,0.0059770882,-0.012771588,0.0065169118,-0.010210971,-0.010404441,0.0088316471,0.00013423529,-0.00014797059,0.0024202941,0.0039012353,0.0016911176,-0.00016323529,-0.0037388824,-0.0013136471
Turkish_Giresun_(n=18),0.09802855,0.049614078,-0.021317028,-0.036744378,-0.029223528,-0.014675711,0.0058001333,-0.00036338333,-0.0239325,-0.0013520944,-0.00244935,0.0038720111,-0.00656515,0.0016258833,-0.00491235,-0.0013483056,0.0054477056,-0.0005453,0.000014644444,0.00033448333,-0.0033446167,0.0015204667,-0.0038760556,-0.0010863111,0.00035936111
Turkish_Ordu_(n=30),0.10240927,0.0774498,-0.029102533,-0.0435115,-0.0277642,-0.014520167,0.0032266667,-0.000402,-0.0210795,-0.0030104,-0.0020311667,-0.00027046667,0.00097726667,-0.0011343333,-0.0013028,-0.00032433333,-0.0014780333,-0.0012770333,-0.00034106667,-0.0016545333,-0.0019289333,-0.0021311,-0.0007744,-0.0018379333,0.0017764333
Turkish_Samsun_(n=16),0.10378231,0.088470875,-0.026814313,-0.042763437,-0.025350437,-0.01302575,0.0032508125,-0.0014009375,-0.021947875,-0.001744375,-0.001925375,0.000777625,-0.001461375,-0.0031501875,0.0006148125,-0.00069825,-0.00161925,-0.0011734375,0.0000219375,-0.001486125,-0.001614375,-0.0004873125,0.000044625,-0.004179875,0.0000798125
Turkish_Sinop_(n=11),0.10436045,0.092896091,-0.023620909,-0.041425909,-0.020875364,-0.014266273,0.0029774545,-0.00012927273,-0.018880091,-0.0014487273,-0.00071927273,0.00083454545,-0.00068227273,-0.0018726364,-0.00011236364,0.0019518182,-0.00021009091,-0.0010055455,-0.00017709091,-0.000039545455,-0.0012934545,-0.0030519091,0.00046372727,-0.0019575455,0.00079509091
Turkish_Kastamonu_(n=24),0.10738575,0.10125429,-0.024280458,-0.040626792,-0.018579375,-0.014002417,0.00079554167,0.0012033333,-0.016349042,0.00067904167,-0.00072875,0.00029920833,0.00078004167,-0.002010875,0.000022583333,0.001660375,-0.00047408333,-0.00059741667,-0.0014802917,-0.001789125,-0.0021394167,-0.0025155417,-8.33e-7,-0.002152,0.00075241667
Turkish_Bartin_(n=8),0.10669587,0.082139125,-0.018707125,-0.036714125,-0.022006125,-0.014325125,0.003151875,0.000674125,-0.016839,0.000512625,-0.000192375,0.00045475,-0.000582875,-0.00200425,-0.002065,-0.00302925,-0.001392875,-0.00023075,-0.00117525,-0.000576,-0.000938875,-0.00204325,0.000677625,-0.00173775,0.00186175
Turkish_Zonguldak_(n=17),0.10455029,0.068146118,-0.013815,-0.033541706,-0.021359588,-0.012321,0.0030207059,0.0035745882,-0.015442176,-0.0012455294,-0.0031902353,0.00052164706,0.00077094118,-0.0038035882,0.00020741176,-0.00011976471,-0.0040455294,-0.00010388235,0.000574,-0.0012991765,-0.000573,-0.0023043529,-0.00017464706,-0.0015994118,0.00076447059
Turkish_Duzce_(n=4),0.09995475,0.055742,-0.01131475,-0.0295245,-0.01624275,-0.00843575,0.00699475,-0.00150875,-0.01744775,0.0010735,-0.002712,0.00207775,0.00020675,-0.00296275,-0.003851,0.0030385,-0.0009665,-0.0013375,-0.00129,-0.0011585,-0.0000065,0.00148125,0.0010965,0.002624,0.00189075
Turkish_Sakarya_(n=2),0.104622,0.0531295,-0.006062,-0.0307225,-0.019587,-0.0193175,0.0048185,0.0047045,-0.012274,0.0023315,0.002427,0.0001945,0.003199,0.0046295,-0.0098145,-0.0022485,0.00147,-0.0004715,0.001515,0.0041585,-0.0027115,-0.0036805,0.002309,-0.003306,-0.000941
Turkish_Kocaeli_(n=5),0.1054794,0.0751388,-0.0063554,-0.0248482,-0.016725,-0.0097082,0.0039312,0.0031274,-0.0118206,-0.0017042,-0.000553,-0.0017592,0.004045,-0.0014098,-0.001104,-0.0001946,-0.0000564,0.0022784,0.0019608,0.0006298,-0.0029576,0.0000904,0.0010768,-0.0005982,0.0014728
Turkish_Yalova_(n=1),0.105966,0.105334,-0.006233,-0.0208,-0.008854,-0.011624,0.000962,0.000431,-0.005981,0.00396,-0.003387,0.00133,-0.002045,-0.005199,0.004175,0.001984,-0.002396,-0.000251,-0.000656,-0.000987,-0.000047,-0.002443,0.000099,-0.001001,0.000939
Turkish_Bursa_(n=6),0.1054145,0.0702485,-0.0082321667,-0.030235667,-0.015669667,-0.011459167,0.0011156667,0.002781,-0.010042333,-0.0012018333,-0.00056816667,-0.0019931667,0.0048236667,-0.0023968333,-0.0016281667,0.0012388333,-0.000631,-0.001208,-0.0015071667,-0.00011033333,-0.001681,-0.0031043333,0.0013385,-0.0026265,0.0014418333
Turkish_Balikesir_(n=17),0.10233788,0.062176118,-0.007844,-0.028569059,-0.017660941,-0.011335941,0.0037637647,0.0026776471,-0.013998118,0.00078452941,-0.0014710588,0.00067470588,0.00060447059,-0.00065529412,-0.00078411765,0.00012194118,-0.00098405882,-0.00017558824,0.00087470588,-0.0010294706,-0.0029213529,-0.0019972941,0.00065641176,-0.0016437059,0.00084723529
Turkish_Izmir_(n=9),0.097969222,0.070681444,-0.013588,-0.034598333,-0.018128556,-0.014177889,0.0028355556,0.0025424444,-0.010451,0.0027803333,-0.0018708889,-0.00018744444,0.0010067778,-0.0012682222,-0.0011452222,0.000327,-0.0027247778,-0.00010655556,0.00052211111,0.000045555556,-0.0021651111,-0.0011017778,0.0015806667,-0.0020998889,0.0021293333
Turkish_Aydin_(n=31),0.10003361,0.066368032,-0.013766613,-0.035495903,-0.019020774,-0.012796871,0.0023064839,0.0013632258,-0.014479226,-0.00013541935,-0.0017830645,-0.00035122581,0.00048635484,0.000039290323,-0.0029818387,0.00081348387,-0.00073267742,-0.00026174194,-0.00041925806,-0.0013441613,-0.0028352581,-0.0025455806,-0.0011215806,-0.0021503548,0.00095493548
Turkish_Mugla_(n=12),0.093889583,0.041393,-0.0073571667,-0.0285535,-0.025975083,-0.012393,0.0016585833,0.00078233333,-0.01108525,0.00149925,-0.0044745,-0.000692,0.00070033333,-0.0031890833,-0.0013174167,0.0022794167,0.0022334167,0.000044166667,0.00075141667,0.00076091667,-0.00034358333,-0.0015006667,-0.00062633333,0.00075158333,0.00142775
Turkish_Antalya_(n=12),0.095275917,0.051590833,-0.013239333,-0.032361833,-0.01993525,-0.010105833,0.0068155833,0.00034475,-0.013553,0.00256,0.00042558333,0.0022675833,-0.0014793333,0.00038825,-0.0057040833,0.00088175,-0.00042716667,-0.00084033333,0.0023819167,-0.0015193333,-0.0038736667,0.000286,-0.0030841667,-0.00020008333,0.00181175
Turkish_Mersin_(n=19),0.097252842,0.048832842,-0.017226316,-0.036157053,-0.025387947,-0.015367842,0.0033613684,0.0033351579,-0.014778947,-0.00036657895,-0.0044884737,-0.0013573158,0.0029055789,-0.0041169474,-0.00044252632,0.001957,-0.001623,-0.00045105263,-0.00043863158,0.00062457895,-0.0015865263,-0.0028417895,0.000279,-0.0014881579,0.0018533158
Turkish_Adana_(n=28),0.09738475,0.066060429,-0.025903714,-0.035783571,-0.028088929,-0.013401786,0.0031896071,0.00017303571,-0.017567143,-0.0025082143,-0.0028567857,0.00011767857,0.0011841786,-0.0021405,-0.00024207143,0.0020943929,-0.000098178571,-0.00024971429,0.000076357143,-0.0017032857,-0.0016420357,-0.0028589643,0.00016321429,-0.0017377857,0.0010009643
Turkish_Bolu_(n=14),0.10096242,0.042121729,-0.0038292714,-0.027104607,-0.022135264,-0.011471743,0.00432705,0.0035307286,-0.013468721,-0.0032894143,-0.0029448214,-0.0019837286,0.0028909357,-0.0016295571,-0.0017724786,-0.00088713571,-0.0020378286,-0.00099315,0.00048858571,0.00016472857,-0.0022662571,-0.0018038214,-0.0010618571,-0.0010244357,0.00015977857
Turkish_Ankara_(n=27),0.10268385,0.073921741,-0.017442926,-0.035379704,-0.020909852,-0.013146852,0.0026558889,0.0012704074,-0.013999519,-0.0011204815,-0.00087966667,-0.00091348148,0.0026930741,-0.0028123704,-0.00050403704,0.003142,-0.00071603704,-0.00018174074,-0.00010003704,-0.00057833333,-0.0018432222,-0.0022135185,0.0006102963,-0.0011018519,0.0011005556
Turkish_Bilecik_(n=4),0.10381175,0.07271,-0.009725,-0.027657,-0.01350325,-0.01152225,0.00335775,0.0038815,-0.01200825,0.001165,-0.0014295,-0.001416,0.00320625,-0.00053975,-0.00222825,-0.000454,-0.001324,-0.001586,-0.00113075,-0.00131125,-0.00223525,-0.002861,0.0017015,-0.0020295,0.001131
Turkish_Eskisehir_(n=9),0.10352333,0.070143889,-0.011951889,-0.029425889,-0.020388778,-0.010287,0.0030996667,0.0016014444,-0.015984556,-0.0030487778,-0.0028255556,-0.000437,0.00075088889,-0.0019456667,0.00074644444,-0.00089911111,-0.0015458889,-0.00099866667,-0.0019842222,-0.00083233333,-0.002661,-0.0011856667,0.00011155556,-0.000459,0.00038822222
Turkish_Cankiri_(n=12),0.10526192,0.090673667,-0.023998083,-0.038833167,-0.01875125,-0.01139475,0.0013713333,0.0018215,-0.01475225,-0.00083008333,-0.000944,-0.00058583333,0.0029426667,-0.0019548333,-0.0008985,0.00178975,-0.00080966667,-0.0011145833,-0.0013918333,-0.00076208333,-0.0011724167,-0.0027825833,0.00101275,-0.0027769167,0.0012473333
Turkish_Karabuk_(n=8),0.1056935,0.079939125,-0.01453725,-0.033395,-0.0172355,-0.012897875,0.003248625,0.002435625,-0.013806125,-0.0001155,-0.00212525,0.001175375,0.000704125,-0.0020765,-0.001637375,0.00152125,-0.00043775,-0.000087375,-0.0000365,-0.00258725,-0.001042875,-0.00182325,0.000424125,-0.0008485,-0.000089125
Turkish_Tokat_(n=21),0.10291814,0.086867524,-0.03195381,-0.042980238,-0.026795667,-0.013891714,0.0028685714,0.000096428571,-0.021437667,-0.0024402857,-0.0025328095,-0.00023471429,-0.00054214286,-0.0027283333,0.00065442857,0.0022761429,-0.00013661905,-0.00028485714,-0.00073838095,-0.0020315238,-0.001889381,-0.0018367619,0.00077047619,-0.002866619,0.0014000476
Turkish_Sivas_(n=63),0.10338262,0.095385968,-0.036390238,-0.042663476,-0.029256587,-0.013700905,0.0023533016,-0.00076995238,-0.023007063,-0.0042983333,-0.0015074603,-0.00036377778,0.00082449206,-0.0024655714,0.00078207937,0.0028402063,-0.0001647619,-0.00016466667,-0.00039107937,-0.0018119841,-0.0009098254,-0.0021450159,0.00016588889,-0.0020879841,0.0013078571
Turkish_Corum_(n=19),0.10299905,0.091723842,-0.031888316,-0.039663105,-0.026335684,-0.011938684,0.00085705263,-0.000086947368,-0.018564895,-0.0036915789,-0.0019025263,-0.00089610526,0.0031061053,-0.0023438421,0.0022480526,0.0027405789,-0.0039967368,-0.00040178947,-0.00057573684,-0.0014783684,-0.00041915789,-0.0022235789,0.00094905263,-0.0019375789,0.00086989474
Turkish_Amasya_(n=12),0.10292658,0.09326025,-0.03520225,-0.043227833,-0.025843667,-0.014356583,0.0029730833,0.00078383333,-0.019955417,-0.0031040833,-0.0010095,0.00021091667,0.001914,-0.0029085833,0.0011459167,0.0030076667,-0.000616,-0.0014376667,-0.00127325,-0.00097466667,-0.001055,-0.00252075,0.00079108333,-0.0025525833,0.0011401667
Turkish_Kutahya_(n=17),0.10312782,0.070458824,-0.0086747059,-0.031767882,-0.018555765,-0.013098588,0.0020901765,0.0022422353,-0.012683824,0.0011384118,-0.0029903529,-0.00068535294,0.00046382353,-0.003437,-0.000071882353,0.0010150588,0.0013518235,-0.00070288235,-0.0011338824,-0.0000068823529,-0.0018627647,-0.002859,-0.000482,-0.0021570588,0.0011927059
Turkish_Konya_(n=14),0.097648043,0.082074619,-0.026305373,-0.040325203,-0.020699951,-0.01247937,0.0024777443,-0.0013806143,-0.017443373,0.0014762071,0.00042228,0.0027874186,-0.0025072414,0.00090206714,-0.00427716,-0.000015377143,0.0017842871,0.00081831,0.00319414,-0.0011063343,-0.0037577657,0.00069723714,-0.0030197071,-0.0012678557,0.000076824286
Turkish_Karaman_(n=20),0.1030636,0.09237965,-0.02509645,-0.04267975,-0.01855325,-0.0157993,0.00097605,0.00002375,-0.01338405,0.0020484,-0.0020952,0.0000477,0.00086985,-0.0034937,0.00017505,0.00253425,-0.0020053,-0.0004596,-0.0006057,-0.00102065,-0.0009758,-0.00212875,0.00029815,-0.0022633,0.001026
Turkish_Nigde_(n=10),0.1052148,0.0966064,-0.0286598,-0.045838,-0.0191573,-0.0157373,0.0001012,0.0005568,-0.0152166,-0.0004783,-0.0005807,-0.0014038,0.0039499,-0.0027038,0.0005472,0.0028733,-0.0014137,-0.0011607,-0.0018907,-0.0009842,-0.0013194,-0.0029721,0.0011813,-0.0027159,0.001062
Turkish_Kayseri_(n=35),0.10046917,0.095045094,-0.033657738,-0.043505711,-0.022569738,-0.01305305,0.0051110155,-0.0018124145,-0.022151611,0.00018963353,-0.00011477097,0.00159066,-0.0035010281,0.001662495,-0.0051904719,-0.00039909825,0.0013594103,0.00063224919,0.0021654145,-0.0027546398,-0.0011706589,0.0017993005,-0.0024241679,-0.00066876798,0.000089992967
Turkish_Isparta_(n=34),0.10507521,0.094858176,-0.020040824,-0.039332794,-0.016692588,-0.013961676,0.00074055882,0.0013072059,-0.013866294,0.00061470588,-0.00016014706,-0.0012350294,0.0032050294,-0.0020246176,-0.0011900294,0.0019937059,0.00030408824,-0.0013471471,-0.0014011765,-0.00088076471,-0.0016123824,-0.0026916471,0.0010545,-0.0025245294,0.0011052353
Turkish_Manisa_(n=9),0.10436167,0.074032778,-0.0083272222,-0.029981111,-0.016945556,-0.010976,0.0029746667,0.0016368889,-0.013900667,-0.0025886667,-0.0013846667,-0.00082188889,0.0021162222,-0.002241,-0.00085744444,0.0012605556,-0.002544,-0.000919,0.00001,-0.00057611111,-0.0011582222,-0.0025735556,0.001034,-0.0015827778,0.0018394444
Turkish_Denizli_(n=9),0.094220111,0.057997778,-0.014707667,-0.031008,-0.021747444,-0.012859889,0.0039688889,0.000025666667,-0.016066444,0.0022677778,-0.001227,0.001532,-0.0019821111,0.000841,-0.0072383333,0.000604,0.0064758889,0.00012655556,0.0017038889,-0.0018203333,-0.00531,0.0010166667,-0.0013008889,-0.0011113333,-0.0033796667
Turkish_Burdur_(n=16),0.10156938,0.067642437,-0.013618313,-0.036492563,-0.021462688,-0.012493125,0.002775375,0.0017255625,-0.015211438,-0.0011116875,-0.00312125,-0.000881125,0.001579875,-0.0022149375,-0.000179375,0.0007300625,-0.0025105,-0.0007950625,-0.000110375,-0.0011930625,-0.00104425,-0.0026261875,0.0005890625,-0.0021290625,0.0017681875
Turkish_Aksaray_(n=23),0.10307713,0.085406391,-0.028129261,-0.040731913,-0.023670696,-0.01246813,0.0014919565,-0.00022378261,-0.018811174,-0.0029233478,-0.0019652174,-0.00094026087,0.0018672609,-0.0032783478,0.0010069565,0.0023275217,-0.0015887391,-0.00064604348,-0.0013058261,-0.0012759565,-0.00076526087,-0.0021375652,0.001096913,-0.0016078696,0.00075391304
Turkish_Nevsehir_(n=32),0.10283544,0.099070281,-0.030735,-0.045049875,-0.023103062,-0.013927313,0.0015084063,0.00072509375,-0.017913188,-0.0009668125,-0.00081659375,-0.00047825,0.002246875,-0.0018625,-0.00032615625,0.001323375,-0.00086425,-0.00090959375,-0.0013805,-0.0015304688,-0.0018565938,-0.0030108438,0.00028815625,-0.00303075,0.0012330312
Turkish_Yozgat_(n=30),0.1016316,0.0867622,-0.0329887,-0.0418385,-0.026057467,-0.012388267,0.0025492667,0.00012253333,-0.020677667,-0.003701,-0.0011653667,-0.0000055333333,0.0010012667,-0.0020886,-0.0006976,0.0011566333,-0.0020595333,-0.00075523333,0.00037986667,-0.0026106333,-0.0021523,-0.0021820333,0.00045556667,-0.0023925667,0.00063893333
Turkish_Kirsehir_(n=20),0.09864485,0.0741202,-0.029864,-0.0364511,-0.0283499,-0.01241915,0.0031575,0.00078945,-0.01933675,-0.0053581,-0.00271235,-0.0017261,0.00271865,-0.00275005,0.0008917,0.0029207,-0.0009945,-0.0012464,-0.00072185,-0.0003907,-0.00070385,-0.00250165,0.00114545,-0.0016991,0.0015568
Turkish_Usak_(n=21),0.10141252,0.071781762,-0.013887429,-0.033547381,-0.020036476,-0.012416905,0.0016780476,0.00071504762,-0.014820143,-0.0024960476,-0.0014042857,-0.0006952381,0.0024428095,-0.0025800476,-0.0012625238,0.0031291905,0.0010423333,-0.00064861905,-0.0007807619,-0.0006867619,-0.0020650476,-0.0020003333,0.0009502381,-0.0014215238,0.0014956667
Turkish_Erzincan_(n=16),0.10480456,0.11754931,-0.047992375,-0.0503075,-0.031754437,-0.013572188,0.000822625,-0.0024295,-0.0259925,-0.0052863125,-0.000401125,-0.0006615,0.0016613125,-0.001770125,0.0012549375,0.0036263125,-0.0014093125,-0.0008193125,-0.0015918125,-0.002618375,-0.0012911875,-0.00271375,0.00025925,-0.0026789375,0.0011144375
Turkish_Tunceli_(n=3),0.10131333,0.117458,-0.053572667,-0.038830333,-0.034967,-0.01036,0.0032406667,-0.0051343333,-0.033483667,-0.010646667,0.000217,0.0010663333,-0.0011143333,0.0012976667,-0.001205,0.002558,-0.0036566667,0.0024756667,0.00079466667,-0.0059486667,-0.0012053333,-0.0022546667,0.0013356667,-0.0030103333,0.001828
Turkish_Afyonkarahisar_(n=18),0.10545961,0.078739611,-0.015950944,-0.034279389,-0.017911389,-0.012394278,0.0010983889,0.0016033333,-0.014604389,0.00035722222,-0.0025075,-0.00078838889,0.0018291667,-0.0036175556,0.00051994444,0.0026486111,-0.00066927778,-0.00090261111,-0.0013922222,-0.00060711111,-0.0012559444,-0.0029461667,0.0011246111,-0.0022464444,0.0015067222
Turkish_Kirikkale_(n=6),0.0962575,0.073530167,-0.030255833,-0.038678833,-0.026365667,-0.012677667,0.0036143333,0.00063116667,-0.018119,-0.0035296667,-0.0014226667,-0.000311,0.0018361667,-0.0028218333,0.00048833333,0.0029558333,-0.0004375,-0.00010616667,-0.0018808333,-0.00058166667,-0.0016083333,-0.0024128333,0.0000815,-0.000792,0.0026285
Turkish_Erzurum_(n=12),0.10291508,0.12144042,-0.054022583,-0.047696333,-0.033801083,-0.010830167,0.0046216667,-0.0038653333,-0.036661083,-0.0069401667,0.0018945833,0.0034219167,-0.00852325,0.00164,-0.0024429167,-0.0063531667,0.000032666667,0.00060183333,0.0011520833,0.000031166667,0.0027555,-0.00070066667,-0.0012015833,-0.0032534167,-0.0020656667
Turkish_Malatya_(n=19),0.10583979,0.110811,-0.042734789,-0.042227211,-0.029629474,-0.010466,0.00092405263,-0.0018241579,-0.024394211,-0.0061082105,-0.00037526316,-0.00041394737,0.0020673684,-0.0034421053,0.0017307368,0.0059995263,0.00096889474,-0.00090784211,-0.0012801053,-0.0020531579,-0.0016723158,-0.0022357895,0.00077094737,-0.0030248947,0.00010010526
Turkish_Elazig_(n=4),0.10293425,0.11446275,-0.044151,-0.04291725,-0.03055275,-0.01106325,0.003111,-0.0018745,-0.02387975,-0.00464125,-0.000204,0.000786,0.00044,-0.0026925,0.00133775,0.00455325,-0.00012725,-0.00036725,-0.0012135,-0.0036765,-0.00016625,-0.0018075,-0.00021275,-0.00414525,-0.00006075
Turkish_Bitlis_(n=1),0.101103,0.114588,-0.052815,-0.04258,-0.02781,-0.003531,-0.000189,-0.003484,-0.02759,-0.00797,-0.000914,-0.000452,0.001751,-0.002708,0.004992,0.005718,-0.002431,-0.000787,-0.002102,-0.003287,-0.001216,-0.00158,0.001212,-0.00292,0.000344
Kurdish_Kurmanji_Turkey_Bingol_(n=3),0.097508667,0.11475467,-0.052545667,-0.039944333,-0.037237667,-0.0050196667,0.0055616667,-0.0073843333,-0.031633,-0.015308,-0.00075766667,0.002098,0.002775,-0.001147,0.0017646667,0.0059666667,0.00099933333,0.0015626667,0.0027653333,-0.010838667,0.00074866667,-0.004534,-0.0018076667,-0.004137,0.0078636667
Turkish_Osmaniye_(n=2),0.099998,0.0694525,-0.0236825,-0.046798,-0.02801,-0.0169275,0.0017705,0.001308,-0.0169095,-0.0012195,-0.005228,-0.000792,0.0022465,-0.005415,0.002815,0.003554,-0.002474,-0.000403,-0.001041,-0.000686,-0.0005325,-0.0033785,0.0006595,-0.0025655,0.0016625
Turkish_Adiyaman_(n=2),0.1009755,0.0887125,-0.0384,-0.038851,-0.032907,-0.009623,0.0050315,0.00056,-0.0212635,-0.000699,-0.0041955,0.002466,-0.002869,-0.0047215,0.001104,0.0052735,0.0066965,-0.0001795,0.0003515,-0.003797,-0.0021435,-0.000089,0.0007395,-0.0004375,0.0002665
Kurdish_Kurmanji_Turkey_Diyarbakir_(n=9),0.095105556,0.12028389,-0.059501444,-0.042205333,-0.039904889,-0.0086765556,0.0034988889,-0.0058973333,-0.030269444,-0.012756444,0.0032656667,0.0011156667,0.00080944444,0.0020186667,0.0019001111,0.0095168889,-0.0031727778,0.0015062222,0.0035196667,-0.0068366667,-0.0014281111,-0.0032012222,0.00021911111,-0.0023431111,0.0014104444
Kurdish_Kurmanji_Turkey_Siirt_(n=2),0.0961805,0.1127235,-0.0590195,-0.0437665,-0.041854,-0.010319,0.0068155,-0.0010385,-0.0318035,-0.0125745,0.0022735,-0.004421,0.0046085,0.0027525,-0.0010855,0.0047735,-0.0062585,0.0022805,0.0057195,-0.004252,-0.006863,-0.0015455,0.001972,-0.0026505,-0.0020955
Turkish_Bayburt_(n=14),0.10897221,0.136679,-0.050472714,-0.057857429,-0.029729,-0.015159571,0.0019319286,-0.0024185714,-0.0328505,-0.006477,0.0007805,0.0011740714,-0.00067928571,-0.00064092857,0.0012185714,0.000091642857,-0.0020628571,-0.00076207143,-0.0014503571,-0.0036425,-0.0010394286,-0.0023545,0.000687,-0.0047734286,0.00047207143
Turkish_Gumushane_(n=3),0.10775233,0.13777333,-0.050534333,-0.059432,-0.027184333,-0.013665667,0.0045433333,-0.0036923333,-0.038587,0.0012146667,0.0015156667,0.005795,-0.0092663333,0.0038993333,-0.0066046667,-0.0071156667,0.0093006667,0.00050666667,-3.33e-7,0.0031266667,0.0042423333,0.00082433333,0.00024633333,-0.0065066667,-0.000599
Kurdish_Kurmanji_Turkey_(n=21),0.0974461,0.11400851,-0.058276648,-0.038954957,-0.038503948,-0.0062448762,0.0042028714,-0.0043551476,-0.028092014,-0.0095355238,0.0010688333,-0.00048001905,0.0014397762,-0.0045726048,0.003965719,0.011721833,0.0013907381,0.0026672286,0.0043295476,-0.0080553048,-0.0004289381,-0.0029462286,-0.0013874,-0.0013854286,0.0035831429
Turkish_Canakkale_Biga_Peninsula_(n=3),0.10354867,0.064786667,-0.008556,-0.029523,-0.014584,-0.014517,0.003564,0.0030706667,-0.012497667,-0.001381,-0.00063333333,-0.00096233333,0.003449,-0.0015326667,-0.0038036667,-0.0013813333,0.00036366667,-0.001072,-0.0013806667,0.00095166667,-0.0013303333,-0.000962,0.001179,-0.000474,0.00024966667
Turkish_Kahramanmaras_(n=25),0.099826,0.08395012,-0.03305696,-0.04166424,-0.0317212,-0.01375008,0.00260756,-0.00121652,-0.02024364,-0.0033942,-0.001797,0.00071048,0.000793,-0.00240052,-0.00034836,0.00322,-0.00103216,0.00055656,0.00047128,-0.00186628,-0.00140496,-0.0022694,0.00061748,-0.00168352,0.00149236
Kurdish_Kurmanji_Iraq_Duhok_(n=6),0.099216,0.11187767,-0.060276667,-0.0366605,-0.037545167,-0.0058566667,0.0061493333,-0.0053076667,-0.026076667,-0.0147005,-0.0017321667,-0.003422,0.0031466667,-0.0030276667,0.0042525,0.016838833,0.004368,0.000359,0.0029748333,-0.0054816667,0.0021626667,-0.000082666667,0.001253,-0.0039361667,0.0019958333
Kurdish_Sorani_Iraq_Erbil_(n=6),0.091193667,0.11289067,-0.062809833,-0.039999333,-0.034919167,-0.0086291667,0.0045441667,-0.003901,-0.0233885,-0.010192667,0.0030276667,-0.0024846667,0.0045271667,-0.0027956667,0.0017066667,0.014063333,0.0028656667,0.0029728333,0.002181,-0.0049236667,-0.00027933333,-0.0039328333,-0.00098733333,-0.0014666667,0.0031973333
Kurdish_Sorani_Iraq_Sulaymaniyah_(n=13),0.092495138,0.11004745,-0.060270138,-0.035999877,-0.040243177,-0.0031617538,0.0049693308,-0.0065894385,-0.025345738,-0.012637177,0.0021857308,-0.0011437846,0.0029241615,-0.00030247692,0.0027571923,0.010064292,-0.0053042692,0.00086681538,0.0063498462,-0.0099686846,0.0012761538,-0.0011555,-0.0011168154,-0.0011979846,0.0018828154
Kirkuk_47Tolkien,0.07625923035,0.10875059499999999,-0.059338034149999996,-0.0445841545,-0.03715631615,-0.009070948799999999,0.0004654194599999998,-0.00488756168,-0.015220826760000002,-0.00959828449,0.003268113890000001,-0.002780763315,0.011396215950000002,-0.00049182221225,0.002686936675,0.015030095650000002,0.0021099860850000004,0.0008406716849999998,0.0005697711,-0.004759119449,-0.0006995988950000004,-0.0031311977745000002,-0.0031559344500000004,-0.0026804483249999998,0.0030127283200000006
Iraqi_Arab_Basra_(Mesopotamian_Arab_Profile)_(n=8),0.04955875,0.11437137,-0.064831875,-0.055841125,-0.03128925,-0.014645125,-0.0016075,-0.004100875,-0.004243125,-0.006721625,0.00572075,-0.0071655,0.01415525,-0.000829625,0.001466125,0.01097475,-0.005105375,0.000965,0.003557625,-0.0031,0.001880125,-0.003323,-0.001324375,-0.00333375,0.002816875
Iraqi_Arab_Muthanna_(Arabian-Mixed_Profile)_(n=1),0.0454,0.1277,-0.0576,-0.0848,-0.0178,-0.0333,-0.0116,-0.0112,0.0286,-0.0039,0.0129,-0.0188,0.032,-0.0003,-0.0001,0.0176,-0.0045,0.0014,0.0004,0.0137,0.0043,0.0032,-0.0044,0.002,-0.0022
Iraqi_Arab_Diyala_(Mesopotamian_Arab_Profile)_(n=3),0.0562,0.11386667,-0.0665,-0.0636,-0.0319,-0.017133333,-0.0017666667,-0.0050666667,-0.0041666667,-0.0023333333,0.0070666667,-0.0051666667,0.012533333,-0.00066666667,-0.00046666667,0.0096333333,-0.00043333333,-0.000066666667,0.0034666667,-0.0041666667,0.0042666667,-0.0026666667,-0.0011,-0.0080666667,0.0038
Iraqi_Arab_Wasit_(Mesopotamian_Arab_Profile)_(n=2),0.0606,0.11945,-0.06355,-0.0655,-0.02925,-0.0208,-0.00435,-0.00755,0.00005,-0.0057,0.00705,-0.0102,0.0169,-0.0017,-0.0002,0.0158,-0.00185,0.0013,0.00065,-0.001,0.0047,-0.0003,-0.00305,-0.0033,0.0013
Iraqi_Arab_Maysan_(Mesopotamian_Arab_Profile)_(n=15),0.050724133,0.1193708,-0.0676346,-0.0639154,-0.033368067,-0.020275667,-0.0037093333,-0.0049323333,-0.0025466667,-0.0055641333,0.0071430667,-0.0076029333,0.015516867,-0.001451,0.0016386,0.015152867,-0.0000576,0.001213,0.0024638667,-0.0033214,0.0038462667,-0.002983,-0.0021161333,-0.0043456,0.0038304667
Iraqi_Arab_Anbar_(Syrio-Mesopotamian_Arab_Profile)_(n=5),0.0722664,0.1288534,-0.060178,-0.0664556,-0.0275806,-0.0184418,-0.001651,-0.0055016,-0.0073388,-0.001384,0.0049064,-0.00304,0.0108668,0.0006982,-0.0001556,0.0027308,-0.0096246,0.0026218,0.0034172,-0.0055568,-0.000997,-0.0010254,-0.0008476,-0.0020972,-0.0003068
Iraqi_Arab_Najaf_(Mesopotamian_Arab_Profile)_(n=6),0.051653333,0.12137733,-0.067483167,-0.0666345,-0.031911,-0.021049333,-0.0048366667,-0.0055385,0.0020363333,-0.0054681667,0.0073785,-0.0089068333,0.017791,0.00044583333,0.0039763333,0.014363667,-0.0018326667,0.0013288333,0.001655,-0.0016663333,0.0026788333,-0.00043283333,-0.0022468333,-0.0027591667,0.0027611667
Iraqi_Arab_Nineveh_(Syrio-Mesopotamian_Arab_Profile)_(n=8),0.082364887,0.11745141,-0.053606308,-0.053490657,-0.02941064,-0.01497067,0.0003161175,-0.00364867,-0.013294595,-0.0060374,0.003040555,-0.0022341075,0.004634775,0.0034857275,0.0002578075,0.001750215,-0.006261285,0.002152605,0.001657375,-0.00475193,0.000346755,0.0012108275,-0.00136676,-0.00194864,0.00098493125
Iraqi_Arab_Saladin_(Syrio-Mesopotamian_Arab_Profile)_(n=3),0.070356667,0.1243105,-0.0629325,-0.062921,-0.031610167,-0.0191535,0.00054883333,-0.0043095,-0.0082891667,-0.0062633333,0.006167,-0.0055108333,0.0097335,0.0015683333,0.000062666667,0.0050285,-0.010075667,-0.00056133333,-0.00076083333,-0.0066558333,0.0037415,-0.0000038333333,-0.0016546667,-0.0023293333,0.0020976667
Iraqi_Arab_Baghdad_(Syrio-Mesopotamian_Arab_Profile)_(n=15),0.07168,0.11766,-0.057053333,-0.059713333,-0.03124,-0.01486,-0.00006,-0.00494,-0.010673333,-0.0041266667,0.0040266667,-0.00442,0.00852,0.00046,-0.000013333333,0.0052133333,-0.0056666667,0.00064666667,0.00056,-0.00384,0.0014066667,-0.00056,-0.00302,-0.0033466667,0.00172
Iraqi_Arab_Babylon_(Mesopotamian_Arab_Profile)_(n=3),0.0611,0.12086667,-0.066033333,-0.0665,-0.034566667,-0.0208,-0.0038333333,-0.0073666667,-0.0058666667,-0.0044,0.0073333333,-0.0061666667,0.014,0.00016666667,-0.00046666667,0.012733333,-0.0008,0.0010333333,0.0034333333,-0.0052,0.0044666667,-0.0047666667,-0.0033,-0.0065,0.0040666667
Iraqi_Arab_Al-Qadisiyyah_(Mesopotamian_Arab_Profile)_(n=2),0.04595,0.11955,-0.06235,-0.06775,-0.0263,-0.0238,-0.00505,-0.0031,0.00555,-0.00485,0.0095,-0.0082,0.01755,-0.00015,0.0025,0.00945,-0.00365,0.00015,0.00175,-0.0021,0.0025,-0.00085,-0.0003,-0.00235,0.00305
Iraqi_Arab_Dhi_Qar_(Mesopotamian_Arab_Profile)_Marsh_Arab_(n=5),0.0484,0.11864,-0.06498,-0.06042,-0.03152,-0.01958,-0.00328,-0.00312,-0.00112,-0.00576,0.00748,-0.00872,0.01612,-0.00204,0.00276,0.01512,-0.00154,0.00084,0.00244,-0.003,0.00298,-0.00204,-0.00154,-0.00322,0.00502
Iraqi_Arab_Karbala_(Mesopotamian_Arab_Profile)_(n=6),0.06365,0.12121667,-0.071033333,-0.066633333,-0.0373,-0.018783333,-0.0010833333,-0.0064166667,-0.011833333,-0.0038833333,0.0069166667,-0.0048666667,0.0107,0.00021666667,-0.0014166667,0.011633333,-0.00018333333,-0.00071666667,0.00415,-0.0061833333,0.0046,-0.0036333333,-0.00195,-0.0070166667,0.0037333333
Algerian_Arab_Algiers_(n=24),-0.055820708,0.13413458,-0.0073537917,-0.068301042,0.022401458,-0.030782542,-0.022649125,0.006451625,0.054130583,0.025961,0.00546025,-0.0059634583,0.021456625,-0.013773833,0.013555042,-0.011005,-0.0043135417,-0.016955125,-0.032571583,0.0079465,-0.010777875,-0.028043458,0.018908167,-0.0010894583,0.0019259167
Algerian_Arab_(n=32),-0.042356352,0.13539464,-0.0087983729,-0.068888725,0.022477383,-0.029508074,-0.022103493,0.006953225,0.055356433,0.023909376,0.0061268833,-0.006492849,0.021554307,-0.01277548,0.013191184,-0.010463791,-0.0023207172,-0.01499231,-0.03196306,0.0074879984,-0.009903688,-0.028748807,0.017521279,-0.0037945203,0.0040842594
Berber_Algeria_Shawiya_(n=8),-0.027083375,0.13693063,-0.006677125,-0.072842625,0.026358125,-0.034059125,-0.028336,0.006122875,0.061150875,0.028638625,0.007442375,-0.007163125,0.017752875,-0.014149875,0.017211375,-0.012528625,-0.002614375,-0.01749775,-0.039951125,0.0052365,-0.0131395,-0.036230125,0.025506375,-0.003051375,0.005687375
Berber_Algeria_Tuareg_(n=1),-0.166182,0.119832,-0.005657,-0.066215,0.020004,-0.033188,-0.039247,0.018692,0.075674,0.033167,0.008282,-0.008243,0.029137,-0.022708,0.022937,-0.013524,0.013169,-0.025591,-0.048268,0.011631,-0.018218,-0.049708,0.038577,-0.004579,0.009939
Berber_Algeria_Kabyle_(n=25),-0.022525656,0.13751402,-0.0035881094,-0.067860685,0.027329589,-0.030162379,-0.0231391,0.0058616519,0.05739145,0.031485461,0.0056816625,-0.00412523,0.01502029,-0.013932889,0.012207497,-0.01304269,0.00072734562,-0.01849421,-0.036206109,0.0063341944,-0.012239079,-0.031761739,0.019901123,-0.0037071675,0.0047442994
Berber_Algeria_Mozabite_(n=25),-0.06497028,0.13551212,-0.0036204,-0.07166724,0.02580168,-0.03283108,-0.02618,0.0107258,0.06194616,0.03006176,0.00639164,-0.00673792,0.02207912,-0.01666324,0.01616152,-0.01626616,-0.00295192,-0.02182088,-0.0436122,0.00857416,-0.01433964,-0.03711556,0.02508832,-0.00452088,0.0061024
Berber_Algeria_Ouarsenis_Zenati_(n=1),-0.037562,0.140143,-0.006788,-0.06137,0.02185,-0.033188,-0.021386,0.008077,0.059516,0.02934,0.009419,-0.012439,0.032259,-0.015138,0.012215,-0.011403,-0.008866,-0.020143,-0.037835,0.014507,-0.013351,-0.030419,0.022061,-0.008073,0.008742
Persian_Tehran_(n=2),0.0950425,0.106123,-0.061659,-0.031977,-0.037699,-0.002231,0.0048175,-0.0023075,-0.02894,-0.006287,0.0001625,-0.000375,0.005426,0.004404,0.0083465,-0.001392,-0.013299,0.0000635,-0.00088,-0.015695,-0.0012475,-0.007481,0.003451,-0.0033135,0.0027545
Azeri_Iran_Ardabil_(n=18),0.091943611,0.086320056,-0.049256056,-0.039083,-0.036639222,-0.0044777222,0.0048306111,-0.0041792222,-0.026224444,-0.010306389,-0.00028872222,-0.0013237778,0.00060294444,-0.00098622222,0.00078422222,0.0046773333,-0.0031510556,0.00095727778,0.002451,-0.0048911667,0.00049211111,-0.0010511111,-0.0019378333,-0.0023764444,0.0020357222
Persian_Bushehr_(n=2),0.069789333,0.10495867,-0.070508333,-0.031811,-0.053263667,-0.0014635,-0.00089833335,-0.0040321667,-0.030608834,-0.017006,0.0027745,-0.00030883335,0.0040635,0.001301,0.0031521666,0.010730333,-0.0065023335,0.0008335,0.0052143334,-0.0093686666,0.0006625,0.000861,0.0014535,-0.0054356667,0.0033955
Persian_Kerman_(n=20),0.084717333,0.085139317,-0.0659682,-0.012352717,-0.048056183,0.0068578,0.0034557667,-0.00190305,-0.026888433,-0.0151315,-0.00067658333,-0.0013822,0.003428,-0.00431485,0.0080529833,0.013156467,-0.0064648167,0.0023864333,0.0041146167,-0.010749767,-0.0009679,-0.0039375,-0.00095015,-0.0037665667,0.0043992667
Azeri_Iran_East_Azerbaijan_Tabriz_(n=6),0.089778,0.082173,-0.050439833,-0.032353833,-0.0404175,-0.0048921667,0.0026241667,-0.0017403333,-0.027994167,-0.0069855,-0.0017523333,0.0001935,0.0053081667,0.00072266667,0.0014816667,0.0073311667,0.0021295,0.0013565,0.00042933333,-0.005815,0.0001145,-0.000381,-0.0029321667,-0.0043575,0.0015466667
Persian_Fars_Shiraz_(n=13),0.082040077,0.093116231,-0.066228231,-0.023380231,-0.045191846,0.00060069231,0.003507,-0.003852,-0.026462231,-0.016191,-0.000087461538,-0.0035622308,0.0073644615,-0.0034406154,0.0048963846,0.014646,-0.0041521538,0.0023194615,0.001518,-0.0073786154,0.00095969231,-0.0027013077,0.00085315385,-0.0057004615,0.0045503846
Persian_Bandari_(n=9),0.042999889,0.075375111,-0.085815889,0.004199,-0.057172889,0.014936222,0.0021672222,-0.00094877778,-0.021452333,-0.016927667,0.0011366667,-0.00096577778,0.0033696667,-0.0029054444,0.010405222,0.020300889,-0.0048676667,0.005363,0.0042037778,-0.016271778,0.00036033333,-0.0099471111,0.0029167778,-0.0093184444,0.0054017778
Lak_Iran_(n=3),0.095232,0.10189133,-0.065493,-0.028854667,-0.044316,0.0062283333,0.0068933333,-0.004,-0.033201,-0.017434,-0.00054133333,0.0015486667,0.001239,0.001147,0.004026,0.0070273333,-0.001695,0.002238,0.0063686667,-0.012548,-0.001747,-0.0059766667,-0.002013,-0.000482,0.010617667
Persian_Isfahan_(n=6),0.088212667,0.093090167,-0.060653667,-0.0250325,-0.043802833,-0.001162,0.0026241667,-0.0064998333,-0.0252245,-0.012331333,0.00295,-0.0014986667,0.0030228333,-0.0044038333,0.0057003333,0.0099663333,-0.0057586667,0.00033783333,0.0020321667,-0.0073785,0.00049933333,-0.0033386667,0.0012118333,-0.0037353333,0.0046901667
Kurdish_Iran_Kermanshah_(n=3),0.089541,0.092413333,-0.059962,-0.027239667,-0.041238333,0.005113,0.006345,-0.001923,-0.027133333,-0.012270667,-0.00092033333,-0.002248,0.002428,0.00096333333,0.0043886667,0.0098116667,-0.0043896667,-0.00067566667,0.0019273333,-0.0075866667,-0.003577,-0.0067183333,0.00073933333,0.0021286667,0.0050293333
Iranian_Arab_Khuzestan_(n=8),0.051220375,0.11361225,-0.063450625,-0.05176075,-0.031352,-0.012933625,-0.003055,-0.0026825,-0.00086925,-0.007654125,0.0023545,-0.00745575,0.016333875,0.000292375,0.00179825,0.01284475,-0.010773,0.0012195,0.001492875,-0.001704,0.00090475,0.00245775,-0.000184875,-0.003147875,0.001407125
Kurdish_Sorani_Iran_Kordestan_(n=6),0.093714167,0.102399,-0.064299,-0.0321385,-0.0403665,-0.0067396667,0.0040733333,-0.0047308333,-0.025395167,-0.014791333,0.00056833333,-0.0028473333,0.0036423333,-0.0029588333,0.0034833333,0.016242167,-0.000086833333,-0.00019016667,0.0030585,-0.0034393333,-0.0017883333,-0.0028441667,-0.0006985,-0.0015665,0.0048096667
Persian_Markazi_(n=1),0.092197,0.097491,-0.065242,-0.024548,-0.043393,-0.004183,0.003995,-0.000462,-0.022907,-0.009294,-0.006333,-0.001349,0.004757,-0.003578,0.01045,-0.001856,-0.018123,0.006968,0.009302,-0.008254,-0.000624,-0.016569,-0.0053,-0.004579,0.004431
Persian_Khorasan_(n=12),0.08631575,0.072271917,-0.064456333,-0.0054371667,-0.048419333,0.0073906667,0.00393625,-0.00173075,-0.025394917,-0.016796083,-0.0022058333,-0.00038708333,0.0016229167,-0.0063191667,0.0076228333,0.015546167,-0.000641,0.0016680833,0.0026815833,-0.0090356667,-0.0018613333,-0.0034725833,-0.001972,-0.0026809167,0.0065760833
Persian_Qom_(n=1),0.095611,0.100537,-0.056568,-0.025517,-0.043393,-0.004741,0.006345,0.005077,-0.031292,-0.01221,0.004709,0.0003,-0.001635,-0.005505,-0.004207,0.014452,0.004303,0.001267,0.005656,-0.007253,-0.003743,-0.005317,-0.000123,0.001928,-0.000718
Persian_Semnan_(n=2),0.0865055,0.0787035,-0.0590195,-0.016473,-0.048932,0.0041835,0.00611,-0.0015,-0.02577,-0.0088385,-0.0056025,0.002323,0.0008175,0.0061935,0.003664,0.0066295,-0.009583,0.00038,-0.0047135,-0.0071285,-0.000936,-0.002102,-0.0015405,-0.00964,-0.0012575
Balochi_Iran_(n=5),0.0565118,0.067028,-0.0958334,0.0184884,-0.067659,0.0217452,0.0020764,-0.000719,-0.0252664,-0.0201502,-0.0028708,-0.0032062,0.006716,-0.010211,0.011867,0.0303638,-0.004875,0.0047478,0.0066138,-0.0235912,-0.0008568,-0.0135298,0.0009952,-0.0147252,0.0081816
Kurdish_Sorani_Iran_West_Azerbaijan_(n=8),0.0946155,0.1090425,-0.06104625,-0.03448025,-0.04016125,-0.005577875,0.003260625,-0.00455775,-0.025309875,-0.01273375,0.00172525,-0.003446875,0.0033075,-0.004145875,0.0036645,0.016490875,0.006453875,0.002359625,0.006221875,-0.00611225,-0.0012165,0.00100475,0.000030875,-0.001009,0.00218525
Persian_Yazd_(n=19),0.091717474,0.096421632,-0.064507421,-0.017595,-0.046340579,0.0028328947,0.0066296316,-0.0031334737,-0.029849789,-0.015585947,0.00079484211,-0.0019246316,0.0051874211,-0.0033826842,0.0068787895,0.012491421,-0.0057506316,0.0013802632,0.0018192105,-0.010274684,-0.0029880526,-0.0041195789,-0.00033736842,-0.0026572632,0.0041029474
Azeri_Iran_Zanjan_(n=5),0.0950422,0.0868274,-0.0529854,-0.0380332,-0.0388532,-0.0086454,0.0049936,-0.0034036,-0.0289402,-0.0106606,0.0004466,0.0006738,0.0010034,0.0006194,0.0007122,0.0054692,0.0008802,-0.0012984,0.0015082,-0.0019382,0.0000622,-0.0040494,-0.000339,-0.0013554,0.0024546
Egyptian_Arab_Muslim_Dakahlia_(n=12),-0.00948525,0.13278033,-0.041514583,-0.088717333,-0.0061548333,-0.03455925,-0.01372875,-0.00063483333,0.03649025,0.0008505,0.0062654167,-0.010977833,0.024231833,-0.000068666667,-0.00037308333,-0.0021436667,-0.0027270833,-0.0024385833,-0.0035405833,0.002991,0.000728,-0.0032869167,0.00171525,0.00091383333,-0.00049891667
Egyptian_Arab_Muslim_(n=74),-0.020892912,0.13402927,-0.04242448,-0.084544351,-0.0041641784,-0.032184518,-0.013353105,-0.00013201351,0.036471905,-0.00046065,0.0065682122,-0.0098800973,0.021546796,0.00042354324,0.00026358649,0.0017473554,-0.0013677554,-0.0029359811,-0.0038665041,0.0031262068,-0.00062307973,-0.00065994324,0.0018109108,0.0020855216,-0.00019630946
Egyptian_Arab_Muslim_Beheira_(n=2),-0.01731743,0.13492029,-0.042345429,-0.090624572,-0.0042862143,-0.034482714,-0.012153285,0.001648,0.038698929,-0.00010421428,0.0061708572,-0.0084245,0.020759643,-0.0027033571,-0.0011147143,-0.0038264285,-0.0069195,-0.0072030715,-0.0051627143,0.0033319286,-0.0042425715,3.57e-7,0.003495,-0.00024935715,-0.00025685714
Egyptian_Arab_Muslim_Gharbia_(n=5),-0.007456448,0.12892181,-0.044815096,-0.08582262,-0.004307324,-0.035028824,-0.00337348,-0.005631328,0.036071868,-0.001758096,0.008704772,-0.010863856,0.026850864,0.002887864,0.003281936,0.005804288,-0.009228012,-0.003997964,-0.00245536,0.003223508,0.001434824,0.00079088,0.00311262,-0.000516648,0.0004759304
Egyptian_Arab_Muslim_Alexandria_(n=5),-0.0161628,0.1324344,-0.0407292,-0.082489,-0.0016618,-0.0337456,-0.0141476,-0.0036462,0.035942,0.001713,0.005419,-0.0116896,0.0210208,-0.0013212,-0.0035016,0.0006098,0.003416,-0.0034206,-0.005605,0.0025014,-0.0008734,0.0006924,0.000419,0.0056152,0.0023472
Egyptian_Arab_Muslim_Giza_(n=2),-0.0256105,0.135065,-0.0426145,-0.087856,0.0026155,-0.033606,-0.013631,-0.003346,0.040291,0.00082,0.0076325,-0.007718,0.025272,0.001307,0.0050895,0.008552,0.0025425,-0.004371,-0.0057195,0.002001,0.0016845,0.000804,0.007025,0.000964,0.0001795
Egyptian_Arab_Muslim_Cairo_(n=5),-0.021076,0.1327812,-0.04083918,-0.08055144,-0.00222878,-0.03313114,-0.01264704,0.0001674,0.03876756,-0.0021278,0.00186282,-0.01031696,0.02102522,-0.00158142,-0.00070716,0.00755442,0.00536142,-0.00425948,-0.00332892,0.00532586,-0.00188564,-0.00118712,0.00373852,0.00446772,-0.00247526
Egyptian_Arab_Muslim_Qalyubia_(n=2),-0.0227645,0.1320185,-0.0414835,-0.084949,-0.0009235,-0.028865,-0.0203285,-0.002769,0.03344,0.003371,0.009987,-0.0117645,0.022671,-0.002959,0.0022395,-0.0088835,-0.016037,-0.003864,-0.003268,-0.0025015,-0.00287,-0.0040805,0.0043135,0.00235,0.000539
Egyptian_Arab_Muslim_Sharqia_(n=3),-0.018791747,0.13564689,-0.04521622,-0.0879152,-0.0067290733,-0.040155073,-0.00724554,-0.0025306667,0.042865027,-0.00733772,0.00405306,-0.01356906,0.02623066,0.00261028,-0.00049794667,0.00419156,-0.0033371867,-0.00057785333,0.00074208667,0.0042506667,0.0042539333,0.00237034,-0.0019668267,-0.0019334267,-0.0013971327
Egyptian_Arab_Muslim_(Nubian/Sudanese-Mixed)_(n=1),-0.127482,0.110693,-0.031678,-0.078489,-0.001231,-0.028168,-0.00564,0.006,0.058085,-0.032438,0.007795,-0.002847,0.022299,-0.002064,0.001764,-0.002917,0.002217,-0.007095,0.00264,0.00075,0.000499,0.000618,0.000123,0.00241,0.001317
Egyptian_Copt_(n=27),0.017728962,0.14245451,-0.049604183,-0.1043836,-0.00037102037,-0.043312543,-0.014851403,-0.0026816563,0.046741812,-0.00036222778,0.0074491974,-0.012014527,0.028901171,0.0020114089,0.00062444333,0.001569197,-0.003960717,-0.001525307,-0.003606687,0.0048884893,0.0011466441,0.00070573074,0.00057136889,0.0021790104,-0.00050050556
Egyptian_Arab_Muslim_Kafr_El_Sheikh_(n=2),-0.0158105,0.1312015,-0.0377815,-0.0838405,0.0012535,-0.0325065,-0.0136545,0.0019095,0.046516,0.001381,0.0071975,-0.0077805,0.024903,0.000431,0.0044265,-0.003596,-0.003078,-0.0036185,-0.0052225,0.0025985,-0.004178,-0.0011695,0.0003705,-0.000308,-0.001146
Tunisian_Arab_(n=8),-0.037392375,0.1355325,-0.014760125,-0.071326875,0.0164375,-0.031420625,-0.022569625,0.00505275,0.05130675,0.02235725,0.0059335,-0.006414625,0.021604375,-0.012366375,0.012531,-0.0093685,-0.001454625,-0.016936125,-0.029655875,0.008586875,-0.0103425,-0.025935625,0.015473125,-0.003195875,0.001535125
Tunisian_Arab_Bizerte_(n=2),-0.016504,0.1320185,-0.0135765,-0.066861,0.0136945,-0.033606,-0.016216,-0.001846,0.0440745,0.0220505,0.0113675,-0.0094415,0.0202175,-0.0101155,0.008822,0.0021875,-0.0014345,-0.006968,-0.024134,0.0076285,-0.0039305,-0.0174965,0.009305,0.0028315,-0.003892
Berber_Tunisia_East_Zenati_Matmata_(n=13),-0.024077923,0.13647154,-0.011516692,-0.078215692,0.023720385,-0.034904308,-0.024567538,0.0030531538,0.061215692,0.029858769,0.0057335385,-0.0064903077,0.021807385,-0.015202,0.013039538,-0.01075,-0.00065192308,-0.016800846,-0.037458,0.0078402308,-0.011902077,-0.031721692,0.021483077,-0.0021596154,0.0033805385
Tunisian_Arab_Jendouba_(n=2),-0.077969,0.1330345,-0.009805,-0.067507,0.0198495,-0.026913,-0.020211,0.0083075,0.050006,0.0211395,0.004872,-0.0093665,0.022076,-0.006399,0.008958,-0.00232,-0.002673,-0.011275,-0.0294135,0.0063785,-0.0082355,-0.016446,0.020829,-0.0007835,0.0020355
Tunisian_Arab_Douz_(n=31),-0.052909452,0.13391887,-0.029804774,-0.087574677,0.0090933548,-0.036345774,-0.022166806,0.0030297097,0.054726613,0.011316258,0.008328871,-0.016823774,0.039898645,-0.0043816129,0.010205323,0.0043027742,-0.011229935,-0.0073723871,-0.01981171,0.015939065,-0.0014007419,-0.011025065,0.00885,0.0015042581,-0.0013635806
Tunisian_Arab_Monastir_(n=6),-0.0013278333,0.1384505,-0.011124833,-0.0631465,0.020003667,-0.026122667,-0.018409333,0.003846,0.041859167,0.025877667,0.0043035,-0.0060196667,0.010901833,-0.011743833,0.0089575,-0.0081763333,0.004433,-0.0118665,-0.0260615,0.004252,-0.0082771667,-0.020608833,0.015796167,-0.0019278333,0.0015368333
Berber_Tunisia_East_Zenati_Djerba_(n=3),-0.025420667,0.138789,-0.012445,-0.079996333,0.030159333,-0.037185333,-0.024284333,0.0059996667,0.068038333,0.029279,0.0073613333,-0.008642,0.025817333,-0.016239667,0.010767,-0.015954667,-0.0042593333,-0.021114667,-0.039092333,0.0097543333,-0.014308333,-0.037384333,0.019267667,-0.0051813333,-0.001078
Tunisian_Arab_Sfax_(n=6),0.013469167,0.1391275,-0.011816333,-0.061693,0.017079667,-0.0229155,-0.012416667,0.002577,0.040700333,0.025391333,0.0033831667,-0.002248,0.0091428333,-0.009175,0.004275,-0.0027403333,0.0070625,-0.0074748333,-0.021976167,0.0051273333,-0.0077986667,-0.017228833,0.0076413333,-0.0030121667,0.0057078333
Tunisian_Arab_Sousse_(n=2),-0.0022765,0.137604,-0.0092395,-0.062016,0.0235425,-0.0237055,-0.014688,0.0059995,0.0416205,0.022597,0.0031665,-0.004646,0.0138255,-0.0052295,0.0084825,-0.0072925,-0.004824,-0.015646,-0.0243225,0.0051895,-0.0101695,-0.019475,0.0167,-0.006507,0.004251
Berber_Tunisia_East_Zenati_Chenini_(n=18),-0.027949944,0.13907106,-0.0080870556,-0.076479222,0.027731556,-0.035202278,-0.031386722,0.0052817778,0.068424611,0.029795667,0.0040057222,-0.0043877222,0.019631389,-0.016124833,0.014092278,-0.016905167,0.00015211111,-0.023289556,-0.046724722,0.0078579444,-0.016831444,-0.0404275,0.028134722,-0.0044516667,0.0063666111
Tunisian_Arab_Tunis_(n=11),-0.044786273,0.13229755,-0.013569364,-0.072845182,0.019174727,-0.029378545,-0.021972364,0.0054736364,0.052262727,0.020673364,0.0052499091,-0.0072060909,0.024197636,-0.010161636,0.012055091,-0.0078126364,-0.0030554545,-0.012778909,-0.028812455,0.0065407273,-0.010167182,-0.022534091,0.017274818,-0.0037531818,0.0015925455
Libyan_Arab_(n=21),-0.030189113,0.13412185,-0.023095635,-0.083920434,0.011595913,-0.035469485,-0.021773945,0.0019832286,0.052886679,0.013887487,0.0069750624,-0.012951735,0.029802945,-0.0071135395,0.0088001629,0.00083614048,-0.0013740329,-0.010478087,-0.021803691,0.011699529,-0.0027208738,-0.014831933,0.010566527,-0.0007129581,0.0012382529
Libyan_Arab_Benghazi_(n=2),-0.010053,0.133925,-0.0214635,-0.071857,0.012463,-0.0292705,-0.0141255,0.0044,0.0425455,0.0176195,0.006154,-0.006847,0.020713,-0.011293,0.0076645,0.003632,0.0064445,-0.010541,-0.023414,0.009802,-0.005108,-0.0190105,0.01274,-0.0002025,0.0017285
Libyan_Arab_Tripoli_(n=4),-0.0401225,0.13506525,-0.0165935,-0.07291725,0.00977075,-0.0260065,-0.0215035,0.0083075,0.052716,0.0198635,0.0085655,-0.01112775,0.02170425,-0.0057455,0.00817675,-0.009613,-0.01124525,-0.01273225,-0.02359975,0.0112245,-0.0128215,-0.020495,0.01278725,-0.00379575,0.00440075
Shwashin_Arab_Libya_(n=2),-0.153661,0.1127235,-0.013765,-0.057171,0.001539,-0.0259365,-0.019388,0.008538,0.0473475,-0.0041005,0.001705,-0.0048705,0.016947,0.0022705,0.012215,-0.0121985,-0.010496,-0.0081715,-0.013764,0.005065,-0.0026825,-0.006492,0.000616,0.0083745,-0.0004195
Libyan_Arab_Misrata_(n=3),-0.008423,0.12736067,-0.0091766667,-0.073734333,0.017036667,-0.030485,-0.024475333,0.0017966667,0.051122667,0.018554,-0.0021176667,-0.001299,0.018446,-0.013345667,0.0044826667,0.000219,0.006702,-0.014812333,-0.029622667,0.0070213333,-0.0069073333,-0.015985333,0.016585667,-0.0011313333,0.0054426667
Yemeni_Arab_(n=8),0.025894625,0.13557312,-0.060716375,-0.10574275,-0.01065575,-0.041938125,-0.01272,-0.00761525,0.053764375,-0.003302875,0.012889625,-0.026283,0.05112075,0.005023375,0.0016795,0.01544675,-0.017944,0.004766625,0.0028125,0.019681125,0.010887,0.01451375,-0.005977375,0.006506625,-0.00395175
Yemeni_Arab_Al_Bayda_(n=6),0.038699667,0.13861983,-0.062664667,-0.10739833,-0.010155667,-0.048480333,-0.013160833,-0.010153333,0.054130833,-0.0059835,0.010961167,-0.0287995,0.050916333,0.004106,0.0063788333,0.024197333,-0.018471,0.0071578333,0.00083783333,0.017925333,0.0097745,0.016177833,-0.0074358333,0.0011248333,-0.003752
Yemeni_Arab_Dhale_(n=7),0.024065429,0.13854743,-0.060285286,-0.11143586,-0.0080452857,-0.044662286,-0.012690571,-0.006494,0.054900143,-0.010049143,0.015774857,-0.020810286,0.049036714,0.0068811429,0.0020165714,0.016536,-0.020153714,0.0012307143,0.0042018571,0.017758429,0.010035857,0.0093801429,-0.0048592857,0.0022205714,-0.0052347143
Yemeni_Arab_Al_Jawf_(n=4),0.04922825,0.14141225,-0.0630735,-0.11555425,-0.01069425,-0.04734175,-0.00940025,-0.0071535,0.05813575,-0.0025965,0.01286925,-0.03143475,0.05730875,0.003888,0.0038,0.01959025,-0.02047025,0.00399075,0.00317375,0.02213575,0.01070025,0.01471475,-0.01306425,0.00855525,-0.008562
Yemeni_Mehri_Mahra_(n=9),0.054255556,0.13608089,-0.068258889,-0.12119778,-0.0037272222,-0.056305,-0.013030111,-0.0088204444,0.062879778,-0.002045,0.016798111,-0.032571111,0.065741111,0.0058413333,0.0080527778,0.027077778,-0.021064333,0.0028716667,-0.0019133333,0.024831222,0.013725889,0.016088667,-0.0087368889,0.0027847778,-0.0052288889
Yemeni_Arab_Amanat_Al_Asimah_(n=2),0.0409765,0.1370965,-0.0605275,-0.1080445,-0.0172335,-0.047551,-0.0092825,-0.008769,0.0474495,-0.007745,0.011286,-0.0263765,0.044375,0.0027525,0.006379,0.021281,-0.0119955,0.0050675,0.002388,0.018196,0.0141625,0.0137255,-0.004868,-0.000482,-0.006526
Yemeni_Arab_Amran_(n=16),0.044319875,0.13633475,-0.061093562,-0.10315844,-0.014348875,-0.042652812,-0.009209375,-0.0079754375,0.0458005,-0.0046129375,0.011976,-0.02306075,0.046865375,0.0055134375,0.00420725,0.016499,-0.014114062,0.0046558125,0.0014848125,0.016101312,0.0071515625,0.00959075,-0.0062703125,0.004420625,-0.00577025
Yemeni_Arab_Dhamar_(n=10),0.0346021,0.1405492,-0.0589439,-0.1105636,-0.0095093,-0.0471046,-0.0130431,-0.0084689,0.0495153,-0.0082735,0.0140954,-0.0256872,0.0485377,0.0052846,0.0037867,0.0156986,-0.0140944,0.0048269,0.0000629,0.0174082,0.0096329,0.0119201,-0.0055956,0.0045908,-0.0039636
Yemeni_Arab_Hadramaut_(n=5),0.0350574,0.128972,-0.0683344,-0.1000012,-0.0115096,-0.04228,-0.0140068,-0.0050766,0.0522354,-0.0046288,0.009516,-0.024668,0.050277,0.0033026,0.0035016,0.0232298,-0.0137424,0.0031166,0.0001258,0.0217854,0.0106062,0.0082352,-0.0076414,0.0049402,-0.0021314
Yemeni_Arab_Ibb_(n=6),0.023523333,0.13641933,-0.058076667,-0.10319867,-0.010412,-0.046435333,-0.0088128333,-0.0059998333,0.052426333,-0.006773,0.0128555,-0.0253025,0.048066833,0.0042206667,0.0046145,0.019601167,-0.012973333,0.0062501667,0.000461,0.016529,0.0081938333,0.011396833,-0.0052791667,0.0037955,-0.005229
Yemeni_Arab_Ma'rib_(n=6),0.040027667,0.1430205,-0.060150667,-0.114989,-0.0092323333,-0.046481833,-0.010105167,-0.0050383333,0.054028333,-0.0078968333,0.014696,-0.025776833,0.050742833,0.0069958333,0.0002715,0.019136833,-0.020079167,0.0041595,0.0012988333,0.0185295,0.0102735,0.011602833,-0.0060595,0.0038558333,-0.0055083333
Yemeni_Arab_Raymah_(Afro-Arab-Mixed)_(n=1),-0.05805,0.127957,-0.055437,-0.097869,-0.006463,-0.032351,-0.016686,-0.010615,0.055017,-0.003098,0.012991,-0.021581,0.046382,0.008395,0.001493,0.021347,-0.013169,0.006968,0.004274,0.017258,0.011355,0.013107,-0.000123,-0.001687,-0.000599
Yemeni_Arab_Shabwah_(n=1),0.030732,0.122879,-0.063733,-0.11079,-0.008309,-0.048527,-0.00987,-0.008769,0.051745,-0.008201,0.019324,-0.038666,0.059762,-0.004954,0.000407,0.027844,-0.009648,0.001267,-0.002137,0.028514,0.010107,0.006925,-0.002835,0.00494,-0.00934
Yemeni_Arab_Taiz_(n=1),0.006106,0.134128,-0.058514,-0.106932,-0.009344,-0.043564,-0.012125,-0.006652,0.053033,-0.013928,0.011416,-0.023875,0.048516,0.005101,0.007163,0.017296,-0.010874,0.004239,0.001574,0.016244,0.007534,0.012813,-0.004979,0.004315,-0.004494
Sudanese_Arab_Ja'alin_(n=13),-0.21950346,0.10522454,-0.032635462,-0.075656538,0.000047384615,-0.031407385,-0.022344077,0.0077924615,0.079874308,-0.049708385,-0.0020361538,-0.0087038462,0.013642538,-0.00027538462,0.010836769,-0.0013565385,0.00337,-0.0073966154,0.0017114615,0.0032323077,0.00029769231,0.0046512308,-0.0011471538,0.0016684615,-0.0010317692
Daju_Sudan_(n=17),-0.50363376,0.065471765,-0.0048138824,-0.023598,-0.0026248824,-0.010909588,-0.027164353,0.023741059,0.081785412,-0.089081353,-0.013974941,0.013576176,-0.025718353,-0.0011576471,0.0092929412,-0.013110706,0.018936353,-0.012803,0.016865882,-0.013793294,-0.00069717647,0.0024221765,-0.0025157059,-0.0020767647,0.0035782941
Baggara_Sudan_(n=17),-0.36590771,0.086200529,-0.017258765,-0.045144,-0.0021724118,-0.019177706,-0.025049235,0.017198471,0.068623765,-0.057061294,-0.0066196471,0.0042227647,-0.0020461765,-0.00056682353,0.010003471,-0.0059821176,0.0060284118,-0.0097402353,0.007601,-0.0032440588,0.0019378824,0.0017748824,-0.0024867647,0.00017729412,-0.00083811765
Bedouin_Sudan_Rashaida_(n=20),0.0459276,0.14095555,-0.06646745,-0.12048,-0.01160205,-0.0535749,-0.01334885,-0.0113073,0.0607845,-0.0034352,0.01867465,-0.0346567,0.07068815,0.00549105,0.00452625,0.02838085,-0.02471425,0.00210945,-0.0015461,0.0332409,0.0150048,0.0191847,-0.0071298,0.00742855,-0.0108911
Zaghawa_Sudan_(n=31),-0.50636606,0.067745581,-0.0020559677,-0.028090581,0.0027994516,-0.013008871,-0.037943032,0.031338581,0.091283581,-0.086709097,-0.016631677,0.015068871,-0.024092645,-0.0030987742,0.014649032,-0.020577097,0.019397806,-0.018255419,0.010319452,-0.01495471,-0.0019643548,-0.0027522258,0.00092225806,-0.0017607419,0.0039401613
Sudanese_Arab_Kababish_(n=17),-0.19463759,0.10824329,-0.035915176,-0.076437,-0.0035117647,-0.032663118,-0.020473647,0.0050632353,0.073387941,-0.043211294,-0.0016811765,-0.0095384706,0.019903059,0.0014329412,0.011169,0.0019264706,-0.0023775294,-0.0054178235,0.0030019412,0.0071872941,0.0026570588,0.0064517647,-0.0015732941,0.0017648235,-0.0014721176
Sudanese_Arab_Shaigia_(n=9),-0.24193744,0.10606644,-0.034150333,-0.072998,-0.0024277778,-0.031111889,-0.021412111,0.0082303333,0.078355333,-0.050702,0.00050533333,-0.0022813333,0.0099602222,-0.0010244444,0.0097265556,-0.0069095556,0.0064034444,-0.0072212222,0.0039665556,-0.0044882222,0.00045755556,0.0020198889,-0.0032042222,-0.00068255556,0.00027933333
Baggara_Messiria_Sudan_(n=3),-0.50423633,0.070071333,-0.001257,-0.026916667,-0.0041033333,-0.005113,-0.024911,0.019768333,0.073697,-0.076843,-0.018404,0.015986,-0.022348333,-0.00055066667,0.0099076667,-0.016618,0.015472333,-0.012838,0.015126,-0.014923667,0.0017466667,0.0039983333,-0.003985,0.000562,0.0012373333
Syrian_Arab_Aleppo_(Syrio-Mesopotamian_Arab_Profile)_(n=57),0.077739118,0.12366296,-0.046537944,-0.055958339,-0.020727047,-0.017663032,-0.00026382982,-0.0043398912,-0.0072624123,-0.00070340175,0.0037634368,-0.0029552421,0.0066375211,0.0010382263,-0.0021857509,0.0042009421,-0.001484514,0.00061793684,0.0017355544,-0.0022817737,-0.00068952281,0.00026245263,0.000017257895,-0.00033398246,0.0000084
Syrian_Arab_Raqqa_(Mesopotamian_Arab_Profile)_(n=3),0.044391,0.123556,-0.054808333,-0.062016,-0.023286333,-0.022776,-0.0026633333,-0.0073843333,0.0040223333,-0.0032196667,0.004168,-0.011339667,0.016055333,0.00064233333,-0.0018093333,0.010739667,-0.0063886667,0.0019003333,0.0028913333,0.0060863333,0.0043673333,0.0023083333,-0.0019306667,0.0057036667,-0.0047103333
Druze_Lebanon_(n=26),0.085542462,0.14088523,-0.050258423,-0.071668731,-0.015849,-0.023995231,-0.0014642308,-0.0051298846,-0.0026116154,0.0064063077,0.0060459231,-0.0037467308,0.0094856538,0.001514,-0.0061648846,0.0058034231,-0.0020961538,0.0010670385,0.0026783077,-0.0014574615,-0.0003935,0.0010272692,-0.00050246154,0.0023218462,0.000078384615
MountLebanon_47Tolkien,0.0804809298,0.13981247200000002,-0.0502263426,-0.0736711752,-0.0146587392,-0.025553254,-0.00253804154,-0.005167166060000001,0.0015909410999999998,0.00743127822,0.00494160866,-0.00466054116,0.00989338132,0.001050507208,-0.00649288222,0.007077154180000001,0.00008577966600000007,0.000908503216,0.00210762746,-0.00175622542,-0.00061079237,0.002152238994,-0.000630042784,0.001966275612,0.0009351803449999999
Syrian_Arab_Damascus_(Levantine_Profile)_(n=13),0.064879154,0.13053446,-0.046240692,-0.067432462,-0.014937462,-0.023148077,-0.0021330769,-0.0029821538,0.0025486923,0.0014579231,0.0055961538,-0.0045881538,0.011069385,0.000127,-0.0041655385,0.0057930769,0.0012837692,-0.00074069231,0.00038684615,0.0013948462,-0.00015353846,0.00019969231,-0.00014223077,0.0012142308,-0.0014461538
Syrian_Arab_Daraa_(Levantine_Profile)_(n=5),0.060269,0.13687,-0.047708,-0.0726568,-0.0144858,-0.0254188,-0.0049828,-0.005556,0.0053858,0.0006442,0.006306,-0.0090374,0.0147094,0.0045782,-0.0008364,-0.000976,-0.0081038,0.0023712,0.000134,0.0016066,0.0005022,0.0001026,0.002051,-0.0023352,0.0024138
Syrian_Arab_Deir_ez-Zor_(Syrio-Mesopotamian_Arab_Profile)_(n=5),0.0594158,0.1198324,-0.0536264,-0.058786,-0.026405,-0.017124,-0.000235,-0.0019846,-0.0032312,-0.0028792,0.0012992,-0.004676,0.0106738,0.0009358,0.0011942,0.0047202,-0.0080316,-0.0015202,0.0023882,0.0003504,0.0015472,0.0026958,-0.0018486,0.0004578,-0.0003594
Syrian_Arab_Hama_(Levantine_Profile)_(n=6),0.071346333,0.130272,-0.045553,-0.071770667,-0.019388,-0.020812833,-0.00058666667,-0.005459,-0.0018836667,0.0018923333,0.0019736667,-0.005291,0.011501,0.001382,-0.0072068333,0.0032883333,0.0017595,0.00033616667,0.0013488333,-0.0029025,-0.00066283333,0.0011411667,-0.0036521667,0.0010741667,0.0041665
Hasaka_47Tolkien,0.08676162485000001,0.11686214850000001,-0.05315512485,-0.047860525,-0.03062877485,-0.010751025015,0.0006697500000000001,-0.0041306,-0.0178088998,-0.007963649849999999,0.0020095750065,-0.0038514249999999995,0.00638492499,-0.002188049995,0.0004818750000000001,0.006387500005000001,-0.0047264749995,0.0017452749935,0.003318550005,-0.00472409999,-0.000365124995,0.0005038749799999998,0.000391274995,-0.002274424995,0.0022332249849999998
Syrian_Arab_Homs_(Levantine_Profile)_(n=7),0.061627143,0.12563571,-0.049241286,-0.064553857,-0.017981429,-0.020598,-0.0048344286,-0.0034615714,0.00090585714,-0.0011977143,0.0045237143,-0.0043674286,0.011871429,-0.0019661429,-0.0052348571,0.011440429,0.0053271429,-0.00037985714,0.00064642857,0.002126,-0.00046357143,0.00024728571,-0.00012328571,0.001136,0.00027385714
Syrian_Arab_Idlib_(Syrio-Mesopotamian_Arab_Profile)_(n=21),0.077724905,0.12471676,-0.047265905,-0.058386095,-0.01888981,-0.017291238,-0.00049238095,-0.0042636667,-0.0054831905,-0.00049461905,0.0045468095,-0.0042390952,0.0078790476,0.0015008095,-0.001557619,0.0036620952,-0.0017322381,0.00081447619,0.002322381,-0.00024414286,0.0020618571,0.00040619048,0.001367381,-0.00045904762,0.000011571429
Alawite_Syria_(n=4),0.083041377,0.13175948,-0.047701214,-0.065343012,-0.018529759,-0.0222065,-0.00037528473,-0.0029566163,-0.006851665,0.003211283,0.0045441233,-0.00085864932,0.0085255766,0.0000910036,-0.0053650243,0.012462932,0.0051608663,0.00035070312,0.00026306425,-0.00093991148,0.0009899375,0.0005432604,-0.0021780799,0.0044073386,-0.0016670989
Syrian_Arab_Golan_(Arabian-Mixed_Profile)_(n=4),0.03471575,0.12795675,-0.05043975,-0.0728365,-0.013618,-0.02628525,-0.0081665,-0.005596,0.025003,-0.0078365,0.00698275,-0.014275,0.02809675,0.0003095,0.002816,0.00931425,-0.007758,0.00266075,0.00066,0.00791,0.0012165,0.00732675,-0.005269,0.0064165,0.0030235
Saudi_Arab_(n=246),0.052090244,0.14014304,-0.060483435,-0.11144892,-0.010306992,-0.045574797,-0.012520541,-0.008697565,0.052667358,-0.0060989837,0.015308715,-0.029382386,0.058034472,0.0057538455,0.0039579228,0.023486163,-0.022397411,0.0051998618,-0.0008564065,0.025372398,0.010450065,0.014694577,-0.0053021504,0.0053513049,-0.0068198333
Saudi_Arab_Hejaz_(n=6),0.037751333,0.135404,-0.059962167,-0.1056215,-0.011284,-0.044018333,-0.011163,-0.0065765,0.053414833,-0.0071983333,0.011448333,-0.0273755,0.053939167,0.0038075,0.0070801667,0.023402167,-0.021122333,0.0027238333,-0.000377,0.021135167,0.0089011667,0.013746167,-0.0046011667,0.0034741667,-0.007025
Saudi_Arab_Najd_(n=16),0.057950625,0.13694631,-0.062342563,-0.10618569,-0.013198,-0.043737625,-0.013241562,-0.0087779375,0.047378562,-0.0065645625,0.013764313,-0.02849125,0.058584875,0.0037919375,0.0043161875,0.023631437,-0.024332375,0.00591,-0.0010865,0.024357313,0.0091581875,0.014434813,-0.005340625,0.0064899375,-0.006394
Saudi_Arab_Qatif_(Afro-Arab-Mixed)_(n=5),-0.033479732,0.10821842,-0.056504856,-0.043704248,-0.032875168,-0.012935912,-0.002620956,-0.001447512,-0.002237628,-0.006203364,0.004742784,-0.011047364,0.016759768,0.000513588,0.000526968,0.012622528,-0.015571056,0.001590656,-0.001960832,0.00016712,0.006291248,0.006340536,-0.001671,0.00028292,0.001891192
Saudi_Arab_Jizan_(n=4),0.0409765,0.1393815,-0.05779375,-0.109336,-0.0113095,-0.04329775,-0.009165,-0.00721125,0.05061975,-0.005786,0.0137625,-0.024578,0.0523285,0.007466,0.00295175,0.02065075,-0.0202095,0.008203,0.00160275,0.01732075,0.0066445,0.009521,-0.0068095,0.0047595,-0.00248475
Jordanian_Arab_Muslim_(n=42),0.044729292,0.13347725,-0.046832067,-0.074523485,-0.012176032,-0.02708619,-0.0068218995,-0.0037649633,0.014278006,0.0014434438,0.0063881952,-0.0077638457,0.017282364,0.00013966381,-0.00092874286,0.0068023443,-0.0029938624,0.0010734381,0.00037209381,0.00423104,0.000073540476,0.0022495629,-0.00080177762,0.00095661143,-0.0004239019
Bedouin_Jordan_(n=4),0.03696175,0.1361285,-0.06300425,-0.1107445,-0.01021025,-0.04661725,-0.0134035,-0.0084095,0.053432,-0.00598025,0.01455975,-0.028454,0.05876025,0.0055725,0.00594975,0.02483925,-0.01801475,0.003228,-0.0022675,0.02358,0.01027975,0.01445975,-0.00497275,0.00562025,-0.00630725
Jordanian_Arab_Christian_(n=18),0.083596778,0.14578483,-0.049863833,-0.085272,-0.0086511111,-0.033528944,-0.0034727778,-0.0056920556,0.010669278,0.008069,0.0057467222,-0.0069689444,0.016707833,0.0027525,-0.0053836111,0.0026149444,-0.0046504444,0.00041527778,0.0021577222,0.0018967778,-0.0005615,0.0036890556,-0.0011981667,0.0018341667,0.00041911111
Berber_Morocco_Central_Atlas_Tamazight_(n=7),-0.049431714,0.13782186,-0.0036635714,-0.073874714,0.030071429,-0.033945,-0.026824571,0.010087286,0.073716429,0.030797857,0.005846,-0.0065728571,0.019474571,-0.018756143,0.022646,-0.020077857,-0.0030918571,-0.024016714,-0.052092857,0.0076642857,-0.018057571,-0.047359,0.030001857,-0.0031501429,0.007544
Berber_Morocco_Shilha_Ouarzazate_(n=6),-0.086315833,0.1337115,-0.0055936667,-0.074882167,0.030518333,-0.035047333,-0.032235333,0.005692,0.075435167,0.0279125,0.0093643333,-0.011040333,0.026535833,-0.0224325,0.018526,-0.013656667,0.002912,-0.023310667,-0.051661833,0.012214167,-0.018737667,-0.047977333,0.030976167,-0.0061453333,0.0062268333
Moroccan_Arab_Fassi_(n=7),0.023902857,0.13840214,-0.015785286,-0.056109714,0.013672571,-0.022032429,-0.0093667143,0.00023085714,0.026997,0.026736714,0.0069597143,-0.0020552857,0.009769,-0.011304714,0.005332,-0.0043751429,-0.0032782857,-0.006443,-0.015802,0.0017862857,-0.0059894286,-0.015085714,0.0082047143,-0.0038901429,0.0037121429
Moroccan_Arab_(n=24),-0.067772292,0.13058021,-0.008390875,-0.071248417,0.021721833,-0.031828417,-0.026644167,0.0059998333,0.057292167,0.026128083,0.007314125,-0.0077619167,0.024299667,-0.013349333,0.01663125,-0.010132083,-0.0032759167,-0.015514,-0.035766417,0.0097024583,-0.011406917,-0.030624708,0.020361542,-0.002063375,0.004660125
Berber_Morocco_Shilha_(n=21),-0.062912157,0.13562144,-0.0042879286,-0.080651005,0.03255641,-0.039096,-0.032575695,0.0071909714,0.081723076,0.03438521,0.0067175857,-0.0096727476,0.027948476,-0.02000169,0.023047419,-0.019962071,-0.0035839286,-0.026156229,-0.058336048,0.010661457,-0.017982776,-0.053258371,0.033250081,-0.0046009905,0.0081324095
Moroccan_Arab_Oujda_(n=4),-0.033578,0.136081,-0.013765,-0.06936425,0.02285025,-0.034164,-0.0243235,0.00311525,0.056295,0.0299325,0.005846,-0.00932925,0.01850825,-0.01338375,0.0104505,-0.0098115,0.004759,-0.01200375,-0.03689225,0.00662825,-0.008017,-0.0351175,0.017532,-0.00114475,0.002844
Moroccan_Arab_Casablanca_(n=9),-0.080182,0.12942344,-0.011565,-0.070916444,0.021371444,-0.03325,-0.027913889,0.0092815556,0.055607778,0.025857222,0.0094004444,-0.0083258889,0.025668889,-0.015383222,0.015291111,-0.0072482222,-0.003187,-0.017215556,-0.038267889,0.0080872222,-0.010121,-0.028577556,0.020363333,-0.0017272222,0.005322
TangerTetouan_47Tolkien,-0.0250028938,0.137251376,0.0009887439600000001,-0.0647214036,0.0311847286,-0.031352576,-0.0256041974,0.00689026292,0.0648473266,0.0340356344,0.0053705698400000005,-0.0057034775999999995,0.019264488,-0.0167018672,0.017350081200000003,-0.012265274,-0.00056282156,-0.020022312,-0.0429490864,0.008639649119999999,-0.0133983,-0.0354162818,0.023355338,-0.00604028448,0.00542110604
Omani_Arab_(n=2),0.020488,0.120848,-0.061848,-0.075582,-0.025543,-0.0204985,-0.00705,-0.006692,0.0202475,-0.007745,0.008444,-0.0203815,0.0390235,0.0016515,0.000136,0.0174355,-0.0188405,0.004054,-0.0013195,0.0108175,0.011792,0.007419,-0.007395,-0.000181,0.0016165
Afro-Omani_(n=1),-0.133173,0.08632,-0.053928,-0.043282,-0.017849,-0.00753,-0.00235,-0.000462,0.00634,0.000547,0.000325,-0.017235,0.015461,0.011973,-0.007193,0.019358,-0.016689,0.010515,0,0.009755,0.000374,0.011871,-0.006409,-0.004338,-0.001437
Lebanese_Arab_Muslim_Sunni_Tripoli_(n=9),0.067958778,0.13266,-0.047605111,-0.068315,-0.017715111,-0.021649111,-0.0015787778,-0.0042347778,0.0024701111,0.0021601111,0.0043657778,-0.0049577778,0.0086521111,0.0012154444,-0.003234,0.0092515556,0.0057167778,0.0025318889,0.00096522222,0.0021903333,0.00048622222,-0.000077222222,-0.0027657778,0.0038003333,-0.00068255556
Lebanese_Arab_Muslim_Shia_Baalbek_(n=1),0.081953,0.138112,-0.041106,-0.063631,-0.015387,-0.026774,-0.000705,-0.008769,0.002659,0.003462,0.006171,-0.001948,0.011447,0.007432,-0.000136,0.008618,0.005998,-0.000127,0.00176,-0.00025,-0.004617,0.0115,0.003451,0.005422,0
Beqaa_47Tolkien,0.0759764528,0.13880257099999999,-0.04918609565,-0.07306252705,-0.014376139700000002,-0.02520335565,-0.002432237985,-0.0051814713000000005,0.0016559744850000002,0.005964389274999999,0.0053032456900000005,-0.004643528235,0.010052063520000001,0.001793330755,-0.005440598875,0.004405396955000001,-0.0020873488645,0.001046755427,0.0021211828599999997,-0.0018816982550000003,-0.000598195511,0.0011176360175,-0.00099450688,0.001606507033,0.00044210015199999995
Lebanese_Arab_Christian_Maronite_(n=11),0.090748,0.14438982,-0.052419727,-0.079164364,-0.014072364,-0.028801909,-0.0030122727,-0.0061886364,0.0034027273,0.011348455,0.0043549091,-0.0052046364,0.0098251818,-0.00022527273,-0.0091303636,0.010763909,0.0040774545,0.0014858182,0.0022053636,-0.0017053636,-0.00094163636,0.0042491818,-0.00038090909,0.0021799091,0.0013824545
Lebanese_Arab_Muslim_Shia_Nabatieh_(n=2),0.072847,0.1396355,-0.0495915,-0.0708985,-0.0126175,-0.021614,-0.0022325,-0.000346,0.0012275,0.0055585,0.0040595,-0.0054705,0.0079535,0.002202,-0.003868,0.0035135,-0.005411,0.00076,0.0017595,0.000563,-0.002558,-0.000062,-0.004745,-0.0035545,0.00012
NorthLebanon_47Tolkien,0.07720704435,0.136466277,-0.04887907525,-0.0713513624,-0.016313109300000003,-0.023633058250000002,-0.0014982516394999998,-0.004553251395,0.0010023900350000004,0.004212996175,0.004957186445,-0.004357434198,0.009383084394999998,0.00154669741,-0.005049779865,0.00843561176,0.003352131495,0.001964773883,0.0014217777585,0.000410717913,0.000365794813,0.0007203299478999999,-0.002338243885,0.003252611975,-0.00030098679299999997
Lebanese_Arab_Muslim_Shia_(n=11),0.075123273,0.1376735,-0.048091432,-0.069467023,-0.013226205,-0.020847068,-0.0011536364,-0.0044159545,-0.00043222727,0.0064942955,0.0021295682,-0.0044789318,0.013366045,0.0023522273,-0.0051944773,0.0058158864,0.0027825227,0.0018169773,0.0052820682,-0.0011825455,0.0040384091,0.0015427727,-0.0017140682,0.0036093636,0.0017582727
Qatari_Arab_(n=3),0.056911667,0.13168033,-0.06619731,-0.091680058,-0.013801623,-0.041303701,-0.0060364161,-0.005923,0.044995333,-0.0075933333,0.012449667,-0.027176,0.060257333,0.0053673333,0.006605,0.033235667,-0.021861333,0.0066303333,-0.0037706667,0.025118792,0.010937211,0.0086288511,-0.0069918767,0.0053811333,-0.0057890089
Greek_Cyprus_(n=41),0.10027541,0.14764802,-0.034805415,-0.069287439,-0.0023943902,-0.023739683,-0.00022926829,-0.0042662927,-0.0012221463,0.017179146,0.0032359512,0.0016595366,0.0006852439,0.0028698537,-0.012410073,-0.00010019512,0.0044966829,0.001103122,0.0035287805,-0.0036145366,-0.0024164634,0.0012576585,-0.0012686098,0.0021894634,-0.00049653659
Turkish_Cyprus_(n=33),0.093672091,0.14233064,-0.034883,-0.067095818,-0.0047125758,-0.022244788,-0.000013393939,-0.0032944242,-0.0018685758,0.013779727,0.0044830909,0.00062730303,0.0018661515,0.0029466061,-0.010166576,-0.00013560606,0.0022999394,0.000093575758,0.0022632121,-0.0022444545,-0.0012513636,0.00077933333,-0.00081948485,-0.0017271818,0.00064218182
Emirati_Arab_(Arabian_Profile)_(n=64),0.053194453,0.13800092,-0.064735078,-0.11343936,-0.012353203,-0.046526766,-0.012595141,-0.0084227188,0.053869672,-0.0045644219,0.016195734,-0.030921734,0.062037984,0.0047630625,0.0043472344,0.029436984,-0.022407766,0.0078170781,-0.00054207813,0.026835172,0.014065047,0.015941531,-0.0061392656,0.005132375,-0.0083318906
Israel_47Tolkien,0.0977774,0.1369093,-0.0110437,-0.0445826,0.0085064,-0.0159944,-0.001921,-0.0009685,0.0077698,0.015806,0.002698,-0.000195,0.0022598,-0.0005537,-0.0046609,0.0009246,-0.0011649,0.0003172,-0.0010716,-0.0033194,-0.0030383,-0.0033478,0.0017022,0.002628,0.0002671
HaZafon_47Tolkien,0.07729841999999999,0.1361301456,-0.029806937,-0.05968255752,-0.00239607568,-0.021302949999999998,-0.003144951844,-0.002241682572,0.008707679024,0.009179978856,0.004734045916000001,-0.0034775461679999995,0.008761149424,-0.00011568746000000001,-0.003602964424,0.0038515681600000003,-0.001502121628,0.0001419301592,-0.000451036484,-0.0011957089360000001,-0.0013643523799999997,-0.00026626404000000027,0.0009545994944000001,0.0023185911884,0.00046694445200000004
Kuwaiti_Arab_(n=2),0.0466675,0.148267,-0.064299,-0.120157,-0.00477,-0.0506185,-0.014336,-0.0122305,0.0618685,-0.0039185,0.0144525,-0.035294,0.06831,0.010184,0.0022395,0.036197,-0.016037,-0.000063,-0.002074,0.0326405,0.0154105,0.017806,-0.013311,0.010664,-0.010897
Kuwaiti_Arab_Al-Awazem_(n=4),0.06288725,0.14522075,-0.06901325,-0.125325,-0.0103095,-0.050828,-0.01562825,-0.009865,0.060999,-0.00528475,0.0225315,-0.03357025,0.07013075,0.010287,0.0051575,0.030098,-0.03073825,0.0053525,0.002577,0.035267,0.01356975,0.02027875,-0.00496075,0.00695875,-0.0111965
Palestinian_Arab_Muslim_Gaza_(n=4),0.039291,0.1343115,-0.0466865,-0.07482275,-0.01181,-0.0269655,-0.00645725,-0.0052975,0.01432625,-0.00156575,0.003413,-0.009078,0.01622475,0.000171,0.0012095,0.012376,0.008191,-0.0023665,-0.0024365,0.00403725,-0.0003485,0.00029525,0.00401375,-0.0001785,-0.00137575
Palestinian_Arab_Muslim_(n=84),0.05032737,0.13410006,-0.046796924,-0.074504631,-0.011999305,-0.026661538,-0.0049461796,-0.0028118493,0.013190459,0.00228534,0.0069458005,-0.007330494,0.016799785,0.00011077135,-0.0018807025,0.0067929004,-0.0018330955,-0.00021493603,-0.00032292836,0.0016514648,0.0006860719,0.0025788642,0.00051731588,0.0024879494,0.00038924114
Maltese_(n=8),0.091912375,0.14649012,-0.0024985,-0.043403125,0.013271375,-0.017814125,-0.004406375,-0.000923125,0.01109525,0.020524375,0.006150375,0.000973875,-0.002898875,-0.000722625,-0.004258125,0.000878375,-0.000407375,-0.00376875,-0.000487125,-0.002360625,-0.006145375,-0.00259675,0.00281925,0.001189875,0.002904
Saharawi_(n=27),-0.083933926,0.13299674,-0.010321926,-0.082747815,0.024528667,-0.036235111,-0.032701185,0.0081962593,0.080264259,0.028907963,0.010813852,-0.0098246296,0.031339852,-0.016423074,0.024299037,-0.013892556,-0.0033802593,-0.025351741,-0.050228,0.013418519,-0.015204741,-0.043164,0.028798926,-0.0033648889,0.0074864444
Mauritania_47Tolkien,-0.22412891999999998,0.11475982,0.0016079700000000002,-0.05349502999999999,0.02036814,-0.02418831,-0.03519522,0.02024276,0.04731929,0.026394710000000002,0.0065949,-0.006843869999999999,0.02266222,-0.01364535,0.01879269,-0.01597465,0.0015505099999999997,-0.020119860000000003,-0.03646281,0.00704277,-0.01331158,-0.031922439999999996,0.020658130000000004,-0.00183116,0.00538309
Berber_Algeria_Gourara_Timimoun_(n=6),-0.094473167,0.1286335,-0.0087993333,-0.070952333,0.019542,-0.026680667,-0.028279833,0.0046536667,0.056414667,0.023326167,0.006333,-0.010515667,0.028617167,-0.011262,0.0074646667,-0.0046183333,-0.0046066667,-0.014759167,-0.0326815,0.0074618333,-0.0071123333,-0.0231025,0.015816833,0.00046166667,0.0038516667
Gilak,0.091627667,0.11103133,-0.0747955,-0.032515333,-0.052112333,-0.0014406667,0.0038775,-0.0050765,-0.0424045,-0.017433833,0.00062266667,0.0034218333,-0.0023785,0.00011466667,0.0045691667,0.0076901667,-0.012994833,0.0043495,0.0054886667,-0.016341,-0.0014558333,-0.0072336667,0.00026683333,-0.005603,0.0078235
Mazandarani,0.089745077,0.10030315,-0.077077538,-0.021665846,-0.057809538,0.0047624615,0.0075201538,-0.0060174615,-0.040826154,-0.021027154,-0.0010991538,-0.0012104615,-0.00044592308,0.00029646154,0.0059091538,0.011198846,-0.0047039231,0.0043073077,0.0043509231,-0.013775769,-0.00062384615,-0.00779,-0.0010903077,-0.0060341538,0.0066045385
Beja_Beni-Amer,-0.17853979,0.10808143,-0.039974643,-0.089424857,-0.001165,-0.041076643,-0.017978429,0.0015824286,0.0970465,-0.053525357,0.0011251429,-0.011315,0.023541357,-0.0019661429,0.016994071,-0.001127,0.0075714286,-0.0024070714,0.0015621429,0.0035105714,0.0079414286,0.0048401429,-0.0043135714,0.0013599286,-0.0024034286
Beja_Hadendowa,-0.20992229,0.11011243,-0.034264143,-0.086194857,-0.0043964286,-0.035419143,-0.024273143,0.0040877143,0.094840571,-0.056389286,0.0017398571,-0.0089278571,0.018922429,-0.00094385714,0.016228143,-0.009395,0.0016017143,-0.0076374286,-0.00089771429,0.0053061429,0.0019252857,0.003727,-0.0010388571,0.000017142857,-0.001129
Lur_(n=17),0.088781941,0.10896041,-0.067615471,-0.036404,-0.045963176,-0.0063981176,0.0038152941,-0.0045474706,-0.028657294,-0.013464059,0.0027032353,-0.0017454706,0.0034803529,-0.0010443529,0.0051732941,0.0095386471,-0.0062814118,0.0031298235,0.0069134706,-0.011196529,-0.00047711765,-0.0043206471,-0.0013267059,-0.0047064706,0.0053605294
