Afro-Haitian_(n=31),-0.5333725,0.0839566,0.0235582,0.0151487,0.0085942,0.011265,-0.0099638,0.0229295,-0.029058,0.0253618,0.0038825,0.0023657,0.0082245,-0.0007583,0.005679,-0.0015937,0.0008795,0.0018064,-0.0018189,0.0004465,0.0016548,-0.0016401,0.0008241,0.0013737,0.0003223
Afro-Jamaican_(n=46),-0.4863363,0.0857599,0.0277025,0.0205313,0.0104243,0.013141,-0.0175477,0.030126,-0.0299447,0.0237958,0.0032028,-0.0002477,0.0074469,-0.0001593,0.0070243,-0.0012988,0.0003109,0.0023505,-0.0015036,0.0011595,0.0019086,-0.0015385,0.0010453,0.002806,0.0003106
Trinidad_Indo_dominant,-0.0262635,-0.0581864,-0.1248425,0.0940184,-0.0590218,0.0573256,-0.0046456,0.0136018,0.0372993,0.0257598,-0.0017805,0.0025944,-0.003073,0.0007932,-0.0031763,-0.0011294,0.0093334,-0.0024621,-0.0037783,0.0042362,0.0028106,-0.0002105,0.0005178,0.0050768,-0.0018845
Trinidad_Indo_majority,-0.1199638,-0.0269935,-0.0891622,0.0769679,-0.0422468,0.0471175,-0.0089597,0.0173793,0.0223109,0.0247928,-0.0010515,0.0022571,-0.0016205,0.0007499,-0.001379,-0.0006316,0.0068272,-0.0015217,-0.0031174,0.0038258,0.002787,-0.0004361,0.0005504,0.0045627,-0.0010976
Trinidad_Indo_plurality,-0.1668139,-0.0113971,-0.0713221,0.0684426,-0.0338593,0.0420134,-0.0111168,0.019268,0.0148166,0.0243093,-0.000687,0.0020884,-0.0008943,0.0007282,-0.0004804,-0.0003828,0.0055741,-0.0010516,-0.0027869,0.0036206,0.0027752,-0.0005489,0.0005667,0.0043056,-0.0007041
Trinidad_mixed,-0.2136641,0.0041993,-0.053482,0.0599174,-0.0254719,0.0369094,-0.0132739,0.0211568,0.0073224,0.0238258,-0.0003225,0.0019198,-0.000168,0.0007066,0.0004183,-0.0001339,0.0043211,-0.0005814,-0.0024565,0.0034155,0.0027634,-0.0006617,0.000583,0.0040486,-0.0003107
Trinidad_Afro_plurality,-0.2839393,0.027594,-0.0267218,0.0471295,-0.0128907,0.0292533,-0.0165095,0.0239899,-0.003919,0.0231006,0.0002243,0.0016668,0.0009213,0.0006741,0.0017663,0.0002394,0.0024415,0.0001238,-0.0019608,0.0031077,0.0027457,-0.0008309,0.0006074,0.003663,0.0002795
Trinidad_Afro_majority,-0.3542145,0.0509886,0.0000384,0.0343416,-0.0003094,0.0215972,-0.0197451,0.026823,-0.0151603,0.0223753,0.0007711,0.0014139,0.0020107,0.0006416,0.0031142,0.0006127,0.0005618,0.0008291,-0.0014651,0.0027999,0.002728,-0.0010001,0.0006319,0.0032775,0.0008697
Afro-Trinidadian_(n=9),-0.4244897,0.0743832,0.0267986,0.0215537,0.0122718,0.0139411,-0.0229807,0.0296561,-0.0264017,0.0216501,0.0013179,0.0011609,0.0031,0.0006091,0.0044622,0.000986,-0.0013178,0.0015343,-0.0009694,0.0024921,0.0027103,-0.0011693,0.0006563,0.0028919,0.0014599
Anglo-Bahamian_(n=4),0.1302058,0.1437515,0.0608445,0.038708,0.0417563,0.0166785,0.0038215,0.004502,0.0045477,0.0067328,-0.0061642,0.0048312,-0.0130887,-0.0070583,0.0175525,0.0041732,-0.0055518,0.0026117,0.0024257,0.0027368,0.004927,0.0019125,-0.001469,0.0085223,-0.0003323
Saint-Barth_French_settler,0.1280701,0.1390599,0.0554745,0.0356444,0.040792,0.0109185,0.0010037,0.0038738,0.006382,0.0094975,-0.003001,0.004933,-0.0133437,-0.0122686,0.0184625,0.0046218,-0.0067239,0.0008386,-0.0007122,0.0035704,0.0039582,0.0012772,-0.0023754,0.0121713,-0.0000618
Puerto_Rican_(n=1069),0.0088446,0.0784031,0.0444879,0.00927,0.0165745,-0.003893,-0.042546,-0.0449848,0.0130338,0.0227146,-0.0000453,0.0039802,-0.0064085,-0.0049998,0.0054533,-0.0006641,-0.0009996,-0.0008035,-0.0026358,-0.0002276,0.0015358,-0.0018745,-0.0001539,-0.0008921,0.000744
US_Virgin_Islands_47Tolkien,-0.3246491,0.0725765,0.0322675,0.0214036,0.0100658,0.0108536,-0.0334344,0.0203693,-0.0248156,0.0216273,0.0012638,0.0012941,0.0131606,0.0005941,0.009276,-0.0060455,0.0038252,0.0000085,0.0033176,-0.0014955,0.0006833,0.0010417,0.0001351,0.0010017,0.0002569
Espaillat_DO,-0.1220072,0.0933524,0.0358277,0.0067891,0.0186516,-0.0000855,-0.02069,-0.0236775,0.0068397,0.0235614,0.0008125,0.0029963,-0.0035668,-0.0045466,0.0051309,-0.0009171,-0.0009796,-0.000873,-0.0037956,-0.000169,0.0012302,-0.0026847,0.000392,-0.0007995,0.0008396
Hermanas_DO,-0.1220072,0.0933524,0.0358277,0.0067891,0.0186516,-0.0000855,-0.02069,-0.0236775,0.0068397,0.0235614,0.0008125,0.0029963,-0.0035668,-0.0045466,0.0051309,-0.0009171,-0.0009796,-0.000873,-0.0037956,-0.000169,0.0012302,-0.0026847,0.000392,-0.0007995,0.0008396
María_Trinidad_Sánchez_DO,-0.1220072,0.0933524,0.0358277,0.0067891,0.0186516,-0.0000855,-0.02069,-0.0236775,0.0068397,0.0235614,0.0008125,0.0029963,-0.0035668,-0.0045466,0.0051309,-0.0009171,-0.0009796,-0.000873,-0.0037956,-0.000169,0.0012302,-0.0026847,0.000392,-0.0007995,0.0008396
Monseñor_Nouel_DO,-0.1220072,0.0933524,0.0358277,0.0067891,0.0186516,-0.0000855,-0.02069,-0.0236775,0.0068397,0.0235614,0.0008125,0.0029963,-0.0035668,-0.0045466,0.0051309,-0.0009171,-0.0009796,-0.000873,-0.0037956,-0.000169,0.0012302,-0.0026847,0.000392,-0.0007995,0.0008396
Sánchez_Ramírez_DO,-0.1220072,0.0933524,0.0358277,0.0067891,0.0186516,-0.0000855,-0.02069,-0.0236775,0.0068397,0.0235614,0.0008125,0.0029963,-0.0035668,-0.0045466,0.0051309,-0.0009171,-0.0009796,-0.000873,-0.0037956,-0.000169,0.0012302,-0.0026847,0.000392,-0.0007995,0.0008396
Santiago_Rodríguez_DO,-0.1220072,0.0933524,0.0358277,0.0067891,0.0186516,-0.0000855,-0.02069,-0.0236775,0.0068397,0.0235614,0.0008125,0.0029963,-0.0035668,-0.0045466,0.0051309,-0.0009171,-0.0009796,-0.000873,-0.0037956,-0.000169,0.0012302,-0.0026847,0.000392,-0.0007995,0.0008396
Valverde_DO,-0.1220072,0.0933524,0.0358277,0.0067891,0.0186516,-0.0000855,-0.02069,-0.0236775,0.0068397,0.0235614,0.0008125,0.0029963,-0.0035668,-0.0045466,0.0051309,-0.0009171,-0.0009796,-0.000873,-0.0037956,-0.000169,0.0012302,-0.0026847,0.000392,-0.0007995,0.0008396
Dajabón_DO,-0.1220072,0.0933524,0.0358277,0.0067891,0.0186516,-0.0000855,-0.02069,-0.0236775,0.0068397,0.0235614,0.0008125,0.0029963,-0.0035668,-0.0045466,0.0051309,-0.0009171,-0.0009796,-0.000873,-0.0037956,-0.000169,0.0012302,-0.0026847,0.000392,-0.0007995,0.0008396
Bahoruco_DO,-0.1831845,0.0863081,0.0350886,0.0093111,0.0154373,0.0015814,-0.0239786,-0.0196541,-0.0000756,0.0239409,0.0013123,0.002703,-0.0008476,-0.0032593,0.0052885,-0.0016312,-0.0001224,-0.0005241,-0.0023397,-0.0005203,0.0012712,-0.0019277,0.0001379,-0.0005658,0.0006997
Independencia_DO,-0.1831845,0.0863081,0.0350886,0.0093111,0.0154373,0.0015814,-0.0239786,-0.0196541,-0.0000756,0.0239409,0.0013123,0.002703,-0.0008476,-0.0032593,0.0052885,-0.0016312,-0.0001224,-0.0005241,-0.0023397,-0.0005203,0.0012712,-0.0019277,0.0001379,-0.0005658,0.0006997
Pedernales_DO,-0.1831845,0.0863081,0.0350886,0.0093111,0.0154373,0.0015814,-0.0239786,-0.0196541,-0.0000756,0.0239409,0.0013123,0.002703,-0.0008476,-0.0032593,0.0052885,-0.0016312,-0.0001224,-0.0005241,-0.0023397,-0.0005203,0.0012712,-0.0019277,0.0001379,-0.0005658,0.0006997
La_Estrelleta_DO,-0.1831845,0.0863081,0.0350886,0.0093111,0.0154373,0.0015814,-0.0239786,-0.0196541,-0.0000756,0.0239409,0.0013123,0.002703,-0.0008476,-0.0032593,0.0052885,-0.0016312,-0.0001224,-0.0005241,-0.0023397,-0.0005203,0.0012712,-0.0019277,0.0001379,-0.0005658,0.0006997
San_José_de_Ocoa_DO,-0.1831845,0.0863081,0.0350886,0.0093111,0.0154373,0.0015814,-0.0239786,-0.0196541,-0.0000756,0.0239409,0.0013123,0.002703,-0.0008476,-0.0032593,0.0052885,-0.0016312,-0.0001224,-0.0005241,-0.0023397,-0.0005203,0.0012712,-0.0019277,0.0001379,-0.0005658,0.0006997
El_Seybo_DO,-0.2351141,0.0803286,0.0344612,0.0114518,0.0127089,0.0029964,-0.02677,-0.0162389,-0.0059456,0.0242629,0.0017366,0.0024539,0.0014605,-0.0021666,0.0054222,-0.0022375,0.0006052,-0.0002279,-0.0011038,-0.0008184,0.001306,-0.0012852,-0.0000778,-0.0003674,0.000581
Hato_Mayor_DO,-0.2351141,0.0803286,0.0344612,0.0114518,0.0127089,0.0029964,-0.02677,-0.0162389,-0.0059456,0.0242629,0.0017366,0.0024539,0.0014605,-0.0021666,0.0054222,-0.0022375,0.0006052,-0.0002279,-0.0011038,-0.0008184,0.001306,-0.0012852,-0.0000778,-0.0003674,0.000581
La_Altagracia_DO,-0.2351141,0.0803286,0.0344612,0.0114518,0.0127089,0.0029964,-0.02677,-0.0162389,-0.0059456,0.0242629,0.0017366,0.0024539,0.0014605,-0.0021666,0.0054222,-0.0022375,0.0006052,-0.0002279,-0.0011038,-0.0008184,0.001306,-0.0012852,-0.0000778,-0.0003674,0.000581
Santiago_DO,-0.1077799,0.0949906,0.0359996,0.0062026,0.0193991,-0.0004732,-0.0199253,-0.0246131,0.0084479,0.0234732,0.0006962,0.0030646,-0.0041991,-0.0048459,0.0050943,-0.000751,-0.001179,-0.0009542,-0.0041342,-0.0000874,0.0012207,-0.0028608,0.0004511,-0.0008539,0.0008721
Duarte_DO,-0.1148935,0.0941715,0.0359137,0.0064959,0.0190253,-0.0002793,-0.0203077,-0.0241453,0.0076438,0.0235173,0.0007544,0.0030304,-0.0038829,-0.0046963,0.0051126,-0.000834,-0.0010793,-0.0009136,-0.0039649,-0.0001282,0.0012255,-0.0027727,0.0004215,-0.0008267,0.0008559
Santo_Domingo_DO,-0.2500528,0.0786085,0.0342807,0.0120676,0.011924,0.0034034,-0.027573,-0.0152564,-0.0076342,0.0243556,0.0018586,0.0023823,0.0021244,-0.0018523,0.0054607,-0.0024118,0.0008145,-0.0001427,-0.0007483,-0.0009042,0.001316,-0.0011003,-0.0001399,-0.0003104,0.0005469
Distrito_Nacional_DO,-0.2358255,0.0802467,0.0344526,0.0114811,0.0126715,0.0030158,-0.0268083,-0.0161921,-0.006026,0.0242673,0.0017424,0.0024505,0.0014921,-0.0021516,0.005424,-0.0022458,0.0006152,-0.0002238,-0.0010869,-0.0008225,0.0013065,-0.0012764,-0.0000808,-0.0003647,0.0005794
Samaná_DO,-0.1789163,0.0867996,0.0351402,0.0091351,0.0156616,0.0014651,-0.0237491,-0.0199348,0.0004068,0.0239144,0.0012774,0.0027234,-0.0010373,-0.0033491,0.0052775,-0.0015814,-0.0001822,-0.0005484,-0.0024412,-0.0004958,0.0012683,-0.0019806,0.0001556,-0.0005821,0.0007095
Azua_DO,-0.1810504,0.0865538,0.0351144,0.0092231,0.0155494,0.0015233,-0.0238639,-0.0197944,0.0001656,0.0239276,0.0012949,0.0027132,-0.0009425,-0.0033042,0.005283,-0.0016063,-0.0001523,-0.0005363,-0.0023905,-0.000508,0.0012698,-0.0019541,0.0001467,-0.000574,0.0007046
Peravia_DO,-0.1469049,0.0904855,0.0355269,0.0078155,0.0173435,0.0005929,-0.0220284,-0.02204,0.0040253,0.0237158,0.0010159,0.0028769,-0.0024601,-0.0040227,0.005195,-0.0012077,-0.0006308,-0.000731,-0.0032031,-0.000312,0.0012469,-0.0023766,0.0002886,-0.0007044,0.0007827
Barahona_DO,-0.1710913,0.0877006,0.0352347,0.0088125,0.0160727,0.0012519,-0.0233285,-0.0204494,0.0012914,0.0238658,0.0012135,0.0027609,-0.0013851,-0.0035138,0.0052573,-0.0014901,-0.0002919,-0.0005931,-0.0026275,-0.0004509,0.0012631,-0.0020774,0.0001881,-0.000612,0.0007274
La_Vega_DO,-0.1063572,0.0951544,0.0360168,0.006144,0.0194739,-0.0005119,-0.0198488,-0.0247067,0.0086087,0.0234644,0.0006846,0.0030714,-0.0042624,-0.0048759,0.0050906,-0.0007344,-0.0011989,-0.0009623,-0.0041681,-0.0000792,0.0012198,-0.0028784,0.000457,-0.0008593,0.0008754
San_Juan_DO,-0.155797,0.0894617,0.0354195,0.008182,0.0168763,0.0008352,-0.0225064,-0.0214552,0.0030202,0.023771,0.0010885,0.0028343,-0.0020649,-0.0038356,0.0052179,-0.0013115,-0.0005062,-0.0006803,-0.0029915,-0.000363,0.0012529,-0.0022666,0.0002516,-0.0006704,0.0007624
La_Romana_DO,-0.2593005,0.0775437,0.034169,0.0124488,0.0114382,0.0036554,-0.0280701,-0.0146482,-0.0086795,0.0244129,0.0019342,0.0023379,0.0025355,-0.0016577,0.0054845,-0.0025198,0.0009441,-0.0000899,-0.0005282,-0.0009573,0.0013222,-0.0009859,-0.0001783,-0.000275,0.0005258
Puerto_Plata_DO,-0.1639777,0.0885197,0.0353206,0.0085193,0.0164465,0.0010581,-0.0229461,-0.0209172,0.0020955,0.0238217,0.0011554,0.0027951,-0.0017013,-0.0036634,0.005239,-0.001407,-0.0003916,-0.0006336,-0.0027968,-0.00041,0.0012583,-0.0021654,0.0002177,-0.0006392,0.0007437
San_Pedro_de_Macorís_DO,-0.20168,0.0841784,0.0348651,0.0100735,0.0144656,0.0020854,-0.0249728,-0.0184377,-0.0021663,0.0240556,0.0014634,0.0026143,-0.0000256,-0.0028701,0.0053361,-0.0018471,0.0001367,-0.0004186,-0.0018995,-0.0006265,0.0012836,-0.0016989,0.000061,-0.0004951,0.0006575
San_Cristóbal_DO,-0.2600119,0.0774618,0.0341604,0.0124782,0.0114008,0.0036748,-0.0281084,-0.0146014,-0.0087599,0.0244174,0.00194,0.0023345,0.0025671,-0.0016427,0.0054863,-0.0025281,0.0009541,-0.0000859,-0.0005113,-0.0009614,0.0013226,-0.0009771,-0.0001812,-0.0002723,0.0005241
Monte_Plata_DO,-0.2443618,0.0792638,0.0343495,0.011833,0.012223,0.0032484,-0.0272671,-0.0156307,-0.0069909,0.0243203,0.0018121,0.0024096,0.0018715,-0.001972,0.005446,-0.0023454,0.0007348,-0.0001752,-0.0008837,-0.0008715,0.0013122,-0.0011708,-0.0001162,-0.0003321,0.0005599
Monte_Cristi_DO,-0.0963981,0.0963012,0.0361371,0.0057334,0.0199971,-0.0007833,-0.0193134,-0.0253617,0.0097344,0.0234026,0.0006033,0.0031191,-0.004705,-0.0050854,0.0050649,-0.0006181,-0.0013385,-0.0010191,-0.0044051,-0.000022,0.0012131,-0.0030016,0.0004984,-0.0008973,0.0008981
Santiago_de_Cuba_CU,-0.041682,0.0909622,0.0406233,0.0064944,0.0220078,-0.0008953,-0.0292062,-0.0261573,0.010893,0.02433,-0.0001316,0.0036197,-0.0051822,-0.005438,0.0059801,-0.0008648,-0.0014177,-0.0005153,-0.002745,-0.0002206,0.0017236,-0.001646,-0.0000581,-0.0005516,0.0008081
Guantánamo_CU,-0.0387157,0.0905633,0.0408214,0.0065555,0.0219409,-0.0009564,-0.0295247,-0.0268672,0.0110942,0.0242356,-0.000129,0.0036408,-0.0052584,-0.0054588,0.0059882,-0.0008512,-0.0014434,-0.0005254,-0.0027267,-0.0002336,0.0017226,-0.0016361,-0.0000714,-0.000554,0.0008124
Granma_CU,0.0052653,0.0969304,0.0416016,0.0049425,0.024371,-0.0020159,-0.0281352,-0.0273768,0.0147171,0.02425,-0.0004453,0.0039828,-0.0063931,-0.0061309,0.0062234,-0.0006508,-0.0016874,-0.0006743,-0.0026632,-0.0002386,0.0017412,-0.0015661,-0.000237,-0.0005709,0.0008045
Holguín_CU,0.040701,0.1135863,0.0402046,0.0012788,0.0295397,-0.0030133,-0.0212803,-0.0183877,0.018237,0.0255884,-0.0010331,0.0042862,-0.0073119,-0.0070139,0.0065204,-0.0004907,-0.001756,-0.0007928,-0.0028082,-0.0000664,0.0017868,-0.0015819,-0.0003397,-0.0005671,0.0007312
Las_Tunas_CU,0.038624,0.111295,0.0405175,0.0017632,0.0288704,-0.0029384,-0.0223365,-0.019987,0.0179621,0.0253586,-0.0009607,0.0042653,-0.0072575,-0.0069232,0.0064908,-0.0004999,-0.0017666,-0.000786,-0.0027774,-0.0000966,0.0017806,-0.0015728,-0.0003372,-0.0005693,0.0007431
Camagüey_CU,0.0267146,0.1117541,0.0399226,0.0017522,0.0288205,-0.0026788,-0.0216264,-0.0180686,0.0170949,0.025606,-0.0009381,0.0041779,-0.0069511,-0.0068059,0.0064474,-0.0005545,-0.0016762,-0.0007454,-0.0028317,-0.0000619,0.0017814,-0.0016054,-0.0002865,-0.0005614,0.0007326
Ciego_de_Ávila_CU,0.0347463,0.1138158,0.0399071,0.0012733,0.0295147,-0.0028835,-0.0209253,-0.0174285,0.0178034,0.0257121,-0.0010219,0.0042425,-0.0071587,-0.0069552,0.0064988,-0.000518,-0.0017108,-0.0007725,-0.0028354,-0.0000491,0.0017872,-0.0015983,-0.0003144,-0.0005632,0.0007259
Sancti_Spíritus_CU,0.0377236,0.1137011,0.0400558,0.001276,0.0295272,-0.0029484,-0.0211028,-0.0179081,0.0180202,0.0256503,-0.0010275,0.0042644,-0.0072353,-0.0069846,0.0065096,-0.0005043,-0.0017334,-0.0007826,-0.0028218,-0.0000577,0.001787,-0.0015901,-0.000327,-0.0005651,0.0007286
Villa_Clara_CU,0.0087952,0.1110221,0.0392775,0.0020275,0.0283492,-0.0022703,-0.0212659,-0.0163423,0.0157159,0.0258146,-0.0008631,0.004043,-0.0064896,-0.0065872,0.006369,-0.0006364,-0.0015561,-0.0006845,-0.0028892,-0.0000314,0.0017787,-0.0016456,-0.0002141,-0.0005517,0.000725
Cienfuegos_CU,0.0147499,0.1107926,0.039575,0.002033,0.0283741,-0.0024001,-0.0216209,-0.0173015,0.0161495,0.0256908,-0.0008743,0.0040867,-0.0066427,-0.0066459,0.0063907,-0.0006091,-0.0016013,-0.0007048,-0.002862,-0.0000487,0.0017784,-0.0016293,-0.0002394,-0.0005557,0.0007302
Matanzas_CU,0.0008187,0.110381,0.0390458,0.0022146,0.0280515,-0.0020845,-0.0212623,-0.015831,0.0150857,0.0258711,-0.0008205,0.0039822,-0.006284,-0.0064805,0.0063311,-0.0006728,-0.0015061,-0.0006574,-0.0029094,-0.0000226,0.0017767,-0.0016615,-0.0001827,-0.0005479,0.0007234
Mayabeque_CU,0.009806,0.1114574,0.0392447,0.0019311,0.0284855,-0.0022982,-0.0210902,-0.0161184,0.0158143,0.0258481,-0.0008787,0.0040516,-0.0065157,-0.0066112,0.0063771,-0.0006318,-0.0015585,-0.0006879,-0.0028927,-0.0000271,0.0017799,-0.0016458,-0.0002171,-0.0005517,0.0007231
Ciudad_de_la_Habana_CU,-0.0023797,0.1048132,0.0398861,0.003379,0.0264528,-0.0019438,-0.0239035,-0.019957,0.0145561,0.0252824,-0.00065,0.0039451,-0.0061994,-0.0062804,0.0062664,-0.0006867,-0.0015451,-0.0006473,-0.0028272,-0.0001003,0.0017618,-0.0016346,-0.0001843,-0.0005544,0.0007536
Artemisa_CU,0.0227816,0.1128542,0.0395595,0.001554,0.0290683,-0.0026048,-0.0209199,-0.0166615,0.016858,0.0257969,-0.0009581,0.0041514,-0.0068503,-0.0067952,0.006442,-0.0005726,-0.0016358,-0.0007319,-0.0028657,-0.0000359,0.0017841,-0.0016221,-0.0002673,-0.0005574,0.0007236
Pinar_del_Río_CU,0.0168269,0.1130838,0.039262,0.0015485,0.0290434,-0.002475,-0.0205648,-0.0157023,0.0164244,0.0259207,-0.0009468,0.0041077,-0.0066971,-0.0067366,0.0064203,-0.0005999,-0.0015907,-0.0007116,-0.0028929,-0.0000186,0.0017845,-0.0016384,-0.0002419,-0.0005535,0.0007183
Isla_de_la_Juventud_CU,-0.0063679,0.1044927,0.0397703,0.0034726,0.026304,-0.001851,-0.0239017,-0.0197013,0.0142409,0.0253106,-0.0006288,0.0039147,-0.0060966,-0.0062271,0.0062475,-0.0007049,-0.0015201,-0.0006337,-0.0028373,-0.0000959,0.0017608,-0.0016425,-0.0001686,-0.0005525,0.0007529
Barbados_BB,-0.510395,0.0707934,0.0239233,0.0205313,0.0053238,0.0135082,-0.0288367,0.0324687,-0.036085,0.0272016,0.0036248,0.0004055,0.014251,-0.0012719,0.0113304,-0.0059264,0.0046494,0.0022509,0.0030111,-0.0009126,0.0017031,0.0020087,-0.0011741,0.0015834,-0.0003594
St_Lucia_LC,-0.4167218,0.0815181,0.0276204,0.0255976,0.0100037,0.0141166,-0.0221264,0.0265949,-0.0233826,0.0206371,0.0014465,0.0015504,0.005241,0.0004664,0.0069453,0.0000437,-0.0009817,0.0016111,-0.0004517,0.0015908,0.0034143,-0.0013979,0.0008626,0.0035829,0.0007397
Dominica_DM,-0.4215733,0.0731969,0.0343346,0.0255757,0.0080792,0.0119878,-0.0312464,0.0158683,-0.0251552,0.0195938,0.0014544,0.0014426,0.0055969,0.0013151,0.0067016,0.0000985,-0.0009563,0.001597,-0.0003993,0.001389,0.0032489,-0.0012573,0.0007742,0.00325,0.0006673
Grenada_GD,-0.4603706,0.0814401,0.0233,0.0232115,0.009049,0.0136255,-0.0240761,0.0346906,-0.0297326,0.0264847,0.0024832,-0.0002658,0.006713,-0.0004811,0.0082247,-0.0010637,0.0000186,0.0032659,-0.0005799,0.0022886,0.003134,-0.0005081,0.0003825,0.0034094,0.00115
Carriacou_and_Petite_Martinique_GD,-0.4648679,0.0811334,0.0231382,0.0230255,0.008874,0.0135775,-0.024289,0.0349049,-0.0300255,0.0266357,0.0025461,-0.0003077,0.0068623,-0.0004091,0.0081496,-0.0011215,0.0000527,0.0032756,-0.0006024,0.0022775,0.0031157,-0.0005303,0.0003984,0.0033434,0.0011584
Saint_Vincent_and_the_Grenadines_VC,-0.3445859,0.0710525,0.0248026,0.0318417,0.0065402,0.015765,-0.0250779,0.0162588,-0.0179058,0.0188717,0.0005718,0.0018898,0.0032894,0.000099,0.0072437,0.000619,-0.0006672,0.0013934,-0.0003421,0.0018046,0.0034681,-0.0008663,0.0005364,0.0042495,0.0004576
Antigua_and_Barbuda_AG,-0.4973812,0.0719256,0.0247178,0.0201978,0.0059635,0.0130952,-0.0285067,0.0308173,-0.0348625,0.0269732,0.0035044,0.0005005,0.0136532,-0.0014011,0.0112305,-0.0057245,0.0044333,0.0021771,0.002854,-0.0008781,0.0017131,0.0018954,-0.0011408,0.0015805,-0.0003211
Anguilla_AI,-0.5054256,0.0740366,0.0268855,0.0198313,0.0069811,0.0128924,-0.0285697,0.0322579,-0.0364012,0.026795,0.00352,0.0004681,0.0139659,-0.0014779,0.0116968,-0.0057369,0.0043687,0.0023243,0.0031031,-0.0008965,0.0017648,0.0020459,-0.0012088,0.0017403,-0.0003203
St_Kitts_and_Nevis_KN,-0.5202966,0.070409,0.0240019,0.0199833,0.0051163,0.0133147,-0.0293408,0.0328672,-0.0368721,0.027484,0.0037659,0.0003344,0.0146608,-0.0011579,0.011271,-0.0061064,0.004761,0.0022654,0.0030352,-0.0009879,0.0016482,0.0020078,-0.0011705,0.0014318,-0.0003608
Montseratt_MS,-0.5016337,0.0744144,0.0270822,0.0199675,0.0071779,0.0129127,-0.0283756,0.0321045,-0.0361535,0.0266669,0.0034634,0.0004974,0.013803,-0.0015328,0.011745,-0.0056605,0.004309,0.0023248,0.0031017,-0.0008693,0.0017884,0.002049,-0.0012127,0.0018045,-0.0003169
Guadeloupe_GP,-0.2175185,0.0948355,0.0197979,0.0264449,0.0164138,0.014606,-0.0087438,0.0180664,-0.0042667,0.0243998,-0.0005857,0.0054271,-0.0027516,-0.005586,0.0099958,0.0005825,-0.0015056,0.0014116,-0.0003343,0.0011847,0.0032959,0.0000081,-0.0002568,0.0045608,-0.0004318
Martinique_MQ,-0.2525897,0.1010651,0.0262452,0.0216271,0.019361,0.01227,-0.0097098,0.0195212,-0.007576,0.0251841,-0.0003463,0.0056087,-0.001769,-0.0054453,0.0099966,0.0004356,-0.0015846,0.0017272,-0.0000358,0.0007665,0.0032316,-0.0000217,-0.000095,0.0040313,-0.0004538
Cayman_Islands_KY,-0.1766435,0.1123869,0.0434613,0.0276956,0.025221,0.0136467,-0.0083176,0.0138292,-0.0113377,0.0160414,-0.0012422,0.0023382,-0.0027254,-0.0036168,0.0116472,0.0011803,-0.0024198,0.0021971,0.0001615,0.0017346,0.0032214,-0.0000286,-0.0001722,0.0050906,0.0000581
Bahamian_national,-0.3875096,0.0913635,0.0306037,0.0261048,0.0141876,0.0148919,-0.0026345,0.0131814,-0.0203709,0.0210381,0.0010419,0.0023783,0.0029315,-0.0016291,0.0076086,-0.0005803,-0.0005372,0.0009417,-0.0013546,0.0007909,0.0023243,-0.0011256,0.0003805,0.0030596,0.0004703
Turks_and_Caicos_national,-0.4099602,0.0902968,0.0300188,0.0255985,0.0134988,0.0149281,-0.0025461,0.0139565,-0.0217881,0.0215184,0.0012894,0.0022677,0.0035828,-0.0012932,0.0072625,-0.0008274,-0.0003959,0.0009275,-0.0014679,0.0007011,0.0022234,-0.0012381,0.0004593,0.0027884,0.0004812
