Portuguese_Madeira_(n=1),0.103579,0.14319,0.031678,-0.004199,0.041238,0.000558,0.00047,0.002077,0.020861,0.032256,-0.000162,0.010641,-0.009812,-0.016102,0.006515,-0.007823,0.007171,-0.004054,-0.013827,-0.001,-0.001373,0.001607,0.00493,-0.007591,0.001796
Cape_Verdean_(n=14),-0.2607705,0.111911,0.026840571,0.0046151429,0.020991429,0.0041039286,0.0009335,0.0061472857,-0.001868,0.027214357,0.00087807143,0.0021271429,0.0011125714,-0.0043095714,0.0064884286,-0.0014160714,-0.00098564286,-0.00065242857,-0.0032452143,0.000335,0.0014857857,-0.0020999286,0.00018985714,0.000036285714,0.00049457143
Spanish_Canarias_El_Hierro_(Canarian)_(n=34),0.073817618,0.14235332,0.028705529,-0.0195795,0.040106971,-0.0079319412,-0.0082044412,0.0050563235,0.033096765,0.029527647,0.00099338235,0.0041565,-0.0062263235,-0.013074059,0.014566029,-0.0048551176,-0.0036507059,-0.0069157059,-0.014847147,0.00099308824,-0.001846,-0.0097685882,0.0029869706,-0.0012581176,0.00076779412
Spanish_Canarias_Fuerteventura_(Canarian)_(n=32),0.069040844,0.14182506,0.029497875,-0.01615,0.041026844,-0.010345063,-0.0075129062,0.0031801563,0.034832969,0.029687438,0.00182175,0.0027584375,-0.0061740937,-0.013224656,0.012083312,-0.0013714062,-0.0015687187,-0.0032502812,-0.012833,0.0036384375,-0.001883375,-0.010421531,0.0061971562,-0.0048386563,0.00284775
Spanish_Canarias_Gran_Canaria_(Canarian)_(n=117),0.075434573,0.14201791,0.031955316,-0.01178812,0.040286205,-0.0046433675,-0.0062186838,0.004761188,0.026804821,0.029924128,0.0013130427,0.003640359,-0.0079590171,-0.013294103,0.01195041,0.000015871795,-0.0015668632,-0.0023215385,-0.0074827521,0.0012217692,0.00067294872,-0.0060293846,0.001462094,-0.0021154274,-0.000050179487
Spanish_Canarias_La_Gomera_(Canarian)_(n=76),0.059547434,0.14126555,0.029564355,-0.017068,0.039242,-0.0071960789,-0.010689882,0.0034492237,0.030875039,0.029754855,0.00089101316,0.0025872105,-0.0056393553,-0.012416855,0.011332671,-0.00092635526,-0.00072221053,-0.0052643158,-0.012247289,0.00053811842,-0.0012838947,-0.0098059868,0.0033763026,-0.0040144342,0.0016544737
Spanish_Canarias_La_Palma_(Canarian)_(n=34),0.089083294,0.14432468,0.036114824,-0.0081985,0.042795118,-0.0052005,-0.0038293235,0.0018732941,0.031147735,0.031725118,0.0010649706,0.0026271765,-0.0087972059,-0.013644882,0.012306529,0.00033541176,0.00044102941,-0.0037075294,-0.0090724412,0.00047811765,0.0019707059,-0.0074264118,0.0020299706,-0.00038991176,-0.00026064706
Spanish_Canarias_Lanzarote_(Canarian)_(n=56),0.065895446,0.14346166,0.028768875,-0.016253821,0.039298464,-0.007833875,-0.0090395893,0.0030205,0.033614946,0.029984304,0.000754,0.0037895357,-0.0045845357,-0.013907268,0.0097863929,-0.0020314643,-0.0031385357,-0.0035269464,-0.013175839,0.0018000179,-0.0015664286,-0.0090642321,0.0036512679,-0.0024874107,0.0023201429
Spanish_Canarias_Tenerife_(Canarian)_(n=64),0.085705187,0.14469702,0.034176516,-0.011214156,0.040214141,-0.0057347656,-0.00571725,0.0027510469,0.027613891,0.029775703,-0.0010631875,0.0047185156,-0.0081020469,-0.012607562,0.011602031,0.00012645312,-0.0012915938,-0.0028960469,-0.009399875,0.0011899688,0.000083875,-0.0058135938,0.0029752344,-0.00096020313,-0.0007260625
Portuguese_Azores_(n=32),0.10034778,0.14390564,0.0346415,-0.0054237969,0.041075922,-0.0037920469,-0.0027358688,0.0026629594,0.023273634,0.029760619,-0.0014713656,0.0062874938,-0.011237241,-0.011169553,0.0090152438,-0.00057896875,-0.0016438844,-0.0017510687,-0.0047809,-0.0012471,0.00069842188,-0.0038476469,0.0016982188,-0.000085328125,0.0009244375
