Abkhazia_GE,0.1116603,0.1359794,-0.0575864,-0.0498066,-0.0404382,-0.0070001,0.0114919,-0.0064612,-0.0634843,-0.0210664,0.0010879,0.0120343,-0.0262684,0.0034544,0.0035152,-0.0212276,0.012947,-0.0061825,-0.0095279,0.0174584,0.012266,0.0020156,-0.0002588,-0.0106037,-0.0025386
Samegrelo-Zemo_Svaneti_GE,0.1116603,0.1359794,-0.0575864,-0.0498066,-0.0404382,-0.0070001,0.0114919,-0.0064612,-0.0634843,-0.0210664,0.0010879,0.0120343,-0.0262684,0.0034544,0.0035152,-0.0212276,0.012947,-0.0061825,-0.0095279,0.0174584,0.012266,0.0020156,-0.0002588,-0.0106037,-0.0025386
Shida_Kartli_GE,0.1073728,0.130157,-0.0536768,-0.0431743,-0.0382123,-0.0050665,0.0055617,-0.0067305,-0.0499718,-0.0161888,0.001705,0.007793,-0.0170218,0.0048625,0.0016963,-0.0155795,0.0020425,-0.002766,-0.0052165,0.0078578,0.0071542,0.0037715,-0.0002465,-0.001406,-0.0004592
Racha-Lechkhumi-Kvemo_Svaneti_GE,0.103579,0.1264335,-0.058265,-0.0524875,-0.0446235,-0.009761,0.010223,-0.009115,-0.0591075,-0.0178595,-0.0052775,0.0098165,-0.024752,-0.001307,-0.0006105,-0.01843,0.0106915,-0.0071575,-0.012884,0.016633,0.0157845,0.0008655,0.003266,-0.0054825,-0.0025145
Mtskheta-Mtianeti_GE,0.110408,0.131003,-0.05242,-0.031977,-0.039084,0.000279,0.013631,-0.008077,-0.05604,-0.02041,-0.005846,0.009891,-0.028989,0.001927,0.009636,-0.024662,-0.005215,-0.004941,-0.006034,0.006253,0.007487,0.003833,0.000246,-0.001928,-0.00467
Kakheti_GE,0.1063108,0.1322218,-0.0564174,-0.0463182,-0.0368068,-0.010542,0.006768,-0.0040614,-0.0511716,-0.0162918,0.0026956,0.0086022,-0.0136472,0.000853,-0.0016286,-0.0054892,0.01356,-0.0028378,-0.0048772,0.008954,0.0078362,0.0019538,-0.0002218,-0.0069406,-0.0002634
Qazax_AZ,0.0962944,0.076368,-0.0430672,-0.0407626,-0.0300362,-0.0101518,0.0066272,-0.0043844,-0.0274472,-0.0064512,-0.0033778,0.0017084,-0.00553,-0.004156,0.0018188,0.0009546,0.0012256,-0.0013176,-0.002338,-0.0006502,0.00277,-0.0010386,-0.0015528,-0.0013496,0.0012932
Samtskhe-Javakheti_GE,0.10391,0.1373707,-0.0566838,-0.0571593,-0.0312358,-0.0148262,0.0062196,-0.0060777,-0.0378191,-0.0080368,0.0028073,0.0028726,-0.007852,0.0022234,-0.0055198,-0.0023398,0.0060867,-0.0012519,0.0023557,0.0004225,0.0019969,0.0014326,-0.0004012,-0.0013082,-0.0005385
Ajaria_GE,0.110029,0.136081,-0.059208,-0.0508187,-0.0402127,-0.0120853,0.0067367,-0.0083843,-0.057812,-0.0160367,-0.001678,0.008692,-0.0222493,0.0040827,-0.000045,-0.0178997,0.0126037,-0.005152,-0.0068713,0.0153823,0.0086927,0.0059763,0.000945,-0.0094793,0.0021153
Tavush_AM,0.1031236,0.1336436,-0.0537022,-0.0537472,-0.0337292,-0.0094822,0.0090242,-0.0079842,-0.0353826,-0.0088202,0.0019162,0.0050958,-0.0064816,-0.000523,-0.003936,-0.0043756,0.0001304,-0.000304,0.0040978,-0.00015,0.0060644,0.0020526,0.0009614,-0.000482,0.0046222
Kvemo_Kartli_GE,0.1021109,0.1067295,-0.0491563,-0.042079,-0.0349497,-0.007406,0.0044259,-0.0058734,-0.0383967,-0.0120727,0.0007189,0.0049443,-0.0095809,0.0033694,0.0017119,-0.0072639,0.0000662,-0.0015077,-0.0020156,0.0016881,0.0030315,0.002155,-0.0011618,-0.000618,-0.0005978
Lori_AM,0.1031236,0.1336436,-0.0537022,-0.0537472,-0.0337292,-0.0094822,0.0090242,-0.0079842,-0.0353826,-0.0088202,0.0019162,0.0050958,-0.0064816,-0.000523,-0.003936,-0.0043756,0.0001304,-0.000304,0.0040978,-0.00015,0.0060644,0.0020526,0.0009614,-0.000482,0.0046222
Shirak_AM,0.1031236,0.1336436,-0.0537022,-0.0537472,-0.0337292,-0.0094822,0.0090242,-0.0079842,-0.0353826,-0.0088202,0.0019162,0.0050958,-0.0064816,-0.000523,-0.003936,-0.0043756,0.0001304,-0.000304,0.0040978,-0.00015,0.0060644,0.0020526,0.0009614,-0.000482,0.0046222
Ağstafa_AZ,0.097888,0.0727793,-0.0397237,-0.0398367,-0.027492,-0.0142233,0.005405,-0.0061537,-0.029997,-0.0099017,-0.000379,0.0020483,-0.0082757,0.0027067,0.0013573,0.0034477,0.0036507,0.0040543,0.005866,-0.0043353,-0.0039517,-0.003957,-0.0035743,0.0010043,0.0021153
Tovuz_AZ,0.0962944,0.076368,-0.0430672,-0.0407626,-0.0300362,-0.0101518,0.0066272,-0.0043844,-0.0274472,-0.0064512,-0.0033778,0.0017084,-0.00553,-0.004156,0.0018188,0.0009546,0.0012256,-0.0013176,-0.002338,-0.0006502,0.00277,-0.0010386,-0.0015528,-0.0013496,0.0012932
Gədəbəy_AZ,0.094473,0.070072,-0.040729,-0.043928,-0.034468,-0.010877,0.009165,0.002077,-0.024134,-0.004191,-0.001137,0.004346,0.000892,0.000138,-0.001493,0.00716,0.004042,-0.003674,-0.00264,0.005503,-0.001622,0.002968,0.001479,0.003735,0.0019167
Gegharkunik_AM,0.108132,0.128972,-0.052043,-0.051034,-0.033852,-0.013666,0.00188,-0.013615,-0.039678,-0.015126,0.004222,-0.001349,0.000297,0.003991,-0.003936,-0.002784,-0.007432,-0.000253,0.001383,-0.006503,0.001123,0.00643,0.000739,-0.004097,0.00455
Daşkəsən_AZ,0.094473,0.070072,-0.040729,-0.043928,-0.034468,-0.010877,0.009165,0.002077,-0.024134,-0.004191,-0.001137,0.004346,0.000892,0.000138,-0.001493,0.00716,0.004042,-0.003674,-0.00264,0.005503,-0.001622,0.002968,0.001479,0.003735,0.0019167
Ağdərə_AZ,0.0942835,0.0988448,-0.0514142,-0.0366605,-0.0316983,-0.0079948,0.0049352,-0.0040382,-0.0243382,-0.0079577,-0.0005412,-0.001299,-0.0010653,-0.0016515,0.0010178,0.0088173,0.005563,0.0015627,0.0017388,-0.0061697,-0.0000832,0.0008243,0.0011502,-0.0005823,0.0043905
Kəlbəcər_AZ,0.0942835,0.0988448,-0.0514142,-0.0366605,-0.0316983,-0.0079948,0.0049352,-0.0040382,-0.0243382,-0.0079577,-0.0005412,-0.001299,-0.0010653,-0.0016515,0.0010178,0.0088173,0.005563,0.0015627,0.0017388,-0.0061697,-0.0000832,0.0008243,0.0011502,-0.0005823,0.0043905
Vayots_Dzor_AM,0.1050423,0.1347026,-0.0535511,-0.0518876,-0.0316982,-0.0111956,0.0044482,-0.0053734,-0.0324901,-0.0073676,0.0030623,0.00395,-0.0026334,0.0048855,-0.0016674,-0.0018184,-0.0046661,0.0024431,0.0022446,-0.0038322,0.0026294,0.0000796,-0.0008187,0.0011189,0.0001966
Syunik_AM,0.1050423,0.1347026,-0.0535511,-0.0518876,-0.0316982,-0.0111956,0.0044482,-0.0053734,-0.0324901,-0.0073676,0.0030623,0.00395,-0.0026334,0.0048855,-0.0016674,-0.0018184,-0.0046661,0.0024431,0.0022446,-0.0038322,0.0026294,0.0000796,-0.0008187,0.0011189,0.0001966
Lachin_AZ,0.0936385,0.0976262,-0.0512884,-0.0367789,-0.0328267,-0.0068607,0.0052955,-0.0042151,-0.0257699,-0.0086501,-0.0006278,-0.0010791,-0.0007235,-0.0018901,0.0011581,0.0085124,0.004885,0.0011657,0.0022793,-0.0054527,0.0003411,0.0006842,0.0008955,-0.0008274,0.0038477
Qubadli_AZ,0.0942835,0.0988448,-0.0514142,-0.0366605,-0.0316983,-0.0079948,0.0049352,-0.0040382,-0.0243382,-0.0079577,-0.0005412,-0.001299,-0.0010653,-0.0016515,0.0010178,0.0088173,0.005563,0.0015627,0.0017388,-0.0061697,-0.0000832,0.0008243,0.0011502,-0.0005823,0.0043905
Zəngilan_AZ,0.0942835,0.0988448,-0.0514142,-0.0366605,-0.0316983,-0.0079948,0.0049352,-0.0040382,-0.0243382,-0.0079577,-0.0005412,-0.001299,-0.0010653,-0.0016515,0.0010178,0.0088173,0.005563,0.0015627,0.0017388,-0.0061697,-0.0000832,0.0008243,0.0011502,-0.0005823,0.0043905
Şərur_AZ,0.0961805,0.103584,-0.0509115,-0.041667,-0.0363145,-0.0099005,0.007285,-0.0020765,-0.0298605,-0.0110255,0.001786,0.001424,-0.0014865,0.000688,-0.0012895,0.004044,0.0018905,0.002977,0,-0.006691,0.000936,-0.001298,-0.0001235,-0.004157,0.0035325
Ararat_AM,0.1030434,0.13632,-0.0593855,-0.061959,-0.0268828,-0.0173405,0.0042853,-0.0045201,-0.0281762,-0.0034302,0.0030473,0.0033323,-0.0027022,0.0025096,-0.0055247,-0.0017939,0.0009204,0.001319,0.0039485,-0.0044507,0.0002348,0.0040441,-0.0012615,-0.0002693,0.0012115
Sədərək_AZ,0.0961805,0.103584,-0.0509115,-0.041667,-0.0363145,-0.0099005,0.007285,-0.0020765,-0.0298605,-0.0110255,0.001786,0.001424,-0.0014865,0.000688,-0.0012895,0.004044,0.0018905,0.002977,0,-0.006691,0.000936,-0.001298,-0.0001235,-0.004157,0.0035325
Kangarli_AZ,0.0961805,0.103584,-0.0509115,-0.041667,-0.0363145,-0.0099005,0.007285,-0.0020765,-0.0298605,-0.0110255,0.001786,0.001424,-0.0014865,0.000688,-0.0012895,0.004044,0.0018905,0.002977,0,-0.006691,0.000936,-0.001298,-0.0001235,-0.004157,0.0035325
Babək_AZ,0.0961805,0.103584,-0.0509115,-0.041667,-0.0363145,-0.0099005,0.007285,-0.0020765,-0.0298605,-0.0110255,0.001786,0.001424,-0.0014865,0.000688,-0.0012895,0.004044,0.0018905,0.002977,0,-0.006691,0.000936,-0.001298,-0.0001235,-0.004157,0.0035325
Şahbuz_AZ,0.0961805,0.103584,-0.0509115,-0.041667,-0.0363145,-0.0099005,0.007285,-0.0020765,-0.0298605,-0.0110255,0.001786,0.001424,-0.0014865,0.000688,-0.0012895,0.004044,0.0018905,0.002977,0,-0.006691,0.000936,-0.001298,-0.0001235,-0.004157,0.0035325
Culfa_AZ,0.0961805,0.103584,-0.0509115,-0.041667,-0.0363145,-0.0099005,0.007285,-0.0020765,-0.0298605,-0.0110255,0.001786,0.001424,-0.0014865,0.000688,-0.0012895,0.004044,0.0018905,0.002977,0,-0.006691,0.000936,-0.001298,-0.0001235,-0.004157,0.0035325
Ordubad_AZ,0.0961805,0.103584,-0.0509115,-0.041667,-0.0363145,-0.0099005,0.007285,-0.0020765,-0.0298605,-0.0110255,0.001786,0.001424,-0.0014865,0.000688,-0.0012895,0.004044,0.0018905,0.002977,0,-0.006691,0.000936,-0.001298,-0.0001235,-0.004157,0.0035325
Balakən_AZ,0.1103952,0.0919078,-0.0319323,-0.0083702,-0.0366085,0.0098129,0.0083792,-0.0040747,-0.0424989,-0.0267606,0.0002583,0.0029978,-0.0064905,0.0002839,0.0114531,-0.0087208,-0.0107917,0.0008199,-0.0073564,0.0006321,0.0015088,-0.0026924,0.0029796,0.0028353,0.0008866
Zaqatala_AZ,0.1049453,0.1015363,-0.0373641,-0.009036,-0.0388597,0.0025399,0.0098599,-0.0022384,-0.0521728,-0.0269636,0.0000882,0.0040069,-0.0089617,-0.0045219,0.0089296,-0.0028049,-0.0025953,-0.0005007,-0.0025943,0.0018096,0.0020135,-0.0022613,0.0043937,0.0071579,-0.0014783
Xaçmaz_AZ,0.1008582,0.0963091,-0.0419998,-0.0243245,-0.035981,-0.0028473,0.0066593,-0.0055938,-0.0377071,-0.0163309,-0.0018379,0.0022683,-0.0046934,-0.0025111,0.0051488,-0.0001173,-0.0035984,-0.0008499,-0.0005415,-0.0022988,-0.001084,-0.0007391,0.0019419,0.0005624,0.0019218
Qusar_AZ,0.109224,0.0982255,-0.0319376,0.0010003,-0.0397977,0.0055807,0.0099415,-0.0085381,-0.0522291,-0.0301019,-0.0009779,0.0064655,-0.0069996,-0.0036544,0.0097252,-0.0002072,-0.0035457,-0.001872,-0.0041585,-0.0022225,-0.001029,0.0001926,0.0042288,0.0086507,0.0010561
Oğuz_AZ,0.1004489,0.1070114,-0.0460086,-0.0368624,-0.0322365,-0.0061706,0.00329,-0.0052786,-0.0351781,-0.013759,-0.000264,0.0023229,-0.0042184,-0.000602,0.0006955,-0.0025524,0.0004889,0,-0.0020425,-0.0010944,0.0005459,-0.0012674,0.0001695,-0.0002409,0.003742
Şəki_AZ,0.1004489,0.1070114,-0.0460086,-0.0368624,-0.0322365,-0.0061706,0.00329,-0.0052786,-0.0351781,-0.013759,-0.000264,0.0023229,-0.0042184,-0.000602,0.0006955,-0.0025524,0.0004889,0,-0.0020425,-0.0010944,0.0005459,-0.0012674,0.0001695,-0.0002409,0.003742
Qax_AZ,0.1125801,0.1010336,-0.0356886,-0.019309,-0.0402752,0.0023621,0.0085707,-0.009003,-0.0475051,-0.0243587,-0.0013485,0.0063743,-0.0095141,-0.0041495,0.0048753,-0.0004289,0.0037359,-0.0000384,0.0022462,0.0014721,0.0019776,0.0002065,0.0020117,-0.001824,0.0016857
Qəbələ_AZ,0.0983214,0.0977326,-0.0456675,-0.0331767,-0.0354204,-0.0047677,0.0051141,-0.0042085,-0.0340678,-0.0146049,-0.0017863,0.0011775,-0.0034901,-0.0014089,0.0015963,0.0016037,0.0001924,-0.0000542,0.0025857,-0.0028109,-0.000416,0.0001296,-0.0004343,-0.0004762,0.000787
Samux_AZ,0.0965158,0.0883857,-0.0451333,-0.0324393,-0.0340345,-0.0064383,0.005505,-0.0056305,-0.0322897,-0.0100595,-0.0033493,0.0012605,-0.0044345,-0.0011187,0.0034412,-0.0015933,-0.0042418,-0.0009327,0.0011775,-0.0033147,-0.0006315,-0.0005237,0.0019127,-0.0035055,0.0025868
Aragatsotn_AM,0.105855,0.147252,-0.063733,-0.056525,-0.042777,-0.003068,-0.00141,-0.007384,-0.030883,-0.003827,-0.002273,0.006444,-0.007582,0.004817,-0.000407,0.004375,0.007302,0.001647,0.00817,0.003001,0.000998,0,0.010723,-0.001928,0.007185
Armavir_AM,0.1030434,0.13632,-0.0593855,-0.061959,-0.0268828,-0.0173405,0.0042853,-0.0045201,-0.0281762,-0.0034302,0.0030473,0.0033323,-0.0027022,0.0025096,-0.0055247,-0.0017939,0.0009204,0.001319,0.0039485,-0.0044507,0.0002348,0.0040441,-0.0012615,-0.0002693,0.0012115
İmişli_AZ,0.092197,0.092413,-0.053551,-0.031977,-0.032006,-0.010319,0.00846,-0.007154,-0.027815,-0.013668,-0.002273,0.002248,0.000297,-0.003303,-0.001764,0.012198,0.012386,-0.003167,0.005531,-0.006253,0.002246,-0.002349,-0.007148,-0.001687,0.008382
Biləsuvar_AZ,0.0964109,0.090763,-0.0475302,-0.0328082,-0.0352465,-0.0063187,0.0052636,-0.0053878,-0.0325618,-0.0105506,-0.0029526,0.0011515,-0.003991,-0.001091,0.0029957,-0.0004627,-0.0035589,-0.0006404,0.0012351,-0.0038405,-0.0005053,-0.0008172,0.0015217,-0.0033609,0.0027928
Cəlilabad_AZ,0.097888,0.088351,-0.056568,-0.032946,-0.039392,-0.00251,0.005405,-0.002538,-0.035383,-0.010387,-0.002923,-0.006594,-0.001338,0.001239,-0.001764,0.0118,-0.00339,-0.001774,0.004651,-0.01138,0.003494,0.00272,-0.000863,0.009881,-0.003832
Yardımlı_AZ,0.0960962,0.0978951,-0.0547209,-0.0339146,-0.0388827,-0.0059597,0.0045392,-0.0046595,-0.0333783,-0.012024,-0.0017625,0.0008243,-0.0026603,-0.0010079,0.0016595,0.0029293,-0.0015101,0.0002365,0.0014077,-0.0054181,-0.0001267,-0.0016977,0.0003487,-0.0029271,0.0034106
Lerik_AZ,0.0959214,0.1018574,-0.0587158,-0.0345293,-0.0409027,-0.0057602,0.0041368,-0.004255,-0.0338319,-0.0128426,-0.0011013,0.0006426,-0.0019211,-0.0009617,0.0009171,0.0048138,-0.0003719,0.0007236,0.0015036,-0.0062946,0.0000836,-0.0021869,-0.000303,-0.002686,0.0037538
Cəbrayıl_AZ,0.0942835,0.0988448,-0.0514142,-0.0366605,-0.0316983,-0.0079948,0.0049352,-0.0040382,-0.0243382,-0.0079577,-0.0005412,-0.001299,-0.0010653,-0.0016515,0.0010178,0.0088173,0.005563,0.0015627,0.0017388,-0.0061697,-0.0000832,0.0008243,0.0011502,-0.0005823,0.0043905
Füzuli_AZ,0.0942835,0.0988448,-0.0514142,-0.0366605,-0.0316983,-0.0079948,0.0049352,-0.0040382,-0.0243382,-0.0079577,-0.0005412,-0.001299,-0.0010653,-0.0016515,0.0010178,0.0088173,0.005563,0.0015627,0.0017388,-0.0061697,-0.0000832,0.0008243,0.0011502,-0.0005823,0.0043905
Beyləqan_AZ,0.0921966,0.0893664,-0.0487742,-0.0405903,-0.0349124,-0.0063836,0.0040733,-0.0035896,-0.028997,-0.0091523,-0.004186,-0.0009326,0.0017013,-0.0021257,0.0026843,0.0064674,-0.0005504,0.0010699,0.0017738,-0.003974,-0.0012617,0.0002337,-0.0012872,-0.0008169,0.000612
Astara_AZ,0.0959564,0.1010649,-0.0579168,-0.0344064,-0.0404987,-0.0058001,0.0042173,-0.0043359,-0.0337412,-0.0126789,-0.0012335,0.0006789,-0.0020689,-0.0009709,0.0010656,0.0044369,-0.0005995,0.0006262,0.0014844,-0.0061193,0.0000416,-0.0020891,-0.0001727,-0.0027342,0.0036852
Guria_GE,0.1058553,0.138789,-0.059208,-0.0522183,-0.0391867,-0.007623,0.0108887,-0.008538,-0.060198,-0.0223543,0.0019487,0.0108907,-0.026957,0.0096337,0.0038907,-0.0236897,0.0103003,-0.0024917,-0.0080027,0.0159243,0.0191747,0.0075017,0.0032867,-0.0091173,0.0009183
Şabran_AZ,0.0980342,0.0941225,-0.0449322,-0.0317555,-0.0347003,-0.0055182,0.0056734,-0.0049477,-0.0332761,-0.011877,-0.0023648,0.0011116,-0.0041234,-0.0019476,0.0037523,-0.0004254,-0.0037531,-0.0006412,0.0006443,-0.0025415,-0.0009957,-0.0008983,0.0014272,-0.002139,0.002262
Siyəzən_AZ,0.0980802,0.091967,-0.0442399,-0.0302581,-0.0348803,-0.0050392,0.0059785,-0.004989,-0.0339718,-0.012233,-0.0028364,0.0014031,-0.004608,-0.002129,0.0041146,-0.0007885,-0.0034977,-0.0008179,0.0004769,-0.0025017,-0.0010002,-0.0009754,0.0015548,-0.0023385,0.002301
Xizı_AZ,0.1004268,0.0973389,-0.0428998,-0.0269863,-0.0361489,-0.0029404,0.0066888,-0.0040267,-0.0364949,-0.0154932,-0.0020671,0.001617,-0.0048683,-0.0036444,0.0051248,0.0004188,-0.0023816,-0.0006458,-0.0005741,-0.0012822,-0.0015532,-0.0016529,0.0010179,-0.0005881,0.0018722
Sumqayıt_AZ,0.099026,0.079211,-0.047894,-0.034884,-0.036007,-0.004741,0.012221,0.001615,-0.034769,-0.009112,0.001624,-0.002098,-0.002676,0.003441,-0.011401,0.009414,0.006128,-0.002534,0.007416,-0.002501,-0.001248,-0.003833,0.000986,0.002892,0.007065
Bakı_AZ,0.099026,0.079211,-0.047894,-0.034884,-0.036007,-0.004741,0.012221,0.001615,-0.034769,-0.009112,0.001624,-0.002098,-0.002676,0.003441,-0.011401,0.009414,0.006128,-0.002534,0.007416,-0.002501,-0.001248,-0.003833,0.000986,0.002892,0.007065
Salyan_AZ,0.0965158,0.0883857,-0.0451333,-0.0324393,-0.0340345,-0.0064383,0.005505,-0.0056305,-0.0322897,-0.0100595,-0.0033493,0.0012605,-0.0044345,-0.0011187,0.0034412,-0.0015933,-0.0042418,-0.0009327,0.0011775,-0.0033147,-0.0006315,-0.0005237,0.0019127,-0.0035055,0.0025868
Neftçala_AZ,0.0965158,0.0883857,-0.0451333,-0.0324393,-0.0340345,-0.0064383,0.005505,-0.0056305,-0.0322897,-0.0100595,-0.0033493,0.0012605,-0.0044345,-0.0011187,0.0034412,-0.0015933,-0.0042418,-0.0009327,0.0011775,-0.0033147,-0.0006315,-0.0005237,0.0019127,-0.0035055,0.0025868
Lankaran_AZ,0.0961312,0.0971027,-0.053922,-0.0337917,-0.0384786,-0.0059995,0.0046197,-0.0047404,-0.0332876,-0.0118603,-0.0018947,0.0008607,-0.0028082,-0.0010171,0.001808,0.0025524,-0.0017377,0.000139,0.0013885,-0.0052428,-0.0001688,-0.0015999,0.000479,-0.0029753,0.003342
Masallı_AZ,0.0961312,0.0971027,-0.053922,-0.0337917,-0.0384786,-0.0059995,0.0046197,-0.0047404,-0.0332876,-0.0118603,-0.0018947,0.0008607,-0.0028082,-0.0010171,0.001808,0.0025524,-0.0017377,0.000139,0.0013885,-0.0052428,-0.0001688,-0.0015999,0.000479,-0.0029753,0.003342
Naxçıvan_AZ,0.0961805,0.103584,-0.0509115,-0.041667,-0.0363145,-0.0099005,0.007285,-0.0020765,-0.0298605,-0.0110255,0.001786,0.001424,-0.0014865,0.000688,-0.0012895,0.004044,0.0018905,0.002977,0,-0.006691,0.000936,-0.001298,-0.0001235,-0.004157,0.0035325
Şuşa_AZ,0.0942835,0.0988448,-0.0514142,-0.0366605,-0.0316983,-0.0079948,0.0049352,-0.0040382,-0.0243382,-0.0079577,-0.0005412,-0.001299,-0.0010653,-0.0016515,0.0010178,0.0088173,0.005563,0.0015627,0.0017388,-0.0061697,-0.0000832,0.0008243,0.0011502,-0.0005823,0.0043905
Xocalı_AZ,0.0942835,0.0988448,-0.0514142,-0.0366605,-0.0316983,-0.0079948,0.0049352,-0.0040382,-0.0243382,-0.0079577,-0.0005412,-0.001299,-0.0010653,-0.0016515,0.0010178,0.0088173,0.005563,0.0015627,0.0017388,-0.0061697,-0.0000832,0.0008243,0.0011502,-0.0005823,0.0043905
Şuşa_City_AZ,0.0942835,0.0988448,-0.0514142,-0.0366605,-0.0316983,-0.0079948,0.0049352,-0.0040382,-0.0243382,-0.0079577,-0.0005412,-0.001299,-0.0010653,-0.0016515,0.0010178,0.0088173,0.005563,0.0015627,0.0017388,-0.0061697,-0.0000832,0.0008243,0.0011502,-0.0005823,0.0043905
Ağdam_AZ,0.0942835,0.0988448,-0.0514142,-0.0366605,-0.0316983,-0.0079948,0.0049352,-0.0040382,-0.0243382,-0.0079577,-0.0005412,-0.001299,-0.0010653,-0.0016515,0.0010178,0.0088173,0.005563,0.0015627,0.0017388,-0.0061697,-0.0000832,0.0008243,0.0011502,-0.0005823,0.0043905
Tərtər_AZ,0.0921966,0.0893664,-0.0487742,-0.0405903,-0.0349124,-0.0063836,0.0040733,-0.0035896,-0.028997,-0.0091523,-0.004186,-0.0009326,0.0017013,-0.0021257,0.0026843,0.0064674,-0.0005504,0.0010699,0.0017738,-0.003974,-0.0012617,0.0002337,-0.0012872,-0.0008169,0.000612
Goranboy_AZ,0.0965158,0.0883857,-0.0451333,-0.0324393,-0.0340345,-0.0064383,0.005505,-0.0056305,-0.0322897,-0.0100595,-0.0033493,0.0012605,-0.0044345,-0.0011187,0.0034412,-0.0015933,-0.0042418,-0.0009327,0.0011775,-0.0033147,-0.0006315,-0.0005237,0.0019127,-0.0035055,0.0025868
Xocavənd_AZ,0.0942835,0.0988448,-0.0514142,-0.0366605,-0.0316983,-0.0079948,0.0049352,-0.0040382,-0.0243382,-0.0079577,-0.0005412,-0.001299,-0.0010653,-0.0016515,0.0010178,0.0088173,0.005563,0.0015627,0.0017388,-0.0061697,-0.0000832,0.0008243,0.0011502,-0.0005823,0.0043905
Hajigabul_AZ,0.0965158,0.0883857,-0.0451333,-0.0324393,-0.0340345,-0.0064383,0.005505,-0.0056305,-0.0322897,-0.0100595,-0.0033493,0.0012605,-0.0044345,-0.0011187,0.0034412,-0.0015933,-0.0042418,-0.0009327,0.0011775,-0.0033147,-0.0006315,-0.0005237,0.0019127,-0.0035055,0.0025868
Abşeron_AZ,0.099026,0.079211,-0.047894,-0.034884,-0.036007,-0.004741,0.012221,0.001615,-0.034769,-0.009112,0.001624,-0.002098,-0.002676,0.003441,-0.011401,0.009414,0.006128,-0.002534,0.007416,-0.002501,-0.001248,-0.003833,0.000986,0.002892,0.007065
Göygöl_AZ,0.094473,0.070072,-0.040729,-0.043928,-0.034468,-0.010877,0.009165,0.002077,-0.024134,-0.004191,-0.001137,0.004346,0.000892,0.000138,-0.001493,0.00716,0.004042,-0.003674,-0.00264,0.005503,-0.001622,0.002968,0.001479,0.003735,0.0019167
Kürdəmir_AZ,0.0965158,0.0883857,-0.0451333,-0.0324393,-0.0340345,-0.0064383,0.005505,-0.0056305,-0.0322897,-0.0100595,-0.0033493,0.0012605,-0.0044345,-0.0011187,0.0034412,-0.0015933,-0.0042418,-0.0009327,0.0011775,-0.0033147,-0.0006315,-0.0005237,0.0019127,-0.0035055,0.0025868
Zərdab_AZ,0.0965158,0.0883857,-0.0451333,-0.0324393,-0.0340345,-0.0064383,0.005505,-0.0056305,-0.0322897,-0.0100595,-0.0033493,0.0012605,-0.0044345,-0.0011187,0.0034412,-0.0015933,-0.0042418,-0.0009327,0.0011775,-0.0033147,-0.0006315,-0.0005237,0.0019127,-0.0035055,0.0025868
Sabirabad_AZ,0.092197,0.092413,-0.053551,-0.031977,-0.032006,-0.010319,0.00846,-0.007154,-0.027815,-0.013668,-0.002273,0.002248,0.000297,-0.003303,-0.001764,0.012198,0.012386,-0.003167,0.005531,-0.006253,0.002246,-0.002349,-0.007148,-0.001687,0.008382
Saatlı_AZ,0.092197,0.092413,-0.053551,-0.031977,-0.032006,-0.010319,0.00846,-0.007154,-0.027815,-0.013668,-0.002273,0.002248,0.000297,-0.003303,-0.001764,0.012198,0.012386,-0.003167,0.005531,-0.006253,0.002246,-0.002349,-0.007148,-0.001687,0.008382
Bərdə_AZ,0.0921966,0.0893664,-0.0487742,-0.0405903,-0.0349124,-0.0063836,0.0040733,-0.0035896,-0.028997,-0.0091523,-0.004186,-0.0009326,0.0017013,-0.0021257,0.0026843,0.0064674,-0.0005504,0.0010699,0.0017738,-0.003974,-0.0012617,0.0002337,-0.0012872,-0.0008169,0.000612
Şəmkir_AZ,0.0976033,0.064994,-0.0329982,-0.0363375,-0.0328522,-0.004811,0.0048175,-0.0038653,-0.0235202,-0.0091573,-0.0036133,-0.0013487,-0.0021185,0.0017893,-0.0032573,-0.0049717,-0.0133645,0.0033255,0.003457,-0.0115052,-0.0041177,-0.003524,-0.000493,-0.0006628,0.0030535
Ağsu_AZ,0.0965158,0.0883857,-0.0451333,-0.0324393,-0.0340345,-0.0064383,0.005505,-0.0056305,-0.0322897,-0.0100595,-0.0033493,0.0012605,-0.0044345,-0.0011187,0.0034412,-0.0015933,-0.0042418,-0.0009327,0.0011775,-0.0033147,-0.0006315,-0.0005237,0.0019127,-0.0035055,0.0025868
Şamaxı_AZ,0.0970631,0.0902084,-0.045276,-0.0316917,-0.0347735,-0.005665,0.0055041,-0.0051321,-0.0326186,-0.0109233,-0.0028031,0.0015705,-0.0047773,-0.0008353,0.0035765,-0.0012271,-0.0045091,-0.0006597,0.0010612,-0.0033052,-0.000432,-0.0003969,0.001733,-0.0025387,0.0027269
Quba_AZ,0.1012033,0.0993599,-0.0424688,-0.0252766,-0.0360126,-0.0029766,0.0064726,-0.0053921,-0.0374319,-0.0165183,-0.001238,0.0020124,-0.0042521,-0.0025823,0.0049548,0.000447,-0.0036678,-0.0006445,-0.0005492,-0.0021353,-0.0011718,-0.000775,0.0017248,0.0010537,0.0018113
Ucar_AZ,0.0965158,0.0883857,-0.0451333,-0.0324393,-0.0340345,-0.0064383,0.005505,-0.0056305,-0.0322897,-0.0100595,-0.0033493,0.0012605,-0.0044345,-0.0011187,0.0034412,-0.0015933,-0.0042418,-0.0009327,0.0011775,-0.0033147,-0.0006315,-0.0005237,0.0019127,-0.0035055,0.0025868
Qobustan_AZ,0.0965158,0.0883857,-0.0451333,-0.0324393,-0.0340345,-0.0064383,0.005505,-0.0056305,-0.0322897,-0.0100595,-0.0033493,0.0012605,-0.0044345,-0.0011187,0.0034412,-0.0015933,-0.0042418,-0.0009327,0.0011775,-0.0033147,-0.0006315,-0.0005237,0.0019127,-0.0035055,0.0025868
İsmayıllı_AZ,0.0972455,0.090816,-0.0453235,-0.0314425,-0.0350198,-0.0054072,0.0055038,-0.0049659,-0.0327283,-0.0112112,-0.002621,0.0016738,-0.0048915,-0.0007408,0.0036216,-0.001105,-0.0045982,-0.0005688,0.0010225,-0.003302,-0.0003654,-0.0003546,0.0016731,-0.0022164,0.0027736
Yevlakh_Rayon_AZ,0.0965158,0.0883857,-0.0451333,-0.0324393,-0.0340345,-0.0064383,0.005505,-0.0056305,-0.0322897,-0.0100595,-0.0033493,0.0012605,-0.0044345,-0.0011187,0.0034412,-0.0015933,-0.0042418,-0.0009327,0.0011775,-0.0033147,-0.0006315,-0.0005237,0.0019127,-0.0035055,0.0025868
Gəncə_AZ,0.0976033,0.064994,-0.0329982,-0.0363375,-0.0328522,-0.004811,0.0048175,-0.0038653,-0.0235202,-0.0091573,-0.0036133,-0.0013487,-0.0021185,0.0017893,-0.0032573,-0.0049717,-0.0133645,0.0033255,0.003457,-0.0115052,-0.0041177,-0.003524,-0.000493,-0.0006628,0.0030535
Mingəçevir_AZ,0.0965158,0.0883857,-0.0451333,-0.0324393,-0.0340345,-0.0064383,0.005505,-0.0056305,-0.0322897,-0.0100595,-0.0033493,0.0012605,-0.0044345,-0.0011187,0.0034412,-0.0015933,-0.0042418,-0.0009327,0.0011775,-0.0033147,-0.0006315,-0.0005237,0.0019127,-0.0035055,0.0025868
Göyçay_AZ,0.0965158,0.0883857,-0.0451333,-0.0324393,-0.0340345,-0.0064383,0.005505,-0.0056305,-0.0322897,-0.0100595,-0.0033493,0.0012605,-0.0044345,-0.0011187,0.0034412,-0.0015933,-0.0042418,-0.0009327,0.0011775,-0.0033147,-0.0006315,-0.0005237,0.0019127,-0.0035055,0.0025868
Ağdaş_AZ,0.0965158,0.0883857,-0.0451333,-0.0324393,-0.0340345,-0.0064383,0.005505,-0.0056305,-0.0322897,-0.0100595,-0.0033493,0.0012605,-0.0044345,-0.0011187,0.0034412,-0.0015933,-0.0042418,-0.0009327,0.0011775,-0.0033147,-0.0006315,-0.0005237,0.0019127,-0.0035055,0.0025868
Ağcabədi_AZ,0.0921966,0.0893664,-0.0487742,-0.0405903,-0.0349124,-0.0063836,0.0040733,-0.0035896,-0.028997,-0.0091523,-0.004186,-0.0009326,0.0017013,-0.0021257,0.0026843,0.0064674,-0.0005504,0.0010699,0.0017738,-0.003974,-0.0012617,0.0002337,-0.0012872,-0.0008169,0.000612
Kotayk_AM,0.1033804,0.1362933,-0.0572319,-0.0608966,-0.0294415,-0.0170739,0.0045275,-0.0069874,-0.0302681,-0.0040663,0.0030063,0.0007484,-0.0035904,0.0043712,-0.0056614,-0.0007892,0.0011233,0.0022228,0.002904,-0.0013689,-0.0015429,0.0007138,-0.0008721,-0.001059,0.0031185
Erevan_AM,0.1033804,0.1362933,-0.0572319,-0.0608966,-0.0294415,-0.0170739,0.0045275,-0.0069874,-0.0302681,-0.0040663,0.0030063,0.0007484,-0.0035904,0.0043712,-0.0056614,-0.0007892,0.0011233,0.0022228,0.002904,-0.0013689,-0.0015429,0.0007138,-0.0008721,-0.001059,0.0031185
Tbilisi_GE,0.1090171,0.130439,-0.0610936,-0.0484141,-0.039597,-0.0065073,0.0106537,-0.0082561,-0.0600844,-0.0190942,0.0018043,0.0111901,-0.0222826,0.0026607,-0.0000906,-0.0155867,0.0132123,-0.0037726,-0.0094136,0.0201486,0.0150982,0.0019099,0.0000822,-0.0060248,-0.0015967
Imereti_GE,0.110029,0.1343037,-0.0605593,-0.0474272,-0.0383661,-0.0094127,0.0117114,-0.0059229,-0.064067,-0.0177529,-0.0006766,0.0116522,-0.0244918,0.0055507,0.0025562,-0.0243966,0.0077903,-0.0053104,-0.0095216,0.0154137,0.0138921,0.002267,0.0019207,-0.0077319,-0.0007785
Stepanakert_AZ,0.0942835,0.0988448,-0.0514142,-0.0366605,-0.0316983,-0.0079948,0.0049352,-0.0040382,-0.0243382,-0.0079577,-0.0005412,-0.001299,-0.0010653,-0.0016515,0.0010178,0.0088173,0.005563,0.0015627,0.0017388,-0.0061697,-0.0000832,0.0008243,0.0011502,-0.0005823,0.0043905
Yevlakh_AZ,0.0965158,0.0883857,-0.0451333,-0.0324393,-0.0340345,-0.0064383,0.005505,-0.0056305,-0.0322897,-0.0100595,-0.0033493,0.0012605,-0.0044345,-0.0011187,0.0034412,-0.0015933,-0.0042418,-0.0009327,0.0011775,-0.0033147,-0.0006315,-0.0005237,0.0019127,-0.0035055,0.0025868
Naftalan_AZ,0.0965158,0.0883857,-0.0451333,-0.0324393,-0.0340345,-0.0064383,0.005505,-0.0056305,-0.0322897,-0.0100595,-0.0033493,0.0012605,-0.0044345,-0.0011187,0.0034412,-0.0015933,-0.0042418,-0.0009327,0.0011775,-0.0033147,-0.0006315,-0.0005237,0.0019127,-0.0035055,0.0025868
Şəki_City_AZ,0.1004489,0.1070114,-0.0460086,-0.0368624,-0.0322365,-0.0061706,0.00329,-0.0052786,-0.0351781,-0.013759,-0.000264,0.0023229,-0.0042184,-0.000602,0.0006955,-0.0025524,0.0004889,0,-0.0020425,-0.0010944,0.0005459,-0.0012674,0.0001695,-0.0002409,0.003742
Krasnodar_RU,0.1287919,0.1016452,0.0646441,0.0542969,0.0287952,0.013661,0.0089306,0.0151436,-0.0022219,-0.0227318,0.000227,-0.0060085,0.0163011,0.012024,-0.0092554,0.0072087,0.0200751,0.0006415,-0.0021864,0.0053652,0.0055067,-0.0006021,-0.0032189,0.0024306,-0.0031989
Karachay-Cherkess_RU,0.11421,0.091501,0.0057052,0.0071153,-0.0129963,0.0055283,0.0092,0.002732,-0.0319411,-0.0237222,-0.0040452,-0.0004628,-0.0067349,0.0108189,-0.0031551,-0.0128153,0.0034363,-0.0015336,-0.0022589,0.0101829,0.0017433,-0.0007185,0.0017948,-0.0056616,-0.0028963
Kabardin-Balkar_RU,0.1143025,0.0944212,-0.0014368,0.0003105,-0.0170333,0.0045608,0.009528,0.0010098,-0.0367129,-0.024031,-0.0032066,0.0019951,-0.0086886,0.0094493,-0.0014641,-0.0150196,0.0030616,-0.0020878,-0.0040993,0.0108922,0.0033206,-0.0002461,0.0023285,-0.0063477,-0.0024274
North_Ossetia_RU,0.113309,0.1033496,-0.0083065,-0.0043866,-0.0202002,0.0062785,0.0100825,0.001355,-0.0434595,-0.0281022,-0.0024193,0.0025974,-0.0122309,0.0086945,0.0017306,-0.0166185,0.0030082,-0.0034157,-0.0064312,0.0126262,0.0047824,-0.0002712,0.0005063,-0.0078791,-0.0026046
Ingush_RU,0.1107497,0.0994204,-0.0294531,-0.0154394,-0.0349603,0.0000557,0.0093062,-0.0044768,-0.0567964,-0.0284653,0.0000975,0.0083024,-0.0154904,-0.0019817,0.0112104,-0.0138424,0.0009909,-0.0021789,-0.0069511,0.014457,0.0055902,0.0029429,0.0020827,0.0002772,-0.0002156
Chechnya_RU,0.1128568,0.1046997,-0.0301911,-0.0084674,-0.0363773,0.0067541,0.0083723,-0.004912,-0.0566854,-0.0331929,-0.0022385,0.0081598,-0.0165531,-0.0057728,0.0110296,-0.0088352,0.0053666,-0.0061943,-0.0088469,0.0131202,0.002572,0.0021694,0.0038584,0.0063291,-0.0046062
Dagestan_RU,0.1113111,0.0960776,-0.0216128,0.0064475,-0.037405,0.0097497,0.0080724,-0.0044644,-0.0535705,-0.0346234,-0.0014065,0.004919,-0.0099629,-0.0053517,0.0116312,-0.0031923,-0.0006354,-0.0018125,-0.0042434,0.0032725,-0.0006277,0.0007327,0.0043524,0.0073468,-0.0014096
Rostov_RU,0.130897,0.098506,0.075047,0.064277,0.033852,0.016176,0.0094,0.017076,0.000205,-0.02442,0,-0.006594,0.017988,0.012799,-0.009636,0.008088,0.021905,0.000633,-0.002514,0.006003,0.005865,-0.000866,-0.003204,0.002771,-0.003473
Kalmyk_RU,0.0728469,-0.164806,0.0363653,-0.0045681,-0.0303354,-0.011833,0.012892,0.0127577,-0.0103431,-0.0032023,-0.0204841,-0.0033399,-0.0000213,-0.0034013,0.0023461,-0.0001136,0.0002794,0.0005066,-0.0026937,0.003162,-0.0106954,-0.0019431,-0.0092786,0.0012223,-0.0036781
Stavropol__RU,0.1262875,0.1111744,0.055512,0.0443328,0.0209742,0.0155778,0.0103527,0.0099232,-0.0033829,-0.0227126,-0.0047723,-0.0138044,0.0112568,0.0252549,-0.0148394,-0.0061687,-0.0016303,0.0028132,0.0076404,0.0001397,-0.0053598,-0.0031126,0.004154,-0.0042938,-0.0049614
Adygey_RU,0.11260357,0.10119029,-0.029415429,-0.021664071,-0.033918286,-0.0017728571,0.0091317143,-0.0036097857,-0.051876071,-0.023157,7.14e-8,0.0081035714,-0.019464,0.0024083571,0.0049440714,-0.017511286,0.0080278571,-0.0052303571,-0.0114745,0.018115857,0.0090555,0.0013955,0.0012764286,-0.0077547857,-0.0025745
