Han_Jiangsu_Nanjing_(n=7),0.022439429,-0.454667,-0.00037714286,-0.070091,0.063528286,0.027610143,0.0073185714,0.000099,-0.014199714,0.0028115714,-0.067948,-0.0075362857,0.011170571,-0.0081395714,-0.0075032857,-0.000966,-0.00033514286,0.0026064286,-0.0038788571,-0.011416143,0.013298143,0.005229,0.012712,-0.00098114286,-0.0014712857
Han_Beijing_(Northern_China_Profile)_(n=65),0.023342554,-0.44659855,0.0085867385,-0.064078231,0.051057985,0.020972538,0.0052857385,0.0018318769,-0.010628954,0.0035942769,-0.072520231,-0.0088260308,0.011062646,-0.0059325538,-0.0073100769,-0.0010750615,0.00059378462,-0.00013836923,-0.0033494154,-0.0088619077,0.010903923,0.0071072,0.012231831,0.0008916,0.0010224
Han_Chongqing_(n=3),0.021247,-0.45258767,-0.012822,-0.067399333,0.085246667,0.036999333,0.0010966667,-0.0020766667,-0.017112,-0.0037053333,-0.048175333,-0.0039463333,0.010753,-0.0038076667,-0.0048406667,0.00053066667,0.00099966667,-0.0016046667,0.0039803333,-0.00692,0.014432667,0.0084083333,0.016227667,0.00020066667,0.0048696667
Han_Fujian_(n=35),0.020618229,-0.45344846,-0.010774914,-0.066916371,0.083883771,0.0377618,0.0030952857,-0.0022944286,-0.016145714,-0.0026711429,-0.048651514,-0.0066498286,0.0082868,-0.0070265429,-0.0054287714,0.00068951429,0.0013336857,0.00043437143,-0.0025032,-0.013159886,0.015929114,0.0048436857,0.013585429,0.00068848571,-0.0034828857
Han_Gansu_Lanzhou_(n=2),0.024472,-0.430077,0.009428,-0.060401,0.048932,0.015339,0.005875,0.0029995,-0.014828,0.001549,-0.0638185,-0.011165,0.010109,-0.0056425,-0.0082115,-0.0013925,0.003325,-0.002217,-0.001257,-0.0063155,0.006301,0.007852,0.008134,0.004217,0.0089215
Han_Guangdong_(n=16),0.016788813,-0.45000656,-0.029061875,-0.066739875,0.11146306,0.048213313,0.0009840625,-0.0062161875,-0.016131875,-0.0088498125,-0.015193375,-0.002294875,0.003623625,-0.0058231875,-0.0029180625,-0.000613375,0.0014993125,-0.000087125,-0.000659875,-0.014038,0.015917125,0.003802375,0.019642687,-0.0008510625,-0.00197575
Zhuang_Guangxi_Guigang_(n=11),0.017280455,-0.44978727,-0.035929455,-0.067624455,0.12212073,0.060620727,-0.00098272727,-0.0096920909,-0.019318364,-0.011315,-0.0018305455,-0.00058590909,0.0023786364,-0.0040411818,-0.0013200909,0.0018682727,0.000972,-0.0017160909,-0.0011197273,-0.014279636,0.011672455,0.0035858182,0.015719636,-0.00076681818,-0.001241
Han_Guizhou_Guiyang_(n=14),0.022033,-0.45045986,-0.010182357,-0.064461571,0.079179643,0.035000857,0.0020814286,-0.0034943571,-0.016274357,-0.0017311429,-0.047730571,-0.0053737143,0.0080915714,-0.0077856429,-0.0054287143,0.0012123571,0.00095,0.00076021429,-0.0038696429,-0.010094071,0.012005643,0.0062356429,0.014085429,0.000068785714,0.0023520714
Han_Hainan_Haikou_(n=5),0.0040976,-0.4383026,-0.027379,-0.0640832,0.1019884,0.0444552,-0.000235,-0.007661,-0.0143166,-0.006852,-0.024423,-0.003387,0.0051436,-0.0074866,-0.0008686,0.0012994,0.0046156,0.0010388,-0.0001006,-0.0147072,0.0166954,0.006331,0.0175012,0.0036872,-0.00194
Han_Hebei_(n=1),0.026179,-0.44074,0.000754,-0.065569,0.059703,0.029005,0.004465,-0.006,-0.009204,-0.000182,-0.060896,-0.004796,0.008028,-0.004266,-0.008415,0.002652,-0.004303,0.004054,0.004274,-0.01038,0.011105,0.00136,0.005916,0.004097,0.012334
Han_Heilongjiang_Qiqihar_(n=1),0.026179,-0.444802,0.018856,-0.061047,0.049548,0.03263,0.00188,-0.001615,-0.009204,0.007654,-0.077297,-0.007044,0.011298,-0.005643,-0.003529,0.000398,-0.004955,-0.002534,-0.007416,-0.012756,0.009483,-0.001113,0.010476,0.006627,0.009101
Han_Henan_Pingqiao_(n=10),0.0249272,-0.4418569,0.0044876,-0.0638248,0.055795,0.0228411,0.0040655,-0.0011306,-0.0131304,0.001075,-0.0695187,-0.0086324,0.0100642,-0.0069499,-0.0067858,-0.0001062,0.0016688,-0.0009628,-0.0034819,-0.0089166,0.010781,0.0096201,0.0116469,-0.0003736,0.0029817
Han_Hubei_Shiyan_(n=122),0.02146773,-0.44836456,-0.00024727049,-0.065701377,0.064738393,0.028094844,0.0042723852,0.00021372951,-0.013760098,0.0016923934,-0.062942828,-0.0078594016,0.0093022787,-0.0070503443,-0.0053331393,-0.00069443443,0.00016354098,0.0004247541,-0.0038348689,-0.0099986311,0.012188533,0.007434418,0.013526967,-0.000048393443,0.00048487705
Han_Hunan_(n=71),0.020007169,-0.45271168,-0.014808606,-0.06737507,0.089897606,0.040293789,0.002187831,-0.0037961972,-0.015552451,-0.0043480423,-0.040903606,-0.0057983239,0.0073743944,-0.0065128592,-0.0054441268,0.00016623944,0.0011459014,0.00044785915,-0.0027706761,-0.012437324,0.014801296,0.0049060423,0.015303535,-0.000055971831,-0.0022380986
Mongol_Inner_Mongolia_Baotu_(Inner_Mongolia_Profile)_(n=19),0.034805737,-0.39947716,0.036124211,-0.04539,0.0010529474,-0.0059153684,0.0094868947,0.0096190526,-0.0035737895,0.0070881053,-0.056135105,-0.0067202632,0.0043503684,-0.0010721053,-0.0043287895,0.00087231579,-0.0010842105,0.00040668421,-0.0013296842,0.0028105263,-0.0022657368,0.000097631579,-0.0033145789,-0.000222,0.0025903158
Han_Jiangxi_Nanchang_(n=1),0.020871,-0.455323,-0.005946,-0.067832,0.078035,0.034674,0.000955,-0.004809,-0.015887,-0.003428,-0.062176,-0.009265,0.011066,-0.010198,-0.006731,-0.000476,0.000267,0.001964,-0.003115,-0.013759,0.015851,0.006178,0.016706,-0.000166,-0.0065
Han_Jilin_Changchun_(n=1),0.021626,-0.44988,0.010559,-0.062339,0.048624,0.025658,0.006815,0.001385,-0.015953,0.003462,-0.069015,-0.010191,0.010704,-0.005092,-0.011808,-0.001193,0.005867,0.000887,-0.006536,-0.005753,0.013227,0.006183,0.009983,0.003494,0.001078
Hui_Ningxia_(n=2),0.027181,-0.4013475,0.006326,-0.0549965,0.0407945,0.018051,0.005718,0.0008835,-0.0109695,0.0016035,-0.0663275,-0.007987,0.009855,-0.0086005,-0.007551,-0.0024115,0.0009885,0.001759,-0.0028015,-0.0063575,0.0109325,0.0032435,0.004887,0.001154,-0.002872
Han_Shaanxi_Yulin_(n=2),0.028456,-0.4331235,0.0109365,-0.061693,0.039392,0.0129685,0.0064625,0.001846,-0.0075675,0.002551,-0.0793265,-0.0104155,0.0092915,-0.0046795,-0.009161,0.0059005,-0.002738,-0.0010765,-0.003771,-0.0028135,0.006426,0.006739,0.003759,-0.00488,0.001018
Han_Shandong_Jinan_(n=10),0.0223095,-0.4491688,0.0059962,-0.0607563,0.0516712,0.0210562,0.0058046,0.0004384,-0.0115965,0.0033714,-0.074033,-0.0089171,0.0104359,-0.0088766,-0.0070303,0.0003979,0.0012386,0.0011908,-0.0020112,-0.0095171,0.0120414,0.0067884,0.0125959,0.0006748,-0.0014371
Han_Shanghai_(n=4),0.02603325,-0.45059475,-0.0027575,-0.06726,0.063755,0.03345925,0.00375875,-0.000636,-0.01493575,-0.00214475,-0.07234625,-0.0122,0.01077875,-0.0043725,-0.0064395,0.00482225,0.001954,0.00245575,0.00026375,-0.015477,0.0164865,0.006346,0.014482,-0.001606,-0.00608425
Han_Shanxi_Taiyuan_(n=8),0.025752375,-0.43959738,0.01169075,-0.060118375,0.047355125,0.017570125,0.006638875,0.001846,-0.010098375,0.005193625,-0.074739125,-0.008392375,0.010276125,-0.00793075,-0.006752,-0.000464,0.001075625,-0.000443375,-0.00531075,-0.006972125,0.00875025,0.01058775,0.012309375,0.002440125,0.001422125
Han_Sichuan_Chengdu_(n=8),0.019918875,-0.44861,-0.0085795,-0.068112625,0.07901475,0.033815375,0.00182125,-0.004817,-0.013933125,-0.000250625,-0.05092925,-0.009179375,0.0101645,-0.00755225,-0.00648075,-0.000878375,0.001287625,-0.00039575,-0.0029695,-0.00686275,0.011916375,0.00508525,0.011816375,0.0001055,0.0016915
Uyghur_(n=22),0.065603545,-0.16525427,0.0013712727,-0.001938,-0.027151909,0.0062369545,0.0063236818,0.0032726364,-0.014130636,-0.0089709545,-0.027724227,-0.0026090455,0.0014730455,-0.0065057727,0.0028933182,0.0070092273,0.00069940909,-0.0015432273,-0.0010512727,-0.00041486364,-0.0079632273,0.000050727273,-0.00086831818,0.0019115909,0.0031297273
Tibetan_Lhasa_(n=9),0.022764667,-0.41298189,0.0071652222,-0.038975333,0.014361667,0.0048961111,0.0089042222,0.0071023333,0.0037042222,0.013566444,-0.083449667,-0.0072601111,0.0091674444,-0.0055814444,-0.011581556,-0.0037124444,0.000478,-0.003674,-0.010670333,0.0051133333,0.00091511111,0.022587111,0.0048475556,-0.0014862222,0.035898222
Han_Yunnan_Qiubei_(n=6),0.021246833,-0.444971,-0.0072281667,-0.0660535,0.078065833,0.032862667,0.0031333333,-0.0022691667,-0.013123667,-0.0014578333,-0.047173833,-0.00557,0.0088948333,-0.0083033333,-0.0032798333,-0.0003535,0.00058683333,0.00025333333,-0.0017388333,-0.0079623333,0.011167833,0.0099746667,0.014009167,0.0023696667,0.0073046667
Han_Zhejiang_Hangzhou_(n=6),0.020677667,-0.4537725,-0.0049026667,-0.066268833,0.071757,0.030957,0.0015666667,-0.0011538333,-0.013532667,0.0001215,-0.064522333,-0.0060445,0.0129335,-0.0064455,-0.0064691667,0.0025413333,0.0022816667,0.00071816667,-0.0046298333,-0.0117555,0.015826167,0.0037508333,0.013269667,0.0028315,-0.0029536667
Japanese_(n=476),0.018943391,-0.44266202,0.01317941,-0.055993679,0.034414868,0.0092526155,0.0027459517,0.0025708824,-0.0048918109,0.0099494874,-0.074367069,-0.0087382101,0.0096866681,-0.0041813046,-0.011530817,-0.0061851933,-0.00077573529,0.0039015294,0.0016818782,-0.0079670462,0.027600962,-0.016179038,0.0074577983,0.0030974223,-0.039299752
Ryukyuan_(low_res)_(n=1),0.019245,-0.424293,-0.003756,-0.040277,0.027719,0.017559,-0.001636,-0.002556,0.000671,0.013275,-0.084309,-0.010223,0.015069,-0.013042,-0.022376,-0.010988,0.003031,0.002549,0.001722,-0.000126,0.028647,-0.004347,0.008855,0.009556,-0.00603
Mongol_Khalkha_Mongolia_(n=26),0.040275885,-0.36875435,0.061195,-0.032498769,-0.040575577,-0.024177615,0.015565038,0.015594077,-0.00050338462,0.0093921538,-0.034713654,-0.0039714615,0.00013153846,0.0012861154,0.00029226923,-0.00061184615,-0.0024723462,0.00049211538,0.0037467692,0.010610808,-0.010932731,-0.0058497692,-0.0130975,-0.00076473077,0.0016626538
Kazakh_Mongolia_(n=3),0.065258667,-0.236957,0.047642667,-0.011412667,-0.032929,-0.0096683333,0.011829,0.015076333,-0.0013636667,-0.000060666667,-0.017321667,-0.0028473333,0.004658,-0.00087166667,0.0020356667,0.00017666667,-0.002651,-0.001858,-0.001299,0.0056693333,-0.013226333,-0.00082433333,-0.0090796667,0.000964,0.00012
Mongol_Oirat_Khoton_Mongolia_(n=9),0.046414556,-0.33264233,0.061889667,-0.024619778,-0.046196667,-0.026835444,0.013970111,0.015230111,0.0036586667,0.0044747778,-0.029067444,0.00015011111,0.0022134444,-0.0011163333,0.0039056667,-0.00027988889,-0.0062728889,-0.0010135556,0.0050977778,0.0090322222,-0.015680667,-0.0094802222,-0.012009778,-0.0036014444,0.0010776667
Mongol_Oirat_Olot_Mongolia_(n=10),0.0456431,-0.3504593,0.0623005,-0.0272935,-0.048409,-0.0237614,0.0159574,0.0173762,-0.0001637,0.0058862,-0.0336793,-0.0030125,0.0014866,0.0016653,0.0035695,-0.0001328,-0.0023599,0.000418,0.0039218,0.0106925,-0.0132141,-0.0092863,-0.0121523,-0.0017594,0.002407
Buryat_Mongolia_(low_res)_(n=23),0.044044565,-0.37256678,0.072144913,-0.026668565,-0.058713217,-0.034800783,0.01420287,0.019755,0.0055131304,0.010474565,-0.024224087,0.0013879565,-0.0040784348,0.0040867826,0.0017643478,-0.001101,-0.0018026522,0.0018563043,0.0044433043,0.010331087,-0.012559261,-0.011322217,-0.016976,-0.00070730435,-0.0015723913
Mongol_Oirat_Torgut_Mongolia_(n=7),0.043740571,-0.33526971,0.058561286,-0.025747714,-0.048052857,-0.026454714,0.012825,0.015988429,-0.00017542857,0.005337,-0.030505857,-0.003768,-0.00031857143,0.0020052857,0.0049245714,0.0023678571,0.00042828571,-0.00065142857,0.0051895714,0.012148571,-0.016881,-0.00537,-0.014912857,-0.0015318571,0.00034214286
Mongol_Khalkha_Sartuul_Mongolia_(n=7),0.040325857,-0.36573586,0.060446857,-0.030454286,-0.039084,-0.021195714,0.015141714,0.017570571,0.0024835714,0.0088254286,-0.035400714,-0.004175,0.0011892857,0.00049157143,0.0014541429,-0.0043375714,-0.0062584286,0.000018,0.0037708571,0.010701571,-0.0093228571,-0.0045222857,-0.012782714,-0.0021171429,0.00073557143
Mongol_Mongolia_(n=56),0.042582125,-0.36263471,0.062373089,-0.03060425,-0.044233446,-0.027261554,0.014491054,0.017335821,0.00030683929,0.0086888036,-0.032718339,-0.0023844821,-0.000039821429,0.0023445,0.0015802143,0.001063125,-0.0016018393,0.00042755357,0.0045251786,0.0092521786,-0.012611679,-0.0067390357,-0.013271232,-0.001157625,0.0014048571
Mongol_Oirat_Dorbet_Mongolia_(n=8),0.0482325,-0.33093563,0.063450625,-0.024548,-0.05116325,-0.0260415,0.012954875,0.01730675,0.0009715,0.007244,-0.034182625,-0.00286625,0.000278625,0.001187,0.00276525,0.0004805,-0.0014505,-0.001219375,0.002246875,0.012975125,-0.016159,-0.00774375,-0.016592375,-0.003900875,0.00155675
Korean_Jeju_Island_(n=47),0.023200553,-0.44510436,0.015630447,-0.059761872,0.036281574,0.011369234,0.0033300213,0.0023910638,-0.0069625106,0.0077508298,-0.073264787,-0.0085391915,0.010273383,-0.0049397234,-0.0089718936,-0.0028210638,0.00019140426,0.0030917234,-0.00029687234,-0.0071949362,0.018711596,-0.0071718298,0.0080373404,0.002274,-0.023677234
Korean_Seoul_(n=26),0.023202385,-0.45523069,0.016288731,-0.063593731,0.039451038,0.012764615,0.0054050769,0.0042247308,-0.0083618846,0.0072193077,-0.075198462,-0.0086865385,0.0091883846,-0.0050972692,-0.0089158077,-0.0026059231,0.0020108077,0.0010865,-0.0017210385,-0.0086147692,0.016955692,-0.0037619231,0.0077314615,0.00030588462,-0.015940423
Korean_(n=102),0.022005824,-0.45514635,0.017325333,-0.063988833,0.038891029,0.012853578,0.005036402,0.0029614608,-0.0092175784,0.0066444216,-0.074434353,-0.008535,0.010101637,-0.0055238137,-0.0092223431,-0.0025763922,0.00046788235,0.0018071765,-0.00044605882,-0.007841951,0.01619448,-0.0048212451,0.0075990588,0.0010147451,-0.017944804
Khas_Kshatriya_Chhetri_Nepal_(n=24),0.050623667,-0.13174929,-0.089825292,0.064628708,-0.046359042,0.041693208,0.001448875,0.0074292083,0.014702667,0.010148667,-0.024759667,-0.0027005833,0.0014712083,-0.003366875,0.000534125,-0.00031170833,-0.00073908333,-0.00023704167,-0.002185375,-0.0016785,-0.0008925,0.0034105833,0.002907625,0.00125125,0.0065004583
Khas_Brahmin_(Bahun)_Nepal_(n=35),0.068196216,-0.038270992,-0.10203812,0.08562271,-0.061936785,0.050527013,0.0010407429,0.0066722135,0.008221845,0.0016921869,-0.0090984238,-0.00028258468,0.0010236056,-0.0041365559,0.0032223213,0.0032086684,0.00049177367,-0.0016070961,-0.0010128071,-0.0031944268,-0.00045638818,-0.0015050052,0.0043523791,0.0024512256,0.0024393783
Madhesi_Brahmin_(n=1),0.064879,-0.051792,-0.100314,0.09367,-0.071706,0.047133,0.003525,0.001385,0.007976,0.006925,0.005034,-0.008692,0.000149,0.003578,0.007872,0.00305,0.002217,-0.000127,0.005531,0.003001,-0.001123,0.009892,0.007765,0.004097,0.005868
Tibetan_Nepal_(n=1000),0.021891601,-0.39018263,-0.005811804,-0.026826442,0.011555274,0.006878273,0.007066116,0.006972641,0.004629389,0.012183764,-0.07750703,-0.009760376,0.010216706,-0.004106123,-0.009008705,-0.004016951,0.0032429,-0.002087839,-0.008122107,0.00642232,-0.000519217,0.025605641,0.005498207,0.00097975,0.035370182
Liaoning_47Tolkien,0.022515275488764044,-0.4461939219101123,0.009228820301123595,-0.06426974169101124,0.04861053933707866,0.019995488556179775,0.004826803370224718,0.002592780891573034,-0.01177969091573034,0.004396174166292135,-0.0731587470280899,-0.008332786539325844,0.010285151683707864,-0.0060414831612359545,-0.007450146047752811,-0.000350117971741573,0.0005281797717415729,0.0006078314585393258,-0.003615561778089887,-0.009094932714044945,0.010868471838202247,0.006594606761797752,0.010463584237078653,0.00040208988988764036,0.0007063707789887642
Qinghai_47Tolkien,0.029156710593879528,-0.40193422817620605,0.009151308471284947,-0.04915619206146926,0.026203127687670875,0.014139865809581974,0.00884740722794779,0.0034302124910926897,-0.006037427502418204,0.005218302601005379,-0.06986126718511333,-0.00520555266813652,0.008133984044368728,-0.006776681007072935,-0.00550101786112532,-0.002528917431790282,-0.0023656505107681456,-0.0035543597664882266,-0.00933841453787812,-0.003920065982688068,0.00502850140780492,0.008244155836872743,0.0074400646479407355,0.0013912681160647322,0.010203517941238206
Guangxi_47Tolkien,0.012597073785503001,-0.44380989521427094,-0.03034305659185376,-0.06621260737300223,0.11244977142838955,0.052951040913382215,-0.0005731794028201836,-0.008497700686719319,-0.017779999262203208,-0.008704900140571787,-0.010910848596582758,-0.0028870573448436573,0.004217911422403654,-0.005441732564687979,-0.001689812015325509,0.002519922034505964,0.0007818392593044919,0.00033369079403587995,-0.0024679567429725714,-0.012440784123564393,0.014113568951333012,0.004857005124627939,0.016207975530760033,0.00030233045973199934,0.0006037923362906727
InnerMongolia_47Tolkien,0.0367152,-0.3906403,0.0441618,-0.0415676,-0.0135804,-0.0120709,0.0103104,0.0123723,-0.0021711,0.0076726,-0.0485167,-0.0043,0.0034611,-0.0007729,-0.0026762,0.0008771,-0.0009595,0.0005425,0.0008993,0.0043515,-0.0053335,-0.0030279,-0.0063551,-0.0000402,0.001916
Hebei_47Tolkien,0.0253255,-0.44226325,0.009428,-0.06064325,0.049009,0.02021975,0.00334875,-0.00190375,-0.01201575,0.00478375,-0.0703145,-0.00768075,0.007990750000000001,-0.006812250000000001,-0.007261,-0.00029850000000000005,0.0015317500000000001,-0.0014884999999999998,-0.0004085,-0.00916075,0.0103565,0.0019475000000000002,0.0089665,0.00156625,0.007154999999999999
