Entre_Ríos_AR,0.112343,0.116432,0.039823,0.005645,0.024508,-0.00202,-0.021774,-0.021352,0.011864,0.017709,-0.001974,0.003617,-0.006915,-0.003326,0.005201,0.000915,-0.001569,-0.000326,-0.000223,-0.000073,0.002316,-0.001053,0.000431,0.001453,0.000247
Paysandú_UY,0.092064,0.089667,0.045897,0.007487,0.020317,-0.004272,-0.040801,-0.04391,0.016338,0.022435,-0.000784,0.004514,-0.008478,-0.005184,0.005025,0.000099,-0.001424,-0.000498,-0.001561,-0.000527,0.00173,-0.001242,-0.000507,-0.000412,0.000722
Arica_y_Parinacota_CL,0.07266,-0.13776,0.087508,0.058589,-0.055475,-0.012096,-0.187267,-0.222564,-0.000818,-0.001071,-0.00014,0.00127,-0.004061,0.010404,-0.001911,0.002027,0.003208,-0.000064,0.000656,-0.000413,0.000689,0.000807,-0.001138,-0.000623,-0.000207
Tarapacá_CL,0.075333,-0.109873,0.082168,0.052305,-0.045832,-0.011021,-0.168942,-0.20016,0.001452,0.001877,0.000402,0.001598,-0.004559,0.008065,-0.00114,0.001602,0.002461,0.000002,0.000486,-0.000287,0.001069,0.000246,-0.000893,-0.000397,0.0002
Antofagasta_CL,0.079076,-0.070831,0.074694,0.043509,-0.03233,-0.009516,-0.143288,-0.168793,0.00463,0.006005,0.001161,0.002057,-0.005256,0.004789,-0.000062,0.001006,0.001417,0.000094,0.000247,-0.00011,0.001601,-0.000539,-0.00055,-0.00008,0.00077
Salta_AR,0.058837,-0.174675,0.086296,0.061411,-0.07144,-0.013597,-0.209963,-0.25072,-0.004887,-0.006701,0.006722,-0.000765,-0.000382,0.011519,-0.006012,0.002329,0.002745,0.001332,0.003094,0.00027,0.001556,0.000018,0.000079,0.001396,0.001362
Jujuy_AR,0.055661,-0.210936,0.101925,0.077319,-0.077768,-0.012078,-0.233088,-0.278545,-0.006147,-0.008659,0.006516,-0.000341,-0.001777,0.012323,-0.005381,0.001728,0.003329,0.001278,0.002965,0.000033,0.001742,-0.000547,-0.000007,0.001269,0.001395
Rio_Grande_do_Sul_BR,0.039193,0.091911,0.045425,0.014629,0.02176,0.000038,-0.032674,-0.030107,0.01036,0.0183,-0.001906,0.003985,-0.007785,-0.003503,0.005368,0.000119,-0.000927,0.000089,-0.001488,-0.000808,0.000947,0.000371,0.000323,0.000129,-0.00099
Artigas_UY,0.061098,0.043833,0.05418,0.01853,0.006422,-0.005024,-0.069396,-0.077725,0.012793,0.018499,0.000555,0.003863,-0.007339,-0.003667,0.004396,-0.000011,-0.000675,-0.000402,-0.001953,-0.000298,0.001544,-0.001364,-0.00012,-0.00043,0.000984
Salto_UY,0.088089,0.077743,0.048138,0.010251,0.016729,-0.004615,-0.048514,-0.053077,0.015733,0.021407,-0.000461,0.004311,-0.008182,-0.004747,0.00486,0.000071,-0.001282,-0.000487,-0.001652,-0.000424,0.001729,-0.00129,-0.000427,-0.000433,0.000789
Rivera_UY,0.061098,0.043833,0.05418,0.01853,0.006422,-0.005024,-0.069396,-0.077725,0.012793,0.018499,0.000555,0.003863,-0.007339,-0.003667,0.004396,-0.000011,-0.000675,-0.000402,-0.001953,-0.000298,0.001544,-0.001364,-0.00012,-0.00043,0.000984
Cerro_Largo_UY,0.068398,0.058277,0.051756,0.015228,0.01096,-0.004697,-0.060265,-0.066684,0.01409,0.019695,0.000119,0.003968,-0.00751,-0.004195,0.004734,-0.000011,-0.000945,-0.00048,-0.002042,-0.000231,0.001658,-0.001403,-0.000193,-0.000449,0.000949
Rocha_UY,0.074202,0.078611,0.048267,0.010709,0.017334,-0.004075,-0.047115,-0.050721,0.0156,0.02138,-0.000471,0.004143,-0.007733,-0.004986,0.005223,-0.000015,-0.001274,-0.000578,-0.002197,-0.00017,0.001775,-0.001448,-0.000271,-0.00046,0.000905
Treinta_y_Tres_UY,0.074202,0.078611,0.048267,0.010709,0.017334,-0.004075,-0.047115,-0.050721,0.0156,0.02138,-0.000471,0.004143,-0.007733,-0.004986,0.005223,-0.000015,-0.001274,-0.000578,-0.002197,-0.00017,0.001775,-0.001448,-0.000271,-0.00046,0.000905
Formosa_AR,0.068442,-0.061828,0.071535,0.041274,-0.030065,-0.008858,-0.137535,-0.161023,0.005256,0.006212,0.002374,0.001907,-0.00438,0.004826,-0.000568,0.001274,0.001473,0.000057,0.000314,0.000179,0.001366,0.000073,0.000056,-0.000035,0.000815
Misiones_AR,0.086548,0.014033,0.06561,0.038826,-0.002741,-0.000034,-0.081852,-0.095483,0.00567,0.0031,0.001351,0.000242,-0.001022,0.005378,-0.001026,0.000163,0.000758,0.000032,0.000598,0.000117,0.000468,-0.001727,0.00126,-0.000492,0.000888
Chaco_AR,0.073852,-0.056407,0.073535,0.045757,-0.028059,-0.006374,-0.131731,-0.154404,0.003436,0.002015,0.001919,0.000819,-0.002137,0.008017,-0.002151,0.001108,0.001796,0.000014,0.000779,0.000256,0.000517,0.000083,0.00072,-0.000631,0.000615
Corrientes_AR,0.070671,-0.026349,0.064872,0.033379,-0.017379,-0.007417,-0.113359,-0.132318,0.007817,0.009732,0.002794,0.002232,-0.005095,0.001292,0.000824,0.000569,0.000561,0.000096,-0.000093,-0.000099,0.001765,-0.001335,-0.000018,0.000302,0.001265
Paraná_BR,0.041092,0.050701,0.051193,0.020754,0.009883,-0.002018,-0.058083,-0.061107,0.009008,0.015573,-0.002221,0.00329,-0.006675,-0.000467,0.003687,0.000046,0.000065,-0.000142,-0.001832,-0.000994,0.000613,0.000633,0.000142,-0.000943,-0.001754
Santa_Catarina_BR,0.062897,0.113879,0.043109,0.010865,0.029755,0.000872,-0.018012,-0.013948,0.013106,0.019462,-0.002249,0.004275,-0.008349,-0.004937,0.006149,-0.000105,-0.001367,0.000055,-0.001466,-0.000817,0.001092,-0.000155,0.000669,0.000247,-0.000781
Catamarca_AR,0.058406,-0.172249,0.087705,0.062646,-0.068865,-0.012651,-0.207585,-0.24818,-0.004475,-0.00614,0.007444,-0.000665,-0.000845,0.010156,-0.005514,0.001822,0.002421,0.001474,0.003092,0.000115,0.001905,-0.000941,0.000102,0.00171,0.00174
Atacama_CL,0.081947,-0.0437,0.06916,0.037484,-0.022695,-0.00857,-0.125095,-0.146392,0.006958,0.008968,0.002486,0.002297,-0.005584,0.002064,0.000423,0.000503,0.000646,0.00022,0.000177,0.000014,0.001977,-0.001347,-0.000129,0.000283,0.001371
La_Rioja_AR,0.059104,-0.165348,0.084669,0.059539,-0.067681,-0.01298,-0.203092,-0.242893,-0.004301,-0.005807,0.007398,-0.000758,-0.00059,0.009964,-0.005584,0.001927,0.00232,0.001474,0.003089,0.000102,0.001851,-0.000906,0.000056,0.001729,0.001711
San_Juan_AR,0.084842,0.02544,0.053377,0.019439,-0.002957,-0.00694,-0.081304,-0.093223,0.009963,0.014071,0.001145,0.00279,-0.005827,-0.000818,0.002224,0.000454,-0.000112,-0.000256,-0.000828,-0.000071,0.001858,-0.001578,-0.000123,-0.000095,0.00113
Coquimbo_CL,0.096307,0.029405,0.058679,0.024728,0.001537,-0.004921,-0.078766,-0.089999,0.01141,0.014884,0.000554,0.003402,-0.007255,-0.001856,0.003397,0.000372,-0.000576,-0.000172,-0.000777,0.00002,0.002076,-0.001144,-0.000425,0.000119,0.000966
Mendoza_AR,0.08864,0.039803,0.050031,0.015444,0.000953,-0.006838,-0.072427,-0.082387,0.010514,0.015242,0.000707,0.002919,-0.005974,-0.001374,0.002579,0.000436,-0.00028,-0.00036,-0.001035,-0.000059,0.001875,-0.001646,-0.000146,-0.000211,0.001094
Región_Metropolitana_de_Santiago_CL,0.103909,0.068574,0.050311,0.015649,0.012954,-0.003825,-0.05361,-0.059604,0.013211,0.017441,-0.000111,0.00365,-0.007448,-0.003645,0.004339,0.000436,-0.001185,-0.000357,-0.001135,-0.000088,0.00188,-0.001042,-0.000543,0.000149,0.000724
Valparaíso_CL,0.104401,0.066122,0.053555,0.018738,0.013757,-0.003067,-0.055445,-0.061543,0.01357,0.017735,-0.000265,0.003934,-0.008037,-0.003878,0.004825,0.00035,-0.001144,-0.000387,-0.001248,-0.000007,0.002042,-0.001036,-0.000556,0.000047,0.000741
Ñuble_CL,0.096553,0.030518,0.058524,0.024547,0.001908,-0.004865,-0.078059,-0.089137,0.011475,0.01497,0.000529,0.003418,-0.007279,-0.001917,0.00344,0.000372,-0.000593,-0.000178,-0.000791,0.00002,0.002075,-0.001141,-0.000429,0.000116,0.000959
Maule_CL,0.098515,0.039419,0.057282,0.023095,0.00487,-0.004416,-0.072406,-0.082239,0.011999,0.015661,0.000331,0.003547,-0.007469,-0.002408,0.003786,0.000366,-0.000731,-0.000231,-0.000905,0.000013,0.002067,-0.001114,-0.000461,0.000099,0.000904
Libertador_General_Bernardo_O_Higgins_CL,0.099005,0.041644,0.056971,0.022732,0.005611,-0.004303,-0.070992,-0.080514,0.01213,0.015834,0.000281,0.003579,-0.007516,-0.00253,0.003873,0.000365,-0.000765,-0.000244,-0.000934,0.000011,0.002065,-0.001108,-0.000469,0.000095,0.000891
Neuquén_AR,0.07304,-0.071702,0.071835,0.041916,-0.032715,-0.008669,-0.142297,-0.167562,0.003546,0.004875,0.002167,0.00101,-0.003447,0.004748,-0.001333,0.001025,0.00161,0.000251,0.000546,0.000051,0.001452,-0.000567,-0.000055,0.000624,0.001378
Bío_Bío_CL,0.08024,-0.082033,0.076449,0.046009,-0.034509,-0.008692,-0.149283,-0.175917,0.003882,0.004951,0.001719,0.001274,-0.004247,0.004925,-0.001161,0.000883,0.001503,0.00037,0.000704,0.000179,0.001728,-0.000438,-0.000223,0.000686,0.001423
La_Araucanía_CL,0.070628,-0.202059,0.097062,0.072305,-0.07274,-0.012095,-0.224844,-0.267531,-0.004953,-0.006834,0.003498,-0.001307,-0.000475,0.012095,-0.006528,0.001817,0.004114,0.000813,0.002365,0.000189,0.000724,0.000653,0.000046,0.001466,0.001724
Los_Ríos_CL,0.080578,-0.105355,0.083723,0.055354,-0.042967,-0.008567,-0.160462,-0.192186,-0.000779,0.000063,-0.000265,0.001133,-0.003388,0.008554,-0.00144,0.001692,0.001526,0.000885,0.000499,0.000433,0.001112,0.000276,-0.001837,-0.000473,-0.000727
Chubut_AR,0.082204,-0.022102,0.066324,0.03753,-0.016254,-0.004778,-0.109194,-0.127758,0.005287,0.006652,0.001275,0.002083,-0.005306,0.001382,0.002548,0.001434,-0.000355,0.00051,0.00063,0.000266,0.002045,-0.000215,0.000002,0.001989,0.001292
Los_Lagos_CL,0.079483,-0.116258,0.08567,0.057579,-0.046575,-0.008998,-0.16717,-0.200516,-0.001622,-0.000913,-0.000405,0.000967,-0.003065,0.009389,-0.00183,0.001817,0.001691,0.000951,0.000535,0.00045,0.000971,0.000394,-0.002004,-0.00061,-0.000926
Río_Negro_AR,0.075312,-0.04879,0.067038,0.036303,-0.025999,-0.008362,-0.127894,-0.150043,0.004875,0.006901,0.002028,0.001397,-0.003919,0.003471,-0.000538,0.000908,0.001211,0.000132,0.000227,0.000013,0.00154,-0.000846,-0.000051,0.000437,0.001324
Aisén_del_General_Carlos_Ibáñez_del_Campo_CL,0.082361,-0.057598,0.072522,0.040709,-0.027337,-0.008838,-0.133162,-0.15695,0.005486,0.007613,0.000963,0.00211,-0.005039,0.003872,0.00015,0.000898,0.000758,0.000348,-0.000077,0.000118,0.001549,-0.000801,-0.000939,-0.000346,0.000438
Santa_Cruz_AR,0.078014,-0.007326,0.059603,0.027273,-0.012969,-0.007613,-0.101733,-0.118217,0.008009,0.011031,0.002083,0.002365,-0.005246,0.000721,0.00123,0.000565,0.000317,-0.000031,-0.000343,-0.000077,0.001823,-0.001477,-0.000052,0.000102,0.001233
Magallanes_y_Antártica_Chilena_CL,0.097272,0.012442,0.063795,0.034163,-0.00411,-0.002156,-0.085111,-0.099347,0.006239,0.006215,0.000377,0.001105,-0.003357,0.004285,-0.001233,-0.000153,0.001062,-0.000034,0.001076,-0.000097,0.000461,-0.001173,0.000758,0.000204,0.00081
Tierra_del_Fuego_AR,0.079877,-0.00485,0.060823,0.029366,-0.011579,-0.00637,-0.099011,-0.115281,0.007473,0.009595,0.001947,0.002015,-0.004665,0.00168,0.000514,0.000378,0.000542,-0.000013,0.000041,-0.000112,0.001464,-0.001469,0.000196,0.000132,0.001144
Buenos_Aires_AR,0.109023,0.116564,0.034041,-0.003737,0.023072,-0.005297,-0.023945,-0.023507,0.013876,0.020917,-0.001482,0.003546,-0.006764,-0.00441,0.00452,0.000146,-0.001513,-0.000835,-0.00201,-0.000147,0.001811,-0.001812,-0.000272,-0.000577,0.000785
Maldonado_UY,0.097737,0.106536,0.04271,0.003566,0.02538,-0.003787,-0.029889,-0.030959,0.017171,0.023893,-0.00124,0.00481,-0.008911,-0.0058,0.005249,0.000142,-0.001621,-0.00051,-0.001418,-0.000685,0.001727,-0.001168,-0.000624,-0.000379,0.000624
Canelones_UY,0.079436,0.108187,0.042011,0.00369,0.025761,-0.003056,-0.027557,-0.027976,0.015809,0.024053,-0.001172,0.004988,-0.008941,-0.006057,0.005286,0.000144,-0.001399,-0.000449,-0.001469,-0.000893,0.001514,-0.001091,-0.000539,-0.000301,0.000622
Montevideo_UY,0.080167,0.110283,0.039735,0.001623,0.025349,-0.003488,-0.025825,-0.026184,0.01528,0.023749,-0.001083,0.004834,-0.008633,-0.005797,0.004819,0.000095,-0.001413,-0.000437,-0.001297,-0.001104,0.001264,-0.001114,-0.000482,-0.000165,0.000569
San_José_UY,0.097781,0.107691,0.042609,0.003366,0.025817,-0.003742,-0.029143,-0.029955,0.017397,0.023968,-0.001285,0.004769,-0.008841,-0.005859,0.005338,0.000126,-0.001665,-0.000539,-0.001518,-0.000612,0.001767,-0.001208,-0.000611,-0.000394,0.000642
Colonia_UY,0.110141,0.128897,0.038289,0.002712,0.031494,-0.000929,-0.012694,-0.011591,0.014612,0.021089,-0.001241,0.004614,-0.010053,-0.007418,0.006347,0.000675,-0.00119,-0.000254,0.000222,-0.000562,0.001951,0.00035,-0.000686,0.001462,-0.000226
Soriano_UY,0.093849,0.096922,0.04475,0.005931,0.022666,-0.004039,-0.03611,-0.038118,0.017017,0.023016,-0.001006,0.004526,-0.008476,-0.00548,0.005261,0.000082,-0.001567,-0.000557,-0.001707,-0.000436,0.001805,-0.001295,-0.000518,-0.00043,0.000727
Río_Negro_UY,0.092689,0.092855,0.045448,0.006835,0.021391,-0.004164,-0.03874,-0.04131,0.016715,0.022679,-0.000888,0.004491,-0.008431,-0.005322,0.005163,0.000083,-0.001501,-0.000537,-0.001676,-0.000448,0.001782,-0.001286,-0.000502,-0.000428,0.000736
Falkland_Islands_FK,0.129499,0.129721,0.061013,0.044024,0.037255,0.015696,-0.001052,0.000278,0.005,0.004674,-0.00546,0.005247,-0.012739,-0.011042,0.020302,0.005899,-0.007076,0.002492,0.00263,0.00292,0.004888,0.002789,-0.001237,0.012786,-0.000085
Tacuarembó_UY,0.068398,0.058277,0.051756,0.015228,0.01096,-0.004697,-0.060265,-0.066684,0.01409,0.019695,0.000119,0.003968,-0.00751,-0.004195,0.004734,-0.000011,-0.000945,-0.00048,-0.002042,-0.000231,0.001658,-0.001403,-0.000193,-0.000449,0.000949
Durazno_UY,0.092152,0.091977,0.045697,0.007087,0.02119,-0.00418,-0.039309,-0.041903,0.01679,0.022586,-0.000873,0.004433,-0.008339,-0.005301,0.005203,0.000068,-0.001513,-0.000556,-0.00176,-0.000381,0.00181,-0.001321,-0.000481,-0.000441,0.000759
Flores_UY,0.093313,0.096044,0.044999,0.006184,0.022465,-0.004056,-0.036679,-0.03871,0.017092,0.022923,-0.000991,0.004468,-0.008384,-0.005459,0.0053,0.000067,-0.001578,-0.000576,-0.001791,-0.000369,0.001834,-0.00133,-0.000497,-0.000444,0.00075
Florida_UY,0.093849,0.096922,0.04475,0.005931,0.022666,-0.004039,-0.03611,-0.038118,0.017017,0.023016,-0.001006,0.004526,-0.008476,-0.00548,0.005261,0.000082,-0.001567,-0.000557,-0.001707,-0.000436,0.001805,-0.001295,-0.000518,-0.00043,0.000727
Lavalleja_UY,0.093849,0.096922,0.04475,0.005931,0.022666,-0.004039,-0.03611,-0.038118,0.017017,0.023016,-0.001006,0.004526,-0.008476,-0.00548,0.005261,0.000082,-0.001567,-0.000557,-0.001707,-0.000436,0.001805,-0.001295,-0.000518,-0.00043,0.000727
Santa_Fe_AR,0.110136,0.116531,0.035216,-0.001295,0.022953,-0.004444,-0.023575,-0.023138,0.012878,0.019674,-0.00163,0.003477,-0.006587,-0.003947,0.004736,0.000558,-0.001389,-0.0007,-0.001508,0.000017,0.002074,-0.001586,-0.000066,-0.000062,0.000652
Tucumán_AR,0.062229,-0.147794,0.080563,0.054753,-0.062663,-0.012789,-0.192002,-0.229372,-0.003454,-0.004319,0.006898,-0.000582,-0.000778,0.009188,-0.005102,0.00189,0.002114,0.001339,0.002804,0.000094,0.001835,-0.000972,0.000035,0.001581,0.001662
Santiago_del_Estero_AR,0.057359,-0.182602,0.092259,0.067306,-0.070641,-0.012158,-0.214324,-0.256112,-0.004738,-0.006639,0.007513,-0.000526,-0.001228,0.010445,-0.00541,0.001665,0.002574,0.001473,0.003097,0.000136,0.001986,-0.000995,0.000172,0.001682,0.001782
San_Luis_AR,0.080095,0.00749,0.057237,0.024171,-0.008072,-0.007144,-0.092406,-0.106792,0.009122,0.012506,0.001709,0.002592,-0.005568,-0.000068,0.001734,0.000496,0.000114,-0.000129,-0.000566,-0.000086,0.001828,-0.001504,-0.000085,0.00004,0.001177
La_Pampa_AR,0.108515,0.110658,0.038168,0.000322,0.022941,-0.004528,-0.028009,-0.02826,0.014258,0.021061,-0.001497,0.003852,-0.007427,-0.00467,0.005008,0.000123,-0.001538,-0.000778,-0.002035,-0.000058,0.002052,-0.001707,-0.00037,-0.000686,0.000816
Córdoba_AR,0.10946,0.113905,0.036627,0.000135,0.022781,-0.004235,-0.025128,-0.025011,0.013108,0.019613,-0.001575,0.003518,-0.006704,-0.003959,0.004779,0.000525,-0.001402,-0.000668,-0.001468,0.000022,0.002094,-0.001534,-0.000083,-0.000008,0.000648
South_Georgia_and_the_South_Sandwich_Islands_GS,0.129499,0.129721,0.061013,0.044024,0.037255,0.015696,-0.001052,0.000278,0.005,0.004674,-0.00546,0.005247,-0.012739,-0.011042,0.020302,0.005899,-0.007076,0.002492,0.00263,0.00292,0.004888,0.002789,-0.001237,0.012786,-0.000085
