Altai-Kizhi_(n=36),0.055551917,-0.29492681,0.072239528,-0.0051859444,-0.061908917,-0.02480575,0.011731,0.015101917,0.000073805556,0.00025308333,-0.014001556,-0.0013279444,-0.00059466667,-0.015107861,0.00094622222,0.0024528611,-0.0010358611,-0.00040469444,0.010604028,0.016042389,-0.028311167,0.00019927778,-0.011270222,-0.0041437222,-0.0021588056
Evenk_(n=19),0.041156105,-0.42577395,0.13209142,-0.01887,-0.13876274,-0.083960789,0.029524632,0.040723,0.026125263,0.020938,0.060459789,0.0092128421,-0.014521895,0.011531263,-0.0013286316,-0.00014652632,0.0036438421,0.0062411579,0.011524474,-0.0021852632,0.030019421,-0.013406579,0.012694474,0.0051242105,0.011168105
Chukchi_(n=29),0.044469483,-0.37861734,0.12370866,0.02944869,-0.12342886,-0.051440966,-0.061759379,-0.067620621,0.010205069,-0.0089860345,0.03712531,-0.00090431034,0.0071562414,-0.026338069,-0.032441897,-0.017771552,-0.0024998966,0.015158862,0.037900207,0.020415,0.037528552,-0.056786552,0.012783724,0.022229897,0.039414172
Buryat_Irkutsk_(n=11),0.044597909,-0.35728182,0.075561273,-0.025781273,-0.066529818,-0.038766,0.018929182,0.023810091,0.0058754545,0.012243,-0.025539182,0.0021662727,-0.0005,0.0075818182,0.0058729091,0.0014223636,0.0011379091,0.0013590909,0.005005,0.018065545,-0.020112182,-0.011533364,-0.024851364,-0.0013143636,-0.00065318182
Nanai_(n=10),0.0300493,-0.4469345,0.086436,-0.041344,-0.0663202,-0.0483039,0.0179079,0.0224067,0.0126191,0.0194447,-0.0225721,0.0003295,-0.000996,0.0025735,-0.0077226,-0.0076901,-0.0018775,0.0085894,0.0171956,0.0167955,0.0087969,-0.0303075,-0.0142721,0.0045426,0.0021674
Shor_Khakassia_(n=6),0.070380667,-0.22290883,0.077309833,0.027885667,-0.066217167,-0.0167335,0.0021541667,0.0045381667,-0.0065788333,-0.016461833,0.00027066667,0.000225,0.0025025,-0.0366075,0.0067633333,-0.000442,-0.015711333,0.003885,0.013386833,0.015299,-0.04282,0.0098096667,-0.00090366667,-0.0051611667,-0.0096198333
Buryat_(n=27),0.043590074,-0.36735841,0.077910296,-0.026557778,-0.067442593,-0.039230593,0.018235222,0.025605778,0.0070143333,0.012803778,-0.022307296,0.001543037,-0.0022464074,0.0054743333,0.0042224074,0.0038401852,0.00028485185,-0.0019988519,0.0059357407,0.016651444,-0.021258741,-0.010235704,-0.024206815,-0.0021644074,-0.00046118519
Yakut_(n=29),0.04592169,-0.37795207,0.10590593,-0.021451655,-0.10597207,-0.064058345,0.029133,0.037303552,0.021291759,0.022835966,0.027578069,0.010361448,-0.022181138,0.063885414,0.03422969,0.021945793,0.0059617241,-0.014495,-0.036695172,-0.028125517,-0.0013337931,0.032026069,0.0049384483,-0.0012466207,-0.01336231
Nivkh_(n=10),0.0278866,-0.441349,0.0710874,-0.037468,-0.0568722,-0.0374828,0.0033841,0.0052151,0.0098171,0.0186609,-0.033663,0.0002398,0.0011446,0.0020231,-0.0142914,-0.0091884,0.0012778,0.0106926,0.0247626,0.0150447,0.0190041,-0.0461966,-0.018364,0.008965,-0.0134717
Mansi_(n=12),0.0865055,-0.17128592,0.111722,0.062069833,-0.0760655,-0.020754167,0.0092828333,0.014941667,0.00028958333,-0.034032417,0.05107125,-0.0049081667,0.019462167,-0.074006667,-0.024916083,-0.012706417,-0.00024983333,-0.000021083333,-0.0051116667,-0.013235417,-0.0019653333,0.023947333,0.016895333,-0.0030325,-0.0063965
Selkup_Taz_(n=88),0.071747375,-0.25413623,0.12463835,0.046214693,-0.10848519,-0.03975783,0.011611614,0.016800886,0.0060590909,-0.022617977,0.063798364,-0.0012176932,0.014301807,-0.077461205,-0.019060977,-0.012689432,-0.0075370682,0.003553,0.01412533,0.00052581818,-0.013128761,0.032042943,0.044489636,-0.014462489,-0.011378875
Buryat_Aginsky_(n=11),0.042425,-0.37029882,0.079606818,-0.026515364,-0.069775364,-0.038106545,0.019719636,0.026180636,0.0092220909,0.012872545,-0.017892182,0.0020163636,-0.0053381818,0.0079822727,0.0057742727,0.0016151818,-0.0038049091,0.0016008182,0.0077132727,0.014063455,-0.017196909,-0.013950273,-0.018240636,0.0013584545,0.00016336364
Bashkir_47Tolkien,0.09622427661538463,-0.07080584475384614,0.06529992316923078,0.03661826163076923,-0.02784887693846154,0.00008581540461538467,0.009436523112307693,0.012003015476923076,-0.007070307704615385,-0.02096843090769231,0.005893430764615384,-0.005093199996923076,0.0113302462,-0.01719861538461539,-0.007733953844615385,-0.0036615076984615386,-0.0012335999984615382,-0.0015202769292307695,-0.0044420307646153845,-0.0027148153830769232,-0.005757215383076924,0.0015503846119999999,-0.0039837846061538465,0.0011233538461538459,-0.0014056615424615385
KoryakItelmen_47Tolkien,0.043252773967741937,-0.38685132483870965,0.11837944903225807,0.019275806677419353,-0.11616057967741934,-0.05145980677419355,-0.03027077393548387,-0.02945538716129032,0.008787806487096773,-0.002951129058064516,0.035416419,0.0005317096809677419,0.0032754193258064516,-0.02333370987096774,-0.029206096838709675,-0.01713406448387097,-0.001417451609032258,0.01796519364516129,0.03955432267741935,0.02147803241935484,0.03670945158064516,-0.06125196751612903,0.01160529,0.022354451322580644,0.032050386806451614
KhantyMansi_47Tolkien,0.0841548693478261,-0.18429641173913047,0.11308693739130435,0.06115934773913044,-0.08420300013043479,-0.02254165195652174,0.009236891317391305,0.014467630869565219,0.000409021737826087,-0.03420889104347826,0.05423423895652174,-0.005000956543478261,0.02120030465217391,-0.07536941286956521,-0.024568347999999997,-0.012538347608695653,-0.0041382608991304345,0.0017103478435652178,-0.0021423260739130436,-0.01200571756521739,-0.004060782569565217,0.0245423477826087,0.018546043347826086,-0.0031197825826086954,-0.009093087304347826
KetDolganEvenk_47Tolkien,0.06208912173170732,-0.3104547424390244,0.12473951280487804,0.02555245132317073,-0.11689234012195121,-0.051798841195121945,0.01631878064634146,0.023635988097560977,0.013049597443902439,-0.007436085500000003,0.06289780467073171,0.000913804882926829,0.0055819877500000005,-0.05259206150000001,-0.011738158730487804,-0.007522012299756097,-0.004002182914634147,0.004851243884146341,0.0124732193902439,0.0013024268060975613,-0.009058694975609754,0.03220548760365854,0.049392231743902434,-0.020143927036585366,-0.012483183176829268
SiberianTatar_47Tolkien,0.08203399996428572,-0.1449305367857143,0.06948450003571428,0.029196892928571434,-0.04639328575,-0.01040860715,0.00913175007142857,0.0112741786,-0.006143000003571428,-0.018444821357142854,0.006663749993214285,-0.003687785710714286,0.011441535749999999,-0.024742714321428574,-0.007406428564285715,-0.002244535714285714,-0.002165249995714286,-0.0005474999999642855,-0.0010638928571428572,-0.00011610714285714287,-0.006715785639285714,0.0055819642857142865,-0.0011928571321428575,-0.0006411785821428572,-0.0018476428560714286
BashkirTatar_47Tolkien,0.10223930213846154,-0.03891261461461538,0.06554520774307693,0.044906243896923076,-0.020623282316153846,0.004962548472538461,0.010353837711769232,0.01298175851230769,-0.008015619237538463,-0.023722686999230767,0.008413686920538462,-0.0050278599983076926,0.011419685409999998,-0.015202138461538466,-0.005786374614538461,-0.003348979234153846,-0.002890679999153846,-0.0011939023110769233,-0.003888066920538461,-0.0031347484606923082,-0.004851268460692309,0.0025087115366,-0.0019998315333846156,0.00012419461538461517,-0.0014665638483538463
Khakass_47Tolkien,0.06242757707692307,-0.2645454607692308,0.07804950003846155,0.009739692269230769,-0.0630413076923077,-0.022879807730769232,0.008243499992307692,0.010863423065384615,-0.00011807692307692303,-0.008649230734615385,-0.005464999999999999,-0.003614038457692308,0.0030246538542307694,-0.01947880769230769,0.004953884615384615,0.0008108461534615384,-0.006609499965384616,-0.0007309615226923078,0.00584496151923077,0.011159230765384612,-0.028699346192307688,0.007262307673076923,-0.005100461538461538,-0.002497884603846154,-0.005144499996153846
Nenets_47Tolkien,0.067179333375,-0.28699283375,0.1312537075,0.03629712475,-0.12259339624999999,-0.054900812875,0.017332146,0.026393166750000002,0.013187604249999998,-0.014434603999999998,0.07776033325000001,0.00201383335,0.011564583500000001,-0.065109854375,-0.02265681275,-0.012899875375,-0.0034117083125000005,0.00640033335,0.0096289375125,-0.0094784583375,0.0077468125124999995,0.02004204175,0.034316854125,-0.005841499975,-0.003657291675
Even_(n=8),0.04140325,-0.42931513,0.13524487,-0.01687675,-0.13833338,-0.080948,0.026761625,0.036431125,0.02876125,0.025672375,0.0580945,0.010434375,-0.013509625,0.01099275,-0.011112125,-0.01155175,-0.002037375,0.0142365,0.029539125,0.010661625,0.048976125,-0.045396,0.007333125,0.01325475,0.01829175
