Sind_PK,0.0652294,0.00835877,-0.115921,0.0619415,-0.074499,0.0424988,0.00148231,0.00346138,-0.00454685,-0.004612,-0.00554623,-0.000979923,0.000491615,-0.00528262,0.00946923,0.0191949,0.00171492,0.00178331,0.00379985,-0.0120348,0.000575769,-0.00773315,-0.000758385,-0.006998,0.00673354
Gujarat_IN,0.0557734,-0.0507954,-0.151536,0.107511,-0.0799717,0.0629511,-0.000858738,0.0116717,0.0312176,0.0169735,-0.00646213,0.000711505,-0.00194649,-0.000104215,0.00123291,0.000291206,-0.00116128,0.0000970748,0.0000529065,-0.00559384,0.00231832,-0.00394416,0.00194548,0.00103487,-0.00370435
Gilgit_Baltistan_PK,0.0755274,-0.030197,-0.0670802,0.055656,-0.0587393,0.0337885,0.00413458,0.00137345,-0.0151366,-0.0139526,-0.0138655,-0.00147171,0.000403442,-0.011953,0.0108565,0.00991954,-0.00146498,-0.000617488,-0.000461358,-0.00633359,-0.00481718,-0.000127457,0.00266871,0.000187834,0.00407563
Azad_Kashmir_PK,0.0678467,-0.0114005,-0.112526,0.0748706,-0.0732958,0.0466744,0.00174012,0.00442287,0.00093981,-0.003239,-0.00615911,-0.000492429,-0.000100762,-0.00708257,0.0071091,0.00917556,-0.000125714,-0.00013425,0.00092631,-0.00612346,-0.000435202,-0.00580436,0.00046519,-0.00341113,0.00217545
Punjab_PK,0.0723861,0.0107116,-0.104831,0.0673609,-0.0706065,0.0426505,0.00186324,0.0028955,-0.00457264,-0.00650417,-0.00505726,-0.000256952,-0.000414167,-0.00700564,0.0102631,0.0135464,-0.000164595,0.000479595,0.0020411,-0.00941821,-0.000647667,-0.0077725,0.000220071,-0.00512674,0.00362945
Arunachal_Pradesh_IN,0.0117481,-0.412387,-0.0264961,-0.0331421,0.0534577,0.0243034,0.0034369,0.00167301,0.00210371,0.00945512,-0.0455065,-0.00464985,0.00516995,-0.000976911,-0.00985548,-0.0049449,0.00596859,-0.0027442,-0.00837463,0.0110734,-0.00442632,0.0317147,0.00492437,0.00396776,0.047454
Assam_IN,0.0360645,-0.177593,-0.121166,0.0725787,-0.031969,0.0537763,-0.000741064,0.00892615,0.0328172,0.0216204,-0.0125377,-0.000191161,0.00066982,0.00052644,-0.0067416,-0.00595332,0.00474511,-0.00161667,-0.00347618,0.00586864,-0.000209104,0.00935257,0.0022011,0.00399219,0.0106065
Sikkim_IN,0.0218916,-0.390183,-0.0058118,-0.0268264,0.0115553,0.00687827,0.00706612,0.00697264,0.00462939,0.0121838,-0.077507,-0.00976038,0.0102167,-0.00410612,-0.00900871,-0.00401695,0.0032429,-0.00208784,-0.00812211,0.00642232,-0.000519217,0.0256056,0.00549821,0.00097975,0.0353702
West_Bengal_IN,0.0460993,-0.0705685,-0.137352,0.10554,-0.0613041,0.0539923,0.000449059,0.00979349,0.0346609,0.0205796,-0.00266887,0.000824131,-0.00214386,0.0010677,-0.0048227,-0.00516896,0.00217858,0.000254439,-0.00116254,0.00524633,0.002066,0.0029899,-0.00140044,0.00276946,-0.00185387
Chittagong_BD,0.0370948,-0.170544,-0.122897,0.0744661,-0.0341001,0.0547644,-0.000776118,0.00856568,0.0340894,0.0213869,-0.0114521,-0.000242791,0.000689464,0.00100715,-0.00602495,-0.00612644,0.00422153,-0.00114876,-0.00307353,0.00553881,0.0000798466,0.00839062,0.00207823,0.00365748,0.0094691
Uttarakhand_IN,0.0604525,-0.0299523,-0.11574,0.0871375,-0.0661103,0.0451357,0.00122697,0.00625746,0.00512696,0.000167826,-0.00377406,0.000326162,-0.00230526,-0.00313514,0.00402477,0.0000465347,-0.0054889,0.00162325,-0.000189062,-0.00143654,0.000100887,0.000532569,-0.000575371,-0.000467673,0.000512906
Uttar_Pradesh_IN,0.050934,-0.052273,-0.128621,0.0954833,-0.0638481,0.0470979,0.000459424,0.00798025,0.0197741,0.0104559,-0.00303556,0.000659794,-0.00227022,0.0000201865,-0.00108839,-0.00349426,-0.00210409,0.00142789,-0.000538921,0.00319297,0.00173538,0.00293953,-0.00197161,0.000734253,-0.000640864
Bihar_IN,0.0436121,-0.0694427,-0.138529,0.101903,-0.0621079,0.0486073,-0.000130994,0.00930547,0.0310411,0.0183697,-0.00246749,0.000916435,-0.00224327,0.00244736,-0.00502159,-0.00621796,0.000499607,0.00127761,-0.000808043,0.00675413,0.00299268,0.00479104,-0.00304564,0.00165881,-0.00152838
Nagaland_IN,0.0168702,-0.432615,-0.00371732,-0.0451854,0.0412713,0.0153788,0.00549736,0.00346136,0.000189964,0.011546,-0.072692,-0.0100678,0.0111814,-0.00264436,-0.012908,-0.00219257,0.00484282,-0.00280075,-0.00739371,0.00604757,0.00126121,0.0293013,0.00786582,0.00278004,0.0431484
Manipur_IN,0.0168702,-0.432615,-0.00371732,-0.0451854,0.0412713,0.0153788,0.00549736,0.00346136,0.000189964,0.011546,-0.072692,-0.0100678,0.0111814,-0.00264436,-0.012908,-0.00219257,0.00484282,-0.00280075,-0.00739371,0.00604757,0.00126121,0.0293013,0.00786582,0.00278004,0.0431484
Mizoram_IN,0.0117481,-0.412387,-0.0264961,-0.0331421,0.0534577,0.0243034,0.0034369,0.00167301,0.00210371,0.00945512,-0.0455065,-0.00464985,0.00516995,-0.000976911,-0.00985548,-0.0049449,0.00596859,-0.0027442,-0.00837463,0.0110734,-0.00442632,0.0317147,0.00492437,0.00396776,0.047454
Tripura_IN,0.0421436,-0.118895,-0.144834,0.0990089,-0.0533257,0.0611445,-0.00178556,0.0107394,0.0404956,0.0246617,-0.00429549,0.000923511,-0.000455211,0.000902278,-0.00596313,-0.00620542,0.00443924,-0.00133479,-0.00225157,0.00456747,0.0008452,0.00376204,0.00152028,0.0039983,0.00139467
Sylhet_BD,0.0447869,-0.112503,-0.13619,0.0939509,-0.0521568,0.0597673,-0.000255435,0.00919026,0.0343511,0.0209413,-0.0038833,0.000273652,-0.000730391,0.000580348,-0.00149287,-0.00403543,0.000436478,-0.000677522,-0.000781609,0.00216952,-0.0000541304,0.00416657,0.00115209,0.00390813,0.00242091
Meghalaya_IN,0.0117481,-0.412387,-0.0264961,-0.0331421,0.0534577,0.0243034,0.0034369,0.00167301,0.00210371,0.00945512,-0.0455065,-0.00464985,0.00516995,-0.000976911,-0.00985548,-0.0049449,0.00596859,-0.0027442,-0.00837463,0.0110734,-0.00442632,0.0317147,0.00492437,0.00396776,0.047454
Rangpur_BD,0.0352786,-0.138151,-0.151736,0.102547,-0.0461635,0.0625223,-0.00251209,0.0109287,0.0485132,0.0300288,0.000110402,0.00143986,-0.00144352,0.00339162,-0.00939115,-0.00956154,0.00623185,-0.00126998,-0.00250463,0.0087498,0.00109317,0.00621423,-0.0000913536,0.00518891,0.00128059
Rajshahi_BD,0.0381731,-0.13055,-0.148525,0.100713,-0.0485999,0.0619199,-0.00220446,0.0107723,0.0448056,0.0276107,-0.00143309,0.00120936,-0.00107719,0.00232011,-0.00776841,-0.00825,0.0054183,-0.00133612,-0.00242107,0.00713821,0.00101734,0.00526698,0.000578392,0.00458935,0.00130809
Khulna_BD,0.0421436,-0.118895,-0.144834,0.0990089,-0.0533257,0.0611445,-0.00178556,0.0107394,0.0404956,0.0246617,-0.00429549,0.000923511,-0.000455211,0.000902278,-0.00596313,-0.00620542,0.00443924,-0.00133479,-0.00225157,0.00456747,0.0008452,0.00376204,0.00152028,0.0039983,0.00139467
Baluchistan_PK,0.0684203,0.051589,-0.1022,0.031008,-0.0733197,0.0297297,0.00575491,0.00175893,-0.0225113,-0.0204793,-0.00308902,-0.00325038,0.00516349,-0.00982618,0.0165217,0.0306135,-0.00993527,0.00406533,0.0061508,-0.027038,0.0000249333,-0.0166052,-0.0003286,-0.0182703,0.0143512
Punjab_IN,0.0727499,0.000756298,-0.10378,0.0807225,-0.070121,0.0477081,0.00163502,0.00439915,-0.000844277,-0.00541668,-0.00576304,-0.000172191,-0.000347936,-0.00708036,0.0103725,0.0084886,-0.00394481,0.00108353,0.000772915,-0.0103881,-0.00229647,-0.00546962,0.000857468,-0.000717851,0.000428
Rajasthan_IN,0.0531306,-0.0471221,-0.125648,0.0935573,-0.0643701,0.0466451,0.00063655,0.00758268,0.016394,0.0080817,-0.00320599,0.000582802,-0.00227831,-0.000707965,0.0000915688,-0.00267716,-0.0028852,0.00147297,-0.000458184,0.00212462,0.00135819,0.00238408,-0.0016494,0.000456886,-0.000374609
Himachal_Pradesh_IN,0.0619169,-0.0265184,-0.113758,0.0858536,-0.0664583,0.0448338,0.00134505,0.00599241,0.00287355,-0.00141495,-0.00388768,0.000274834,-0.00231066,-0.00362057,0.00481141,0.000591273,-0.00600964,0.0016533,-0.000135237,-0.00214877,-0.000150574,0.000162267,-0.000360565,-0.000652585,0.00069041
Trikuṇāmalaya_LK,0.0375841,-0.0871747,-0.172998,0.112738,-0.0756058,0.0611737,-0.00260363,0.0132675,0.0477836,0.0303811,-0.00336833,0.000296802,-0.00129814,0.00498305,-0.00674976,-0.00546114,0.00306334,0.0000514059,-0.0000311386,0.00252965,0.00423265,0.0000391881,-0.00088101,0.000227851,-0.00449818
Mulativ_LK,0.0375841,-0.0871747,-0.172998,0.112738,-0.0756058,0.0611737,-0.00260363,0.0132675,0.0477836,0.0303811,-0.00336833,0.000296802,-0.00129814,0.00498305,-0.00674976,-0.00546114,0.00306334,0.0000514059,-0.0000311386,0.00252965,0.00423265,0.0000391881,-0.00088101,0.000227851,-0.00449818
Yāpanaya_LK,0.0375841,-0.0871747,-0.172998,0.112738,-0.0756058,0.0611737,-0.00260363,0.0132675,0.0477836,0.0303811,-0.00336833,0.000296802,-0.00129814,0.00498305,-0.00674976,-0.00546114,0.00306334,0.0000514059,-0.0000311386,0.00252965,0.00423265,0.0000391881,-0.00088101,0.000227851,-0.00449818
Kilinŏchchi_LK,0.0375841,-0.0871747,-0.172998,0.112738,-0.0756058,0.0611737,-0.00260363,0.0132675,0.0477836,0.0303811,-0.00336833,0.000296802,-0.00129814,0.00498305,-0.00674976,-0.00546114,0.00306334,0.0000514059,-0.0000311386,0.00252965,0.00423265,0.0000391881,-0.00088101,0.000227851,-0.00449818
Mannārama_LK,0.0375841,-0.0871747,-0.172998,0.112738,-0.0756058,0.0611737,-0.00260363,0.0132675,0.0477836,0.0303811,-0.00336833,0.000296802,-0.00129814,0.00498305,-0.00674976,-0.00546114,0.00306334,0.0000514059,-0.0000311386,0.00252965,0.00423265,0.0000391881,-0.00088101,0.000227851,-0.00449818
Puttalama_LK,0.0357158,-0.0895587,-0.172151,0.112187,-0.0740761,0.061484,-0.00120041,0.0120805,0.0485606,0.0303645,-0.00347605,0.000530622,-0.0012053,0.0052073,-0.00803678,-0.008192,0.000250189,0.000760135,0.000329649,0.00240314,0.00298127,0.000601568,0.000020027,0.000683892,-0.00384168
Gampaha_LK,0.0357158,-0.0895587,-0.172151,0.112187,-0.0740761,0.061484,-0.00120041,0.0120805,0.0485606,0.0303645,-0.00347605,0.000530622,-0.0012053,0.0052073,-0.00803678,-0.008192,0.000250189,0.000760135,0.000329649,0.00240314,0.00298127,0.000601568,0.000020027,0.000683892,-0.00384168
Kŏḷamba_LK,0.0357158,-0.0895587,-0.172151,0.112187,-0.0740761,0.061484,-0.00120041,0.0120805,0.0485606,0.0303645,-0.00347605,0.000530622,-0.0012053,0.0052073,-0.00803678,-0.008192,0.000250189,0.000760135,0.000329649,0.00240314,0.00298127,0.000601568,0.000020027,0.000683892,-0.00384168
Kaḷutara_LK,0.0357158,-0.0895587,-0.172151,0.112187,-0.0740761,0.061484,-0.00120041,0.0120805,0.0485606,0.0303645,-0.00347605,0.000530622,-0.0012053,0.0052073,-0.00803678,-0.008192,0.000250189,0.000760135,0.000329649,0.00240314,0.00298127,0.000601568,0.000020027,0.000683892,-0.00384168
Gālla_LK,0.0357158,-0.0895587,-0.172151,0.112187,-0.0740761,0.061484,-0.00120041,0.0120805,0.0485606,0.0303645,-0.00347605,0.000530622,-0.0012053,0.0052073,-0.00803678,-0.008192,0.000250189,0.000760135,0.000329649,0.00240314,0.00298127,0.000601568,0.000020027,0.000683892,-0.00384168
Mātara_LK,0.0357158,-0.0895587,-0.172151,0.112187,-0.0740761,0.061484,-0.00120041,0.0120805,0.0485606,0.0303645,-0.00347605,0.000530622,-0.0012053,0.0052073,-0.00803678,-0.008192,0.000250189,0.000760135,0.000329649,0.00240314,0.00298127,0.000601568,0.000020027,0.000683892,-0.00384168
Hambantŏṭa_LK,0.0357158,-0.0895587,-0.172151,0.112187,-0.0740761,0.061484,-0.00120041,0.0120805,0.0485606,0.0303645,-0.00347605,0.000530622,-0.0012053,0.0052073,-0.00803678,-0.008192,0.000250189,0.000760135,0.000329649,0.00240314,0.00298127,0.000601568,0.000020027,0.000683892,-0.00384168
Ampāra_LK,0.0375841,-0.0871747,-0.172998,0.112738,-0.0756058,0.0611737,-0.00260363,0.0132675,0.0477836,0.0303811,-0.00336833,0.000296802,-0.00129814,0.00498305,-0.00674976,-0.00546114,0.00306334,0.0000514059,-0.0000311386,0.00252965,0.00423265,0.0000391881,-0.00088101,0.000227851,-0.00449818
Maḍakalapuva_LK,0.0375841,-0.0871747,-0.172998,0.112738,-0.0756058,0.0611737,-0.00260363,0.0132675,0.0477836,0.0303811,-0.00336833,0.000296802,-0.00129814,0.00498305,-0.00674976,-0.00546114,0.00306334,0.0000514059,-0.0000311386,0.00252965,0.00423265,0.0000391881,-0.00088101,0.000227851,-0.00449818
Odisha_IN,0.00600159,-0.22494,-0.172241,0.111069,-0.00891077,0.0656154,-0.00627036,0.0139294,0.0780259,0.0505042,0.0193537,0.00404623,-0.00483841,0.0131679,-0.0206725,-0.024047,0.0143423,-0.00222859,-0.00425664,0.0271039,0.00158241,0.018042,-0.00672259,0.0101382,0.00661341
Barisal_BD,0.0421436,-0.118895,-0.144834,0.0990089,-0.0533257,0.0611445,-0.00178556,0.0107394,0.0404956,0.0246617,-0.00429549,0.000923511,-0.000455211,0.000902278,-0.00596313,-0.00620542,0.00443924,-0.00133479,-0.00225157,0.00456747,0.0008452,0.00376204,0.00152028,0.0039983,0.00139467
Maharashtra_IN,0.0357731,-0.0934289,-0.16965,0.120019,-0.0721893,0.0624714,-0.00104071,0.0153949,0.0549583,0.0367076,-0.00310871,0.0000855714,-0.002782,0.00576057,-0.00841457,-0.00517086,0.00935057,-0.00173729,-0.00287314,0.00750343,0.0041,0.002067,-0.000827429,0.002496,-0.00509786
Goa_IN,0.0414155,-0.0745937,-0.141502,0.103829,-0.0615859,0.0490601,-0.000308119,0.00970304,0.0344213,0.0207439,-0.00229706,0.000993427,-0.00223518,0.00317551,-0.00620155,-0.00703506,0.00128072,0.00123253,-0.00088878,0.00782248,0.00336987,0.00534649,-0.00336785,0.00193618,-0.00179463
Karnataka_IN,0.0399511,-0.0780276,-0.143484,0.105113,-0.0612378,0.0493619,-0.000426202,0.00996808,0.0366747,0.0223267,-0.00218345,0.00104475,-0.00222979,0.00366094,-0.00698819,-0.0075798,0.00180146,0.00120247,-0.000942605,0.00853472,0.00362133,0.00571679,-0.00358265,0.00212109,-0.00197214
Kerala_IN,0.0311648,-0.0986313,-0.155374,0.112817,-0.0591497,0.0511732,-0.0011347,0.0115584,0.0501951,0.0318233,-0.00150175,0.00135272,-0.00219744,0.00657355,-0.011708,-0.0108482,0.0049259,0.00102214,-0.00126555,0.0128081,0.00513009,0.00793861,-0.00487149,0.00323056,-0.00303716
Puducherry_IN,0.0284557,-0.0872001,-0.173928,0.110984,-0.0733675,0.0602588,-0.00274173,0.0117843,0.048513,0.0337622,-0.00266313,-0.0007492,-0.000228067,0.0060738,-0.00728373,-0.00790227,0.00206887,0.00326013,0.000519533,0.00186747,0.00425913,-0.0004698,-0.00245673,0.00100407,-0.00511727
Tamil_Nadu_IN,0.0284557,-0.0872001,-0.173928,0.110984,-0.0733675,0.0602588,-0.00274173,0.0117843,0.048513,0.0337622,-0.00266313,-0.0007492,-0.000228067,0.0060738,-0.00728373,-0.00790227,0.00206887,0.00326013,0.000519533,0.00186747,0.00425913,-0.0004698,-0.00245673,0.00100407,-0.00511727
Lakshadweep_IN,0.0326292,-0.0951974,-0.153392,0.111533,-0.0594977,0.0508713,-0.00101662,0.0112933,0.0479417,0.0302405,-0.00161537,0.00130139,-0.00220283,0.00608812,-0.0109214,-0.0103035,0.00440516,0.0010522,-0.00121173,0.0120959,0.00487863,0.0075683,-0.00465668,0.00304565,-0.00285965
Andaman_and_Nicobar_IN,0.0326292,-0.0951974,-0.153392,0.111533,-0.0594977,0.0508713,-0.00101662,0.0112933,0.0479417,0.0302405,-0.00161537,0.00130139,-0.00220283,0.00608812,-0.0109214,-0.0103035,0.00440516,0.0010522,-0.00121173,0.0120959,0.00487863,0.0075683,-0.00465668,0.00304565,-0.00285965
Addu_MV,0.0329852,-0.0950023,-0.162085,0.112565,-0.0651202,0.0552975,-0.00116098,0.0117672,0.0495413,0.0312398,-0.00229147,0.00102388,-0.00180058,0.00602705,-0.0102395,-0.00978574,0.00305561,0.000917339,-0.000627472,0.00864612,0.00427056,0.00500379,-0.00291488,0.00221189,-0.00335896
Gnaviyani_MV,0.0329852,-0.0950023,-0.162085,0.112565,-0.0651202,0.0552975,-0.00116098,0.0117672,0.0495413,0.0312398,-0.00229147,0.00102388,-0.00180058,0.00602705,-0.0102395,-0.00978574,0.00305561,0.000917339,-0.000627472,0.00864612,0.00427056,0.00500379,-0.00291488,0.00221189,-0.00335896
Gaafu_Dhaalu_MV,0.0329852,-0.0950023,-0.162085,0.112565,-0.0651202,0.0552975,-0.00116098,0.0117672,0.0495413,0.0312398,-0.00229147,0.00102388,-0.00180058,0.00602705,-0.0102395,-0.00978574,0.00305561,0.000917339,-0.000627472,0.00864612,0.00427056,0.00500379,-0.00291488,0.00221189,-0.00335896
Gaafu_Alifu_MV,0.0329852,-0.0950023,-0.162085,0.112565,-0.0651202,0.0552975,-0.00116098,0.0117672,0.0495413,0.0312398,-0.00229147,0.00102388,-0.00180058,0.00602705,-0.0102395,-0.00978574,0.00305561,0.000917339,-0.000627472,0.00864612,0.00427056,0.00500379,-0.00291488,0.00221189,-0.00335896
Alifu_Dhaalu_MV,0.0329852,-0.0950023,-0.162085,0.112565,-0.0651202,0.0552975,-0.00116098,0.0117672,0.0495413,0.0312398,-0.00229147,0.00102388,-0.00180058,0.00602705,-0.0102395,-0.00978574,0.00305561,0.000917339,-0.000627472,0.00864612,0.00427056,0.00500379,-0.00291488,0.00221189,-0.00335896
Kaafu_MV,0.0329852,-0.0950023,-0.162085,0.112565,-0.0651202,0.0552975,-0.00116098,0.0117672,0.0495413,0.0312398,-0.00229147,0.00102388,-0.00180058,0.00602705,-0.0102395,-0.00978574,0.00305561,0.000917339,-0.000627472,0.00864612,0.00427056,0.00500379,-0.00291488,0.00221189,-0.00335896
Alifu_Alifu_MV,0.0329852,-0.0950023,-0.162085,0.112565,-0.0651202,0.0552975,-0.00116098,0.0117672,0.0495413,0.0312398,-0.00229147,0.00102388,-0.00180058,0.00602705,-0.0102395,-0.00978574,0.00305561,0.000917339,-0.000627472,0.00864612,0.00427056,0.00500379,-0.00291488,0.00221189,-0.00335896
Baa_MV,0.0329852,-0.0950023,-0.162085,0.112565,-0.0651202,0.0552975,-0.00116098,0.0117672,0.0495413,0.0312398,-0.00229147,0.00102388,-0.00180058,0.00602705,-0.0102395,-0.00978574,0.00305561,0.000917339,-0.000627472,0.00864612,0.00427056,0.00500379,-0.00291488,0.00221189,-0.00335896
Lhaviyani_MV,0.0329852,-0.0950023,-0.162085,0.112565,-0.0651202,0.0552975,-0.00116098,0.0117672,0.0495413,0.0312398,-0.00229147,0.00102388,-0.00180058,0.00602705,-0.0102395,-0.00978574,0.00305561,0.000917339,-0.000627472,0.00864612,0.00427056,0.00500379,-0.00291488,0.00221189,-0.00335896
Raa_MV,0.0329852,-0.0950023,-0.162085,0.112565,-0.0651202,0.0552975,-0.00116098,0.0117672,0.0495413,0.0312398,-0.00229147,0.00102388,-0.00180058,0.00602705,-0.0102395,-0.00978574,0.00305561,0.000917339,-0.000627472,0.00864612,0.00427056,0.00500379,-0.00291488,0.00221189,-0.00335896
Shaviyani_MV,0.0329852,-0.0950023,-0.162085,0.112565,-0.0651202,0.0552975,-0.00116098,0.0117672,0.0495413,0.0312398,-0.00229147,0.00102388,-0.00180058,0.00602705,-0.0102395,-0.00978574,0.00305561,0.000917339,-0.000627472,0.00864612,0.00427056,0.00500379,-0.00291488,0.00221189,-0.00335896
Laamu_MV,0.0329852,-0.0950023,-0.162085,0.112565,-0.0651202,0.0552975,-0.00116098,0.0117672,0.0495413,0.0312398,-0.00229147,0.00102388,-0.00180058,0.00602705,-0.0102395,-0.00978574,0.00305561,0.000917339,-0.000627472,0.00864612,0.00427056,0.00500379,-0.00291488,0.00221189,-0.00335896
Thaa_MV,0.0329852,-0.0950023,-0.162085,0.112565,-0.0651202,0.0552975,-0.00116098,0.0117672,0.0495413,0.0312398,-0.00229147,0.00102388,-0.00180058,0.00602705,-0.0102395,-0.00978574,0.00305561,0.000917339,-0.000627472,0.00864612,0.00427056,0.00500379,-0.00291488,0.00221189,-0.00335896
Dhaalu_MV,0.0329852,-0.0950023,-0.162085,0.112565,-0.0651202,0.0552975,-0.00116098,0.0117672,0.0495413,0.0312398,-0.00229147,0.00102388,-0.00180058,0.00602705,-0.0102395,-0.00978574,0.00305561,0.000917339,-0.000627472,0.00864612,0.00427056,0.00500379,-0.00291488,0.00221189,-0.00335896
Meemu_MV,0.0329852,-0.0950023,-0.162085,0.112565,-0.0651202,0.0552975,-0.00116098,0.0117672,0.0495413,0.0312398,-0.00229147,0.00102388,-0.00180058,0.00602705,-0.0102395,-0.00978574,0.00305561,0.000917339,-0.000627472,0.00864612,0.00427056,0.00500379,-0.00291488,0.00221189,-0.00335896
Faafu_MV,0.0329852,-0.0950023,-0.162085,0.112565,-0.0651202,0.0552975,-0.00116098,0.0117672,0.0495413,0.0312398,-0.00229147,0.00102388,-0.00180058,0.00602705,-0.0102395,-0.00978574,0.00305561,0.000917339,-0.000627472,0.00864612,0.00427056,0.00500379,-0.00291488,0.00221189,-0.00335896
Malé_MV,0.0329852,-0.0950023,-0.162085,0.112565,-0.0651202,0.0552975,-0.00116098,0.0117672,0.0495413,0.0312398,-0.00229147,0.00102388,-0.00180058,0.00602705,-0.0102395,-0.00978574,0.00305561,0.000917339,-0.000627472,0.00864612,0.00427056,0.00500379,-0.00291488,0.00221189,-0.00335896
Noonu_MV,0.0329852,-0.0950023,-0.162085,0.112565,-0.0651202,0.0552975,-0.00116098,0.0117672,0.0495413,0.0312398,-0.00229147,0.00102388,-0.00180058,0.00602705,-0.0102395,-0.00978574,0.00305561,0.000917339,-0.000627472,0.00864612,0.00427056,0.00500379,-0.00291488,0.00221189,-0.00335896
Haa_Dhaalu_MV,0.0329852,-0.0950023,-0.162085,0.112565,-0.0651202,0.0552975,-0.00116098,0.0117672,0.0495413,0.0312398,-0.00229147,0.00102388,-0.00180058,0.00602705,-0.0102395,-0.00978574,0.00305561,0.000917339,-0.000627472,0.00864612,0.00427056,0.00500379,-0.00291488,0.00221189,-0.00335896
Haa_Alifu_MV,0.0329852,-0.0950023,-0.162085,0.112565,-0.0651202,0.0552975,-0.00116098,0.0117672,0.0495413,0.0312398,-0.00229147,0.00102388,-0.00180058,0.00602705,-0.0102395,-0.00978574,0.00305561,0.000917339,-0.000627472,0.00864612,0.00427056,0.00500379,-0.00291488,0.00221189,-0.00335896
Jharkhand_IN,0.00600159,-0.22494,-0.172241,0.111069,-0.00891077,0.0656154,-0.00627036,0.0139294,0.0780259,0.0505042,0.0193537,0.00404623,-0.00483841,0.0131679,-0.0206725,-0.024047,0.0143423,-0.00222859,-0.00425664,0.0271039,0.00158241,0.018042,-0.00672259,0.0101382,0.00661341
Delhi_IN,0.0531306,-0.0471221,-0.125648,0.0935573,-0.0643701,0.0466451,0.00063655,0.00758268,0.016394,0.0080817,-0.00320599,0.000582802,-0.00227831,-0.000707965,0.0000915688,-0.00267716,-0.0028852,0.00147297,-0.000458184,0.00212462,0.00135819,0.00238408,-0.0016494,0.000456886,-0.000374609
Dadra_and_Nagar_Haveli_and_Daman_and_Diu_IN,0.0557734,-0.0507954,-0.151536,0.107511,-0.0799717,0.0629511,-0.000858738,0.0116717,0.0312176,0.0169735,-0.00646213,0.000711505,-0.00194649,-0.000104215,0.00123291,0.000291206,-0.00116128,0.0000970748,0.0000529065,-0.00559384,0.00231832,-0.00394416,0.00194548,0.00103487,-0.00370435
Chandigarh_IN,0.0727499,0.000756298,-0.10378,0.0807225,-0.070121,0.0477081,0.00163502,0.00439915,-0.000844277,-0.00541668,-0.00576304,-0.000172191,-0.000347936,-0.00708036,0.0103725,0.0084886,-0.00394481,0.00108353,0.000772915,-0.0103881,-0.00229647,-0.00546962,0.000857468,-0.000717851,0.000428
Madhya_Pradesh_IN,0.0121728,-0.179072,-0.177582,0.122902,-0.0344423,0.0648964,-0.00451072,0.0150763,0.0791166,0.0492088,0.00839458,0.00197317,-0.00154033,0.0124434,-0.0184165,-0.0212732,0.0100686,-0.00194261,-0.0039525,0.0205446,0.00346961,0.0121111,-0.00476214,0.00809006,-0.00035925
Islamabad_Capital_Territory_PK,0.0749607,0.0173447,-0.0989837,0.0638668,-0.0686868,0.0414939,0.00241065,0.00260522,-0.00765265,-0.00870693,-0.00477888,0.000067754,-0.000184067,-0.0068784,0.0107608,0.0130434,-0.00191441,0.000385095,0.00184707,-0.00964052,-0.00105911,-0.00782106,0.000775647,-0.00552122,0.00377913
Ratnapura_LK,0.0357158,-0.0895587,-0.172151,0.112187,-0.0740761,0.061484,-0.00120041,0.0120805,0.0485606,0.0303645,-0.00347605,0.000530622,-0.0012053,0.0052073,-0.00803678,-0.008192,0.000250189,0.000760135,0.000329649,0.00240314,0.00298127,0.000601568,0.000020027,0.000683892,-0.00384168
Mŏṇarāgala_LK,0.0357158,-0.0895587,-0.172151,0.112187,-0.0740761,0.061484,-0.00120041,0.0120805,0.0485606,0.0303645,-0.00347605,0.000530622,-0.0012053,0.0052073,-0.00803678,-0.008192,0.000250189,0.000760135,0.000329649,0.00240314,0.00298127,0.000601568,0.000020027,0.000683892,-0.00384168
Kægalla_LK,0.0357158,-0.0895587,-0.172151,0.112187,-0.0740761,0.061484,-0.00120041,0.0120805,0.0485606,0.0303645,-0.00347605,0.000530622,-0.0012053,0.0052073,-0.00803678,-0.008192,0.000250189,0.000760135,0.000329649,0.00240314,0.00298127,0.000601568,0.000020027,0.000683892,-0.00384168
Badulla_LK,0.0357158,-0.0895587,-0.172151,0.112187,-0.0740761,0.061484,-0.00120041,0.0120805,0.0485606,0.0303645,-0.00347605,0.000530622,-0.0012053,0.0052073,-0.00803678,-0.008192,0.000250189,0.000760135,0.000329649,0.00240314,0.00298127,0.000601568,0.000020027,0.000683892,-0.00384168
Mātale_LK,0.0357158,-0.0895587,-0.172151,0.112187,-0.0740761,0.061484,-0.00120041,0.0120805,0.0485606,0.0303645,-0.00347605,0.000530622,-0.0012053,0.0052073,-0.00803678,-0.008192,0.000250189,0.000760135,0.000329649,0.00240314,0.00298127,0.000601568,0.000020027,0.000683892,-0.00384168
Pŏḷŏnnaruva_LK,0.0357158,-0.0895587,-0.172151,0.112187,-0.0740761,0.061484,-0.00120041,0.0120805,0.0485606,0.0303645,-0.00347605,0.000530622,-0.0012053,0.0052073,-0.00803678,-0.008192,0.000250189,0.000760135,0.000329649,0.00240314,0.00298127,0.000601568,0.000020027,0.000683892,-0.00384168
Kuruṇægala_LK,0.0357158,-0.0895587,-0.172151,0.112187,-0.0740761,0.061484,-0.00120041,0.0120805,0.0485606,0.0303645,-0.00347605,0.000530622,-0.0012053,0.0052073,-0.00803678,-0.008192,0.000250189,0.000760135,0.000329649,0.00240314,0.00298127,0.000601568,0.000020027,0.000683892,-0.00384168
Anurādhapura_LK,0.0357158,-0.0895587,-0.172151,0.112187,-0.0740761,0.061484,-0.00120041,0.0120805,0.0485606,0.0303645,-0.00347605,0.000530622,-0.0012053,0.0052073,-0.00803678,-0.008192,0.000250189,0.000760135,0.000329649,0.00240314,0.00298127,0.000601568,0.000020027,0.000683892,-0.00384168
Nuvara_Ĕliya_LK,0.0357158,-0.0895587,-0.172151,0.112187,-0.0740761,0.061484,-0.00120041,0.0120805,0.0485606,0.0303645,-0.00347605,0.000530622,-0.0012053,0.0052073,-0.00803678,-0.008192,0.000250189,0.000760135,0.000329649,0.00240314,0.00298127,0.000601568,0.000020027,0.000683892,-0.00384168
Vavuniyāva_LK,0.0375841,-0.0871747,-0.172998,0.112738,-0.0756058,0.0611737,-0.00260363,0.0132675,0.0477836,0.0303811,-0.00336833,0.000296802,-0.00129814,0.00498305,-0.00674976,-0.00546114,0.00306334,0.0000514059,-0.0000311386,0.00252965,0.00423265,0.0000391881,-0.00088101,0.000227851,-0.00449818
Mahanuvara_LK,0.0357158,-0.0895587,-0.172151,0.112187,-0.0740761,0.061484,-0.00120041,0.0120805,0.0485606,0.0303645,-0.00347605,0.000530622,-0.0012053,0.0052073,-0.00803678,-0.008192,0.000250189,0.000760135,0.000329649,0.00240314,0.00298127,0.000601568,0.000020027,0.000683892,-0.00384168
Chhattisgarh_IN,0.0121728,-0.179072,-0.177582,0.122902,-0.0344423,0.0648964,-0.00451072,0.0150763,0.0791166,0.0492088,0.00839458,0.00197317,-0.00154033,0.0124434,-0.0184165,-0.0212732,0.0100686,-0.00194261,-0.0039525,0.0205446,0.00346961,0.0121111,-0.00476214,0.00809006,-0.00035925
Haryana_IN,0.0727499,0.000756298,-0.10378,0.0807225,-0.070121,0.0477081,0.00163502,0.00439915,-0.000844277,-0.00541668,-0.00576304,-0.000172191,-0.000347936,-0.00708036,0.0103725,0.0084886,-0.00394481,0.00108353,0.000772915,-0.0103881,-0.00229647,-0.00546962,0.000857468,-0.000717851,0.000428
Jammu_and_Kashmir_IN,0.06805,-0.01672,-0.111843,0.0736671,-0.0714749,0.0471425,0.00149393,0.00484593,-0.000175286,-0.00260325,-0.00793954,-0.000401393,0.000387607,-0.00609961,0.00598139,0.00695146,-0.000465571,-0.00059725,0.000210964,-0.00607432,-0.000855679,-0.00362129,0.000528286,-0.00144157,0.00137718
Ladakh_IN,0.0218916,-0.390183,-0.0058118,-0.0268264,0.0115553,0.00687827,0.00706612,0.00697264,0.00462939,0.0121838,-0.077507,-0.00976038,0.0102167,-0.00410612,-0.00900871,-0.00401695,0.0032429,-0.00208784,-0.00812211,0.00642232,-0.000519217,0.0256056,0.00549821,0.00097975,0.0353702
Andhra_Pradesh_IN,0.0416614,-0.0803584,-0.172662,0.111448,-0.0786215,0.0630835,-0.00112713,0.0127623,0.043147,0.027656,-0.00436642,0.00067438,-0.000925019,0.00404587,-0.00537607,-0.00346082,0.00349022,0.0000645648,-0.000261852,0.00122747,0.00347765,-0.000537028,0.000241926,0.000515435,-0.00322323
Telangana_IN,0.0416614,-0.0803584,-0.172662,0.111448,-0.0786215,0.0630835,-0.00112713,0.0127623,0.043147,0.027656,-0.00436642,0.00067438,-0.000925019,0.00404587,-0.00537607,-0.00346082,0.00349022,0.0000645648,-0.000261852,0.00122747,0.00347765,-0.000537028,0.000241926,0.000515435,-0.00322323
Dhaka_BD,0.0421436,-0.118895,-0.144834,0.0990089,-0.0533257,0.0611445,-0.00178556,0.0107394,0.0404956,0.0246617,-0.00429549,0.000923511,-0.000455211,0.000902278,-0.00596313,-0.00620542,0.00443924,-0.00133479,-0.00225157,0.00456747,0.0008452,0.00376204,0.00152028,0.0039983,0.00139467
Mymensingh_BD,0.0424079,-0.118256,-0.143969,0.0985031,-0.0532088,0.0610068,-0.00163254,0.0105845,0.0398811,0.0242896,-0.00425427,0.000858525,-0.000482729,0.000870085,-0.00551611,-0.00598842,0.00403897,-0.00126906,-0.00210457,0.00432767,0.000755267,0.0038025,0.00148346,0.00398928,0.00149729
Khyber_Pakhtunkhwa_PK,0.0819241,0.0279231,-0.0822547,0.0542326,-0.0632638,0.0354528,0.00325507,0.00199604,-0.0178508,-0.015114,-0.00539497,0.000329449,-0.000507472,-0.0091284,0.012001,0.0140026,-0.00102597,0.00061753,0.00195354,-0.00971225,-0.00334834,-0.00587679,0.00146441,-0.00215249,0.00417316
